               epoch,      train/box_loss,      train/obj_loss,      train/cls_loss, train/cls_task_loss,train/constraint_loss,   metrics/precision,      metrics/recall,     metrics/mAP_0.5,metrics/mAP_0.5:0.95,        val/box_loss,        val/obj_loss,        val/cls_loss,   val/cls_task_loss, val/constraint_loss,               x/lr0,               x/lr1,               x/lr2
                   0,              0.1123,            0.014278,            0.052747,              1.1209,                   0,                   0,                   0,                   0,                   0,              0.1149,            0.011578,            0.054529,               1.127,                   0,              0.0937,              0.0007,              0.0007
                   1,             0.11194,            0.014299,            0.052608,              1.1231,                   0,                   0,                   0,                   0,                   0,             0.11447,            0.011644,            0.054395,              1.1279,                   0,            0.086496,           0.0014955,           0.0014955
                   2,             0.11235,            0.014236,            0.052568,              1.1223,                   0,          9.0401e-05,            0.048246,          5.4041e-05,          1.1248e-05,             0.11366,            0.011723,            0.054419,              1.1309,                   0,            0.079286,           0.0022862,           0.0022862
                   3,             0.11195,            0.014334,            0.052509,               1.121,                   0,          9.0401e-05,            0.048246,          6.2592e-05,          1.3055e-05,             0.11354,            0.011687,            0.054077,              1.1328,                   0,            0.072072,           0.0030721,           0.0030721
                   4,             0.11154,            0.014318,            0.052282,              1.1208,                   0,          9.0401e-05,            0.048246,          5.4244e-05,          1.0819e-05,             0.11338,            0.011737,            0.053821,              1.1309,                   0,            0.064853,           0.0038532,           0.0038532
                   5,             0.11082,            0.014442,            0.051979,              1.1186,                   0,          9.0401e-05,            0.048246,          6.2663e-05,          1.2259e-05,             0.11245,            0.011819,             0.05387,               1.123,                   0,             0.05763,           0.0046295,           0.0046295
                   6,             0.11047,            0.014419,             0.05213,              1.1179,                   0,          9.0401e-05,            0.048246,          5.9795e-05,            1.23e-05,             0.11184,             0.01189,            0.053638,              1.1289,                   0,            0.050401,            0.005401,            0.005401
                   7,              0.1098,            0.014501,            0.051663,              1.1212,                   0,          9.0401e-05,            0.048246,          5.5376e-05,          1.1617e-05,             0.11098,            0.011999,            0.052759,              1.1279,                   0,            0.043168,           0.0061677,           0.0061677
                   8,             0.10878,            0.014583,             0.05115,              1.1177,                   0,          0.00017381,             0.10594,          0.00010837,          2.0145e-05,             0.10982,            0.012077,            0.051685,               1.127,                   0,             0.03593,           0.0069296,           0.0069296
                   9,             0.10821,            0.014659,            0.050617,              1.1241,                   0,          0.00018138,             0.11471,          0.00011366,          2.0272e-05,             0.10855,            0.012227,            0.051636,               1.124,                   0,            0.028687,           0.0076867,           0.0076867
                  10,             0.10739,            0.014731,             0.05012,               1.122,                   0,          0.00017782,             0.11471,          0.00011587,           2.189e-05,             0.10696,            0.012403,             0.05105,              1.1279,                   0,            0.021439,            0.008439,            0.008439
                  11,              0.1065,             0.01488,            0.050092,              1.1194,                   0,           0.0001823,              0.1191,          0.00012246,          2.2481e-05,              0.1052,            0.012623,            0.050659,              1.1201,                   0,            0.014186,           0.0091865,           0.0091865
                  12,             0.10511,            0.015002,            0.049781,              1.1199,                   0,          0.00020895,             0.13833,          0.00014095,          2.4461e-05,             0.10436,            0.012649,            0.050574,              1.1211,                   0,             0.00964,             0.00964,             0.00964
                  13,             0.10427,            0.015043,            0.049104,               1.117,                   0,          0.00015681,            0.089406,          0.00010652,           1.873e-05,             0.10398,            0.012647,            0.049854,              1.1201,                   0,             0.00964,             0.00964,             0.00964
                  14,             0.10348,            0.015118,            0.049067,              1.1138,                   0,           0.0001817,             0.10864,          0.00012477,          2.5124e-05,             0.10348,            0.012676,            0.049146,              1.1152,                   0,             0.00961,             0.00961,             0.00961
                  15,             0.10232,            0.015234,            0.047997,              1.1085,                   0,          0.00013149,            0.070175,          9.2553e-05,          1.8665e-05,             0.10185,            0.012821,            0.048755,              1.1074,                   0,             0.00958,             0.00958,             0.00958
                  16,             0.10113,            0.015353,            0.048053,              1.1076,                   0,          0.00013149,            0.070175,           9.103e-05,          1.9618e-05,             0.10113,            0.012915,            0.048328,              1.1074,                   0,             0.00955,             0.00955,             0.00955
                  17,             0.10099,            0.015323,            0.047511,              1.1033,                   0,          0.00013971,            0.074561,          9.9645e-05,          2.1128e-05,             0.10003,            0.013039,            0.047668,              1.1006,                   0,             0.00952,             0.00952,             0.00952
                  18,            0.099765,            0.015426,            0.047152,              1.1038,                   0,          0.00015539,            0.078349,           0.0019762,          0.00039646,            0.099484,            0.013056,            0.047156,              1.0996,                   0,             0.00949,             0.00949,             0.00949
                  19,            0.099324,            0.015464,             0.04686,              1.1026,                   0,          0.00018868,            0.093194,          0.00012583,          3.1038e-05,            0.098564,            0.013142,            0.046558,              1.0967,                   0,             0.00946,             0.00946,             0.00946
                  20,            0.098269,            0.015586,            0.046349,              1.1022,                   0,           0.0006649,            0.098278,          0.00053088,           0.0001562,            0.097071,            0.013292,            0.046387,              1.0947,                   0,             0.00943,             0.00943,             0.00943
                  21,            0.097115,            0.015657,            0.046033,              1.1013,                   0,            0.001255,             0.12449,           0.0011461,          0.00031089,            0.096213,             0.01334,             0.04624,              1.0938,                   0,              0.0094,              0.0094,              0.0094
                  22,             0.09667,            0.015726,            0.045799,              1.0968,                   0,           0.0013529,               0.215,            0.007942,          0.00094424,            0.094513,            0.013524,            0.045703,              1.0918,                   0,             0.00937,             0.00937,             0.00937
                  23,            0.095454,            0.015815,            0.045498,              1.0912,                   0,          0.00083543,             0.23513,           0.0018125,          0.00026392,            0.092951,             0.01369,            0.045374,              1.0908,                   0,             0.00934,             0.00934,             0.00934
                  24,            0.093937,            0.015942,            0.045115,              1.0907,                   0,          0.00079337,             0.20843,          0.00087232,          0.00018452,            0.090732,            0.013959,            0.044885,              1.0889,                   0,             0.00931,             0.00931,             0.00931
                  25,             0.09189,            0.016189,            0.044999,              1.0865,                   0,          0.00068147,             0.19836,           0.0006102,          0.00011484,            0.088593,             0.01418,            0.044543,              1.0869,                   0,             0.00928,             0.00928,             0.00928
                  26,             0.09067,            0.016296,            0.044522,              1.0831,                   0,           0.0013792,             0.18929,          0.00089313,          0.00030302,            0.085951,            0.014441,            0.043982,              1.0781,                   0,             0.00925,             0.00925,             0.00925
                  27,            0.088713,            0.016482,            0.044452,              1.0853,                   0,            0.002033,             0.21888,           0.0013629,          0.00024691,            0.082975,            0.014813,            0.043774,              1.0732,                   0,             0.00922,             0.00922,             0.00922
                  28,            0.086113,            0.016741,            0.043922,              1.0799,                   0,           0.0036514,            0.097879,             0.00221,          0.00063276,            0.078163,            0.015395,             0.04342,              1.0693,                   0,             0.00919,             0.00919,             0.00919
                  29,            0.083263,            0.017023,            0.043738,              1.0829,                   0,           0.0023636,             0.11721,           0.0017558,          0.00038567,            0.075276,            0.015638,            0.043237,              1.0654,                   0,             0.00916,             0.00916,             0.00916
                  30,            0.081511,            0.017176,            0.043443,              1.0743,                   0,           0.0070085,             0.19504,           0.0044668,          0.00076849,             0.07412,            0.015632,            0.042285,              1.0654,                   0,             0.00913,             0.00913,             0.00913
                  31,            0.078489,            0.017483,            0.042409,               1.069,                   0,            0.011048,             0.17412,            0.007614,           0.0011617,            0.072785,             0.01565,            0.041357,              1.0605,                   0,              0.0091,              0.0091,              0.0091
                  32,            0.076117,            0.017532,            0.041519,              1.0668,                   0,            0.017148,             0.17943,            0.014862,           0.0029951,            0.071896,            0.015547,            0.040112,              1.0527,                   0,             0.00907,             0.00907,             0.00907
                  33,            0.074871,            0.017441,            0.040374,              1.0578,                   0,            0.012172,             0.42591,             0.01659,           0.0038036,            0.070472,            0.015468,            0.038934,              1.0439,                   0,             0.00904,             0.00904,             0.00904
                  34,            0.072365,            0.017487,            0.039033,              1.0409,                   0,           0.0085318,             0.70149,             0.01886,           0.0045595,            0.069657,            0.015224,            0.037299,              1.0244,                   0,             0.00901,             0.00901,             0.00901
                  35,            0.071429,            0.017163,            0.038135,              1.0306,                   0,           0.0056641,             0.77015,             0.01947,           0.0052434,            0.066485,            0.015211,            0.035901,             0.99707,                   0,             0.00898,             0.00898,             0.00898
                  36,            0.069084,            0.017063,            0.036576,              1.0096,                   0,            0.020005,              0.1848,            0.020099,           0.0048314,            0.064966,            0.015028,            0.034491,             0.95947,                   0,             0.00895,             0.00895,             0.00895
                  37,            0.067965,            0.016856,            0.035455,             0.98271,                   0,             0.77984,            0.034091,            0.029157,           0.0084122,            0.065009,            0.014742,            0.033453,             0.92871,                   0,             0.00892,             0.00892,             0.00892
                  38,            0.066611,            0.016696,            0.034584,             0.98102,                   0,            0.074188,             0.10098,            0.039741,             0.01026,            0.065313,            0.014584,            0.032153,             0.89062,                   0,             0.00889,             0.00889,             0.00889
                  39,            0.064983,             0.01658,            0.033127,             0.93329,                   0,              0.3579,             0.12613,            0.053697,             0.01522,            0.064332,            0.014434,            0.031458,               0.875,                   0,             0.00886,             0.00886,             0.00886
                  40,             0.06345,            0.016529,            0.032321,             0.91732,                   0,             0.34301,             0.10098,            0.039221,            0.011535,            0.063419,             0.01436,            0.030334,             0.85547,                   0,             0.00883,             0.00883,             0.00883
                  41,            0.062551,            0.016356,            0.031046,             0.87738,                   0,             0.76636,            0.094697,            0.049122,            0.011989,            0.063312,            0.014086,            0.029565,             0.81494,                   0,              0.0088,              0.0088,              0.0088
                  42,            0.061124,            0.016151,            0.029869,             0.84689,                   0,             0.26689,             0.14015,             0.06043,            0.016426,            0.064654,            0.013769,            0.028949,             0.79053,                   0,             0.00877,             0.00877,             0.00877
                  43,            0.060747,            0.016004,            0.028945,             0.83205,                   0,             0.28903,            0.070158,            0.044598,            0.010831,            0.061308,            0.013906,            0.028046,             0.75928,                   0,             0.00874,             0.00874,             0.00874
                  44,            0.059791,            0.015882,            0.028039,             0.79856,                   0,             0.56178,            0.066808,            0.047722,            0.012497,            0.063658,            0.013517,            0.027289,             0.74902,                   0,             0.00871,             0.00871,             0.00871
                  45,            0.059061,            0.015773,            0.026587,             0.78931,                   0,             0.62903,            0.051037,            0.053346,            0.011852,            0.060069,            0.013625,            0.025702,             0.69092,                   0,             0.00868,             0.00868,             0.00868
                  46,            0.057851,            0.015535,            0.025258,             0.75681,                   0,             0.32361,            0.038278,            0.028853,           0.0068625,            0.061557,            0.013358,            0.024902,             0.66504,                   0,             0.00865,             0.00865,             0.00865
                  47,            0.057831,            0.015434,            0.024404,             0.74045,                   0,             0.56486,            0.020734,            0.030442,           0.0075372,            0.061785,            0.013185,            0.024176,             0.63037,                   0,             0.00862,             0.00862,             0.00862
                  48,            0.056634,            0.015286,            0.022962,             0.68696,                   0,             0.36319,            0.049771,            0.047837,             0.01169,            0.062302,            0.013116,             0.02384,             0.62109,                   0,             0.00859,             0.00859,             0.00859
                  49,            0.056372,             0.01513,            0.022525,             0.67423,                   0,             0.26742,            0.030702,            0.038935,           0.0092443,            0.060081,            0.013011,            0.022668,             0.58496,                   0,             0.00856,             0.00856,             0.00856
                  50,            0.055475,            0.014966,            0.021265,             0.65207,                   0,             0.52584,            0.035088,            0.051755,            0.011529,            0.061039,            0.012844,            0.022546,             0.56445,                   0,             0.00853,             0.00853,             0.00853
                  51,            0.055343,            0.014894,            0.021003,             0.63803,                   0,           0.0043989,             0.88818,            0.049302,            0.013394,            0.060105,              0.0129,            0.022119,              0.5332,                   0,              0.0085,              0.0085,              0.0085
                  52,            0.053787,            0.014802,             0.02007,             0.59965,                   0,             0.77003,           0.0087719,            0.043809,             0.01025,            0.061117,            0.012557,            0.021881,             0.52441,                   0,             0.00847,             0.00847,             0.00847
                  53,            0.053468,            0.014598,            0.019503,             0.56758,                   0,             0.76278,           0.0087719,            0.041899,            0.010884,             0.05851,            0.012515,             0.02146,             0.50244,                   0,             0.00844,             0.00844,             0.00844
                  54,            0.052422,            0.014514,            0.019334,              0.5654,                   0,            0.043383,            0.054001,            0.039683,           0.0091153,            0.056244,            0.012621,            0.020715,             0.48584,                   0,             0.00841,             0.00841,             0.00841
                  55,            0.051923,            0.014449,            0.018888,             0.56032,                   0,           0.0047557,             0.90362,            0.038875,           0.0098211,            0.056663,            0.012484,            0.021173,             0.45508,                   0,             0.00838,             0.00838,             0.00838
                  56,            0.052544,             0.01436,            0.018588,             0.52644,                   0,           0.0046196,             0.93461,            0.038703,            0.010226,            0.056788,            0.012359,            0.020795,             0.43701,                   0,             0.00835,             0.00835,             0.00835
                  57,            0.051898,            0.014163,            0.018125,             0.50548,                   0,            0.007975,             0.88598,            0.048811,            0.013354,            0.059303,            0.012115,            0.019928,             0.42969,                   0,             0.00832,             0.00832,             0.00832
                  58,            0.051456,            0.014155,             0.01787,              0.4908,                   0,           0.0044866,             0.91528,            0.056875,            0.014803,            0.058368,            0.012144,            0.019965,             0.42407,                   0,             0.00829,             0.00829,             0.00829
                  59,             0.05068,            0.014042,            0.017752,             0.47124,                   0,           0.0044121,             0.92006,            0.036689,           0.0091412,            0.054848,            0.012225,            0.019739,             0.40845,                   0,             0.00826,             0.00826,             0.00826
                  60,            0.050157,             0.01385,            0.017263,             0.44977,                   0,           0.0046056,              0.9389,            0.045944,            0.010521,            0.054794,            0.012147,             0.01955,             0.42383,                   0,             0.00823,             0.00823,             0.00823
                  61,            0.049288,            0.013829,            0.016923,             0.43577,                   0,           0.0042125,              0.9078,            0.041054,           0.0098666,             0.05956,            0.011911,            0.019421,             0.40503,                   0,              0.0082,              0.0082,              0.0082
                  62,            0.049396,            0.013743,            0.016711,             0.42582,                   0,           0.0043785,             0.92604,            0.061557,            0.014485,             0.05557,            0.011952,            0.018829,             0.38501,                   0,             0.00817,             0.00817,             0.00817
                  63,            0.049345,            0.013613,            0.016481,             0.40866,                   0,           0.0048028,             0.94149,            0.063159,            0.014425,             0.05487,            0.011815,            0.018738,             0.34521,                   0,             0.00814,             0.00814,             0.00814
                  64,            0.047842,            0.013487,            0.016116,             0.39863,                   0,           0.0043389,             0.95215,            0.050883,            0.011847,            0.055302,            0.011811,            0.019434,             0.35083,                   0,             0.00811,             0.00811,             0.00811
                  65,            0.047914,             0.01349,            0.016227,             0.38876,                   0,           0.0043035,             0.91368,            0.034502,           0.0084339,            0.054197,            0.011794,            0.018488,              0.3335,                   0,             0.00808,             0.00808,             0.00808
                  66,            0.047356,            0.013291,             0.01584,              0.3628,                   0,           0.0045913,              0.8774,            0.036318,           0.0089217,            0.053342,            0.011714,            0.018753,             0.32031,                   0,             0.00805,             0.00805,             0.00805
                  67,            0.047187,            0.013352,            0.015771,             0.37533,                   0,           0.0042885,              0.8791,            0.051842,            0.013231,            0.054081,            0.011649,            0.018738,             0.32495,                   0,             0.00802,             0.00802,             0.00802
                  68,            0.046957,            0.013217,            0.015726,             0.36492,                   0,            0.029611,             0.53523,             0.07713,            0.019007,            0.057689,            0.011537,            0.018341,             0.30811,                   0,             0.00799,             0.00799,             0.00799
                  69,            0.046659,            0.013177,            0.015421,             0.33176,                   0,            0.076684,             0.27361,            0.074079,            0.018309,            0.057558,            0.011506,            0.018274,             0.30249,                   0,             0.00796,             0.00796,             0.00796
                  70,            0.046251,            0.013043,            0.015347,             0.31743,                   0,           0.0045349,             0.86374,            0.044832,            0.011415,            0.052404,             0.01159,            0.018124,             0.27661,                   0,             0.00793,             0.00793,             0.00793
                  71,            0.045253,             0.01298,            0.015011,             0.30947,                   0,           0.0050337,             0.90332,            0.056272,            0.012596,             0.05464,            0.011541,            0.018539,             0.28687,                   0,              0.0079,              0.0079,              0.0079
                  72,            0.045359,            0.012986,            0.015366,             0.33137,                   0,           0.0047574,             0.94149,            0.066645,            0.016672,            0.053666,            0.011504,            0.019302,             0.29468,                   0,             0.00787,             0.00787,             0.00787
                  73,            0.045139,            0.013016,            0.015221,             0.30399,                   0,             0.15984,              0.2279,            0.073095,             0.01893,            0.057388,            0.011374,             0.01853,             0.28638,                   0,             0.00784,             0.00784,             0.00784
                  74,            0.045457,            0.012864,            0.015014,             0.30172,                   0,           0.0041657,             0.90999,            0.071077,             0.01981,            0.052391,             0.01154,             0.01778,             0.26855,                   0,             0.00781,             0.00781,             0.00781
                  75,            0.044923,            0.012747,            0.014923,             0.29163,                   0,            0.004702,              0.9364,            0.073487,            0.019448,            0.053056,            0.011551,             0.01788,             0.26953,                   0,             0.00778,             0.00778,             0.00778
                  76,            0.044229,            0.012716,            0.014616,             0.28204,                   0,           0.0044851,             0.89066,             0.05306,            0.013173,            0.053441,            0.011356,            0.017462,             0.24377,                   0,             0.00775,             0.00775,             0.00775
                  77,            0.044371,            0.012558,            0.014444,             0.27689,                   0,            0.004838,             0.91816,            0.077969,            0.018665,             0.05107,            0.011419,            0.018423,             0.27246,                   0,             0.00772,             0.00772,             0.00772
                  78,            0.043108,             0.01261,             0.01474,             0.29368,                   0,             0.14369,             0.10774,            0.091155,            0.020498,            0.053642,            0.011213,            0.017303,             0.23572,                   0,             0.00769,             0.00769,             0.00769
                  79,            0.042968,            0.012504,            0.014625,             0.27554,                   0,             0.65369,            0.020833,            0.061572,            0.015124,            0.051556,            0.011361,            0.017728,             0.25171,                   0,             0.00766,             0.00766,             0.00766
                  80,            0.042413,            0.012467,            0.014827,             0.26936,                   0,             0.54129,            0.064394,            0.049403,            0.012554,             0.05233,            0.011255,            0.017307,             0.23169,                   0,             0.00763,             0.00763,             0.00763
                  81,            0.042107,            0.012373,            0.014449,             0.24943,                   0,            0.004467,             0.90809,            0.061792,            0.016587,            0.053856,            0.011058,            0.017557,             0.24219,                   0,              0.0076,              0.0076,              0.0076
                  82,            0.043351,            0.012331,            0.014423,              0.2531,                   0,             0.00474,             0.91378,             0.08228,            0.021645,            0.055591,            0.011169,            0.017474,             0.22876,                   0,             0.00757,             0.00757,             0.00757
                  83,            0.042987,            0.012228,            0.014106,             0.21778,                   0,             0.59395,            0.011262,             0.10811,            0.028659,            0.053411,            0.011134,            0.017255,             0.22656,                   0,             0.00754,             0.00754,             0.00754
                  84,            0.041836,            0.012258,            0.014126,             0.23234,                   0,             0.10632,             0.02102,             0.09641,            0.027024,            0.051202,            0.011276,            0.016968,             0.20593,                   0,             0.00751,             0.00751,             0.00751
                  85,            0.042666,            0.012075,            0.014281,             0.24739,                   0,           0.0048409,             0.92893,            0.095537,            0.023779,            0.051598,            0.011287,            0.017007,             0.21045,                   0,             0.00748,             0.00748,             0.00748
                  86,            0.041752,            0.012215,            0.014284,             0.21541,                   0,            0.060293,             0.41814,              0.1024,            0.027449,            0.051362,            0.011208,            0.017264,             0.20654,                   0,             0.00745,             0.00745,             0.00745
                  87,            0.043261,            0.012196,            0.014255,             0.22531,                   0,             0.60943,            0.054924,             0.10487,            0.023497,            0.052814,            0.011145,            0.017267,             0.20251,                   0,             0.00742,             0.00742,             0.00742
                  88,            0.040543,            0.012178,            0.014281,             0.21561,                   0,             0.33127,            0.020833,            0.076023,             0.01861,            0.052359,            0.011013,            0.016718,             0.17517,                   0,             0.00739,             0.00739,             0.00739
                  89,            0.040361,            0.012016,            0.014122,             0.21773,                   0,             0.61852,            0.028918,            0.073811,            0.020761,            0.055127,             0.01096,            0.017169,              0.1864,                   0,             0.00736,             0.00736,             0.00736
                  90,            0.040687,            0.011956,             0.01418,             0.20562,                   0,             0.57451,           0.0094697,            0.070605,            0.019081,            0.052495,             0.01113,            0.017172,             0.20178,                   0,             0.00733,             0.00733,             0.00733
                  91,            0.040069,            0.011943,            0.014026,              0.1968,                   0,            0.095527,             0.14693,            0.063962,            0.018827,            0.052756,            0.011008,            0.016949,             0.18872,                   0,              0.0073,              0.0073,              0.0073
                  92,            0.040324,            0.011843,            0.014055,             0.19494,                   0,             0.54233,            0.056818,            0.061604,             0.01658,            0.052264,            0.010927,            0.016812,             0.18469,                   0,             0.00727,             0.00727,             0.00727
                  93,            0.039022,            0.011823,            0.013867,             0.18751,                   0,              0.3592,            0.058712,            0.079769,             0.02264,            0.052347,            0.011005,            0.017392,             0.19971,                   0,             0.00724,             0.00724,             0.00724
                  94,            0.039309,            0.011833,            0.013968,             0.19376,                   0,             0.14493,             0.11045,             0.12565,            0.032785,            0.051574,            0.011085,            0.017133,              0.2085,                   0,             0.00721,             0.00721,             0.00721
                  95,            0.038739,            0.011825,            0.013939,             0.18522,                   0,             0.64418,            0.043561,             0.11004,            0.030042,            0.053887,            0.011003,            0.016968,             0.17554,                   0,             0.00718,             0.00718,             0.00718
                  96,            0.038575,            0.011827,            0.013972,             0.18369,                   0,             0.14601,            0.074157,            0.078861,            0.020799,             0.05345,             0.01091,            0.016653,             0.17126,                   0,             0.00715,             0.00715,             0.00715
                  97,            0.038678,            0.011695,            0.014113,             0.17974,                   0,             0.47105,             0.13316,            0.095296,            0.025474,            0.056747,            0.010852,            0.017209,             0.17578,                   0,             0.00712,             0.00712,             0.00712
                  98,            0.038976,             0.01159,            0.013697,             0.17356,                   0,             0.20956,             0.10316,             0.10009,            0.028231,            0.052119,            0.011105,             0.01687,             0.18201,                   0,             0.00709,             0.00709,             0.00709
                  99,            0.038611,            0.011649,            0.013981,             0.16857,                   0,             0.34009,            0.095586,             0.12142,            0.034861,            0.052218,            0.011216,            0.016925,             0.17004,                   0,             0.00706,             0.00706,             0.00706
                 100,            0.039276,            0.011713,            0.013971,              0.1607,                   0,             0.44808,            0.070835,            0.098623,            0.028501,            0.052763,            0.011127,            0.016742,             0.16919,                   0,             0.00703,             0.00703,             0.00703
                 101,            0.037789,            0.011521,            0.013642,             0.17055,                   0,             0.64061,             0.10985,            0.091298,            0.023525,            0.052844,            0.010939,            0.016595,             0.14502,                   0,               0.007,               0.007,               0.007
                 102,            0.038312,            0.011438,            0.013699,             0.15899,                   0,             0.53754,            0.054226,            0.083856,            0.027256,            0.051877,            0.011147,            0.016998,             0.16406,                   0,             0.00697,             0.00697,             0.00697
                 103,            0.037307,            0.011416,            0.013521,             0.15051,                   0,             0.50451,            0.069976,            0.095388,            0.029634,            0.053505,            0.011071,            0.016864,             0.15173,                   0,             0.00694,             0.00694,             0.00694
                 104,            0.037233,            0.011452,            0.013776,              0.1628,                   0,             0.45703,             0.07506,            0.094426,            0.028024,             0.05369,            0.011192,            0.017163,             0.16992,                   0,             0.00691,             0.00691,             0.00691
                 105,            0.036567,            0.011317,            0.013742,             0.15038,                   0,               0.443,            0.097787,             0.14354,            0.042394,            0.052448,            0.011114,            0.017007,             0.16223,                   0,             0.00688,             0.00688,             0.00688
                 106,            0.036638,            0.011319,            0.013606,             0.15219,                   0,             0.34222,             0.12179,             0.12623,            0.044944,             0.05536,            0.010989,            0.016843,             0.16638,                   0,             0.00685,             0.00685,             0.00685
                 107,             0.03672,            0.011414,            0.013664,             0.13741,                   0,             0.46472,            0.038805,            0.086276,            0.024113,            0.050904,            0.010879,             0.01658,             0.14539,                   0,             0.00682,             0.00682,             0.00682
                 108,            0.037254,             0.01126,            0.013686,             0.14128,                   0,             0.47342,            0.047945,             0.10063,            0.030721,            0.048806,            0.011013,            0.016309,              0.1405,                   0,             0.00679,             0.00679,             0.00679
                 109,            0.037825,            0.011225,            0.013566,             0.14035,                   0,             0.63147,            0.048284,            0.097956,            0.031685,            0.051977,             0.01119,            0.017416,             0.15442,                   0,             0.00676,             0.00676,             0.00676
                 110,            0.035913,            0.011348,            0.013628,             0.14231,                   0,             0.38307,             0.11445,             0.13752,            0.046438,            0.053009,            0.011082,            0.016888,             0.15442,                   0,             0.00673,             0.00673,             0.00673
                 111,             0.03726,            0.011211,            0.013617,             0.14085,                   0,             0.24371,            0.095509,             0.10993,            0.027071,            0.050163,            0.011245,            0.017529,             0.17017,                   0,              0.0067,              0.0067,              0.0067
                 112,            0.036959,            0.011243,            0.013589,             0.13658,                   0,             0.38383,            0.079938,            0.092243,             0.02636,            0.051932,            0.011018,             0.01694,             0.14294,                   0,             0.00667,             0.00667,             0.00667
                 113,            0.035769,             0.01123,            0.013684,             0.14905,                   0,             0.62672,            0.081439,             0.10309,             0.03232,            0.052707,            0.010971,            0.017035,             0.16553,                   0,             0.00664,             0.00664,             0.00664
                 114,            0.035945,            0.011159,            0.013676,             0.12579,                   0,             0.60207,            0.088317,             0.10224,            0.026104,            0.052616,             0.01105,            0.017081,             0.14893,                   0,             0.00661,             0.00661,             0.00661
                 115,            0.036007,            0.011083,            0.013664,             0.13214,                   0,             0.43011,            0.090211,              0.1032,            0.029993,            0.052177,            0.011034,             0.01658,             0.14612,                   0,             0.00658,             0.00658,             0.00658
                 116,            0.034791,            0.011026,            0.013509,             0.11995,                   0,             0.61006,            0.074462,            0.098263,            0.028624,            0.053296,            0.011029,            0.017004,             0.14783,                   0,             0.00655,             0.00655,             0.00655
                 117,            0.035756,            0.011112,            0.013629,             0.12586,                   0,             0.49892,             0.11983,             0.11125,            0.028614,            0.053567,            0.010989,            0.016907,             0.12537,                   0,             0.00652,             0.00652,             0.00652
                 118,            0.034932,             0.01101,            0.013492,             0.11229,                   0,             0.50082,             0.12041,             0.16264,            0.043971,            0.054227,            0.011092,            0.017004,             0.13403,                   0,             0.00649,             0.00649,             0.00649
                 119,            0.035184,              0.0109,            0.013444,             0.12449,                   0,             0.48047,            0.093826,             0.15765,            0.045273,            0.052805,            0.011192,            0.017206,             0.14209,                   0,             0.00646,             0.00646,             0.00646
                 120,            0.035162,             0.01098,            0.013487,             0.11348,                   0,             0.26979,            0.096527,             0.13266,            0.037206,            0.053546,            0.011034,            0.017142,             0.13428,                   0,             0.00643,             0.00643,             0.00643
                 121,            0.035075,            0.010865,              0.0135,             0.12164,                   0,             0.40295,            0.079953,             0.12758,            0.035232,             0.05114,            0.011092,            0.017044,             0.14685,                   0,              0.0064,              0.0064,              0.0064
                 122,            0.034341,            0.010957,            0.013551,              0.1252,                   0,             0.23429,              0.1409,             0.13722,            0.040332,            0.052365,            0.010993,             0.01702,             0.13501,                   0,             0.00637,             0.00637,             0.00637
                 123,            0.035342,            0.010958,            0.013627,              0.1136,                   0,             0.28027,             0.20629,             0.20487,            0.075536,            0.053469,            0.010952,            0.016849,             0.13464,                   0,             0.00634,             0.00634,             0.00634
                 124,            0.034845,            0.010892,            0.013418,              0.1176,                   0,             0.40159,               0.125,             0.14779,            0.044103,            0.050495,            0.010926,            0.016617,             0.12537,                   0,             0.00631,             0.00631,             0.00631
                 125,            0.035163,            0.010822,            0.013411,             0.11221,                   0,             0.37638,             0.16078,             0.19663,            0.073299,            0.053365,            0.010981,            0.016971,             0.13501,                   0,             0.00628,             0.00628,             0.00628
                 126,             0.03362,             0.01072,            0.013365,             0.11666,                   0,             0.36912,             0.17428,             0.16524,             0.05623,            0.052014,            0.011029,            0.016928,             0.12988,                   0,             0.00625,             0.00625,             0.00625
                 127,             0.03393,            0.010902,            0.013418,             0.11732,                   0,             0.25053,            0.076954,             0.11927,             0.03754,            0.050951,             0.01105,            0.016602,             0.12695,                   0,             0.00622,             0.00622,             0.00622
                 128,            0.033152,            0.010844,            0.013407,             0.10487,                   0,             0.22875,             0.10038,             0.11356,            0.034807,            0.052158,            0.011209,            0.016684,             0.12805,                   0,             0.00619,             0.00619,             0.00619
                 129,            0.033812,            0.010737,            0.013403,             0.10514,                   0,             0.40415,             0.16857,              0.1949,            0.058265,            0.050555,            0.011139,            0.016965,             0.12048,                   0,             0.00616,             0.00616,             0.00616
                 130,            0.032935,            0.010732,            0.013478,             0.10185,                   0,             0.35871,             0.17601,              0.1744,            0.051392,            0.051182,            0.011037,            0.016751,             0.12146,                   0,             0.00613,             0.00613,             0.00613
                 131,            0.033364,            0.010617,            0.013468,             0.11286,                   0,             0.33441,             0.26502,             0.23514,             0.08054,            0.053139,            0.011179,            0.017014,             0.15222,                   0,              0.0061,              0.0061,              0.0061
                 132,            0.032362,            0.010671,            0.013361,             0.11037,                   0,             0.35565,              0.2103,             0.16248,            0.051819,            0.049737,            0.011045,            0.016769,             0.13464,                   0,             0.00607,             0.00607,             0.00607
                 133,            0.032983,            0.010648,            0.013372,             0.10869,                   0,              0.4489,             0.23363,             0.22028,            0.074725,            0.050661,            0.011061,            0.016681,             0.12073,                   0,             0.00604,             0.00604,             0.00604
                 134,            0.032954,            0.010663,            0.013399,             0.10677,                   0,             0.43194,             0.17419,             0.16768,            0.057278,            0.053696,            0.010961,            0.017001,              0.1153,                   0,             0.00601,             0.00601,             0.00601
                 135,            0.033329,            0.010579,             0.01347,              0.1017,                   0,             0.54068,             0.21382,             0.21593,            0.065288,            0.051517,            0.011076,            0.017087,             0.12317,                   0,             0.00598,             0.00598,             0.00598
                 136,            0.032993,            0.010647,             0.01357,              0.1093,                   0,             0.50394,             0.12142,             0.14518,            0.052404,            0.053315,            0.011108,            0.017349,             0.11542,                   0,             0.00595,             0.00595,             0.00595
                 137,            0.032143,            0.010555,            0.013337,             0.09485,                   0,             0.38676,             0.15619,             0.16996,            0.060906,            0.051949,            0.011087,            0.017087,             0.12793,                   0,             0.00592,             0.00592,             0.00592
                 138,            0.032465,            0.010532,            0.013475,             0.10787,                   0,             0.46648,             0.14941,              0.1717,            0.065592,            0.055815,            0.011295,            0.017334,             0.13843,                   0,             0.00589,             0.00589,             0.00589
                 139,            0.033718,            0.010613,            0.013639,             0.11734,                   0,             0.32985,             0.16683,             0.17495,            0.059197,            0.051665,            0.011093,            0.016928,             0.13245,                   0,             0.00586,             0.00586,             0.00586
                 140,            0.032596,            0.010527,            0.013494,             0.10844,                   0,             0.46765,             0.20587,             0.22138,            0.085758,            0.053792,            0.011211,            0.016983,             0.13538,                   0,             0.00583,             0.00583,             0.00583
                 141,            0.033929,            0.010523,            0.013604,             0.10616,                   0,               0.548,             0.21472,             0.25115,            0.084687,            0.050317,            0.011095,            0.017032,             0.12671,                   0,              0.0058,              0.0058,              0.0058
                 142,            0.031403,            0.010541,             0.01346,             0.11315,                   0,             0.40995,             0.22792,             0.21434,            0.074599,            0.053147,            0.011085,             0.01701,             0.13318,                   0,             0.00577,             0.00577,             0.00577
                 143,            0.030672,            0.010429,            0.013303,            0.098615,                   0,             0.35503,             0.22457,             0.21407,            0.067803,            0.052055,            0.011226,            0.016727,             0.12964,                   0,             0.00574,             0.00574,             0.00574
                 144,            0.031184,            0.010438,            0.013367,             0.10642,                   0,             0.39784,             0.25925,             0.19309,            0.063407,            0.051467,            0.011287,            0.016681,             0.14001,                   0,             0.00571,             0.00571,             0.00571
                 145,            0.032881,            0.010437,            0.013301,             0.10425,                   0,             0.29967,             0.21209,             0.16966,             0.05902,            0.050775,            0.011081,            0.016577,             0.13074,                   0,             0.00568,             0.00568,             0.00568
                 146,            0.031215,            0.010396,            0.013391,            0.098608,                   0,              0.4605,             0.20759,             0.17667,            0.062292,            0.051985,            0.011211,             0.01702,             0.13428,                   0,             0.00565,             0.00565,             0.00565
                 147,             0.03226,            0.010511,            0.013381,            0.098933,                   0,             0.49129,             0.21276,             0.20026,            0.054426,            0.051399,            0.011161,             0.01665,             0.12634,                   0,             0.00562,             0.00562,             0.00562
                 148,            0.032637,            0.010471,            0.013323,            0.089973,                   0,             0.52769,              0.2275,             0.20762,            0.061374,            0.052078,            0.011097,            0.016705,             0.11517,                   0,             0.00559,             0.00559,             0.00559
                 149,            0.030808,            0.010418,            0.013369,            0.097737,                   0,             0.38235,             0.25936,              0.2599,            0.086371,            0.052719,            0.011187,            0.017075,             0.12769,                   0,             0.00556,             0.00556,             0.00556
                 150,             0.03112,            0.010297,            0.013431,            0.095432,                   0,             0.42472,             0.18211,             0.20096,            0.071813,            0.053003,            0.011093,            0.017044,              0.1283,                   0,             0.00553,             0.00553,             0.00553
                 151,            0.032242,            0.010375,            0.013386,             0.10055,                   0,             0.40666,             0.19824,             0.22512,            0.079731,            0.054689,             0.01129,            0.017102,             0.13428,                   0,              0.0055,              0.0055,              0.0055
                 152,            0.031697,            0.010394,            0.013353,            0.084198,                   0,             0.37482,             0.23827,              0.2337,            0.070667,            0.052716,            0.011335,            0.017365,             0.14343,                   0,             0.00547,             0.00547,             0.00547
                 153,            0.030279,            0.010371,             0.01337,            0.087089,                   0,             0.36152,             0.24857,              0.2424,            0.082627,            0.054162,            0.011261,            0.017197,             0.12372,                   0,             0.00544,             0.00544,             0.00544
                 154,              0.0311,            0.010329,            0.013326,            0.085168,                   0,             0.67276,             0.29858,              0.3354,             0.12073,            0.052712,            0.011208,            0.016754,             0.11298,                   0,             0.00541,             0.00541,             0.00541
                 155,            0.032082,            0.010244,            0.013357,            0.095826,                   0,             0.36306,              0.2711,             0.25323,            0.095839,            0.052777,            0.011298,            0.017294,             0.12659,                   0,             0.00538,             0.00538,             0.00538
                 156,            0.030276,            0.010267,            0.013367,            0.086303,                   0,             0.49462,             0.34581,             0.32691,             0.11533,            0.052387,            0.011182,            0.017484,             0.12866,                   0,             0.00535,             0.00535,             0.00535
                 157,            0.030862,            0.010285,            0.013374,            0.096024,                   0,             0.48487,             0.31543,             0.31816,             0.10431,            0.051795,            0.011208,            0.017084,             0.11365,                   0,             0.00532,             0.00532,             0.00532
                 158,            0.030544,            0.010285,            0.013282,            0.086411,                   0,             0.56516,             0.32696,              0.3342,             0.10794,            0.052027,            0.011076,            0.017288,             0.12079,                   0,             0.00529,             0.00529,             0.00529
                 159,            0.031925,            0.010371,             0.01358,            0.095422,                   0,             0.45485,             0.27984,             0.25636,            0.083518,            0.054029,            0.011163,            0.017673,             0.10876,                   0,             0.00526,             0.00526,             0.00526
                 160,            0.030736,            0.010291,            0.013501,            0.091147,                   0,             0.47713,             0.34375,             0.32503,              0.1157,            0.050268,            0.011172,            0.017258,             0.10785,                   0,             0.00523,             0.00523,             0.00523
                 161,            0.030458,            0.010243,            0.013323,            0.085652,                   0,             0.63916,              0.4237,             0.43152,             0.15688,            0.051629,            0.011234,            0.017206,             0.10303,                   0,              0.0052,              0.0052,              0.0052
                 162,             0.02984,            0.010216,            0.013387,            0.078804,                   0,             0.60764,             0.30354,             0.29989,             0.10711,            0.053893,            0.011351,            0.017542,            0.096802,                   0,             0.00517,             0.00517,             0.00517
                 163,            0.029401,            0.010173,            0.013311,            0.083404,                   0,             0.51266,             0.22546,             0.23082,            0.085156,            0.054038,            0.011288,            0.017279,             0.10651,                   0,             0.00514,             0.00514,             0.00514
                 164,            0.030346,            0.010196,            0.013378,            0.087956,                   0,             0.66748,             0.41635,             0.42647,             0.15884,            0.052693,            0.011163,            0.017233,             0.11823,                   0,             0.00511,             0.00511,             0.00511
                 165,            0.030142,            0.010195,            0.013247,            0.078455,                   0,             0.71064,             0.50889,             0.54549,              0.1885,             0.05259,            0.011174,            0.016672,             0.10913,                   0,             0.00508,             0.00508,             0.00508
                 166,            0.030576,            0.010187,            0.013334,            0.080252,                   0,             0.64177,             0.48598,             0.49337,             0.15814,            0.052437,            0.011164,            0.016672,             0.11426,                   0,             0.00505,             0.00505,             0.00505
                 167,            0.029346,            0.010133,            0.013339,            0.094682,                   0,             0.52996,             0.34802,              0.3651,             0.12593,            0.052914,            0.011295,            0.016705,             0.11469,                   0,             0.00502,             0.00502,             0.00502
                 168,            0.028887,            0.010076,            0.013366,            0.091057,                   0,              0.4415,             0.23234,             0.23093,             0.07275,            0.051992,            0.011192,            0.016684,              0.1178,                   0,             0.00499,             0.00499,             0.00499
                 169,            0.029947,            0.010038,            0.013304,             0.07852,                   0,             0.46862,             0.28013,              0.3216,             0.10587,            0.053448,            0.011406,            0.017056,             0.11218,                   0,             0.00496,             0.00496,             0.00496
                 170,            0.029792,            0.010052,            0.013305,            0.070252,                   0,             0.58208,             0.41892,             0.40897,             0.13962,            0.053746,            0.011242,            0.017072,             0.10254,                   0,             0.00493,             0.00493,             0.00493
                 171,            0.030392,            0.010149,            0.013391,            0.085135,                   0,             0.66246,             0.45362,             0.46405,             0.17227,            0.054009,            0.011361,            0.017184,            0.091919,                   0,              0.0049,              0.0049,              0.0049
                 172,            0.030153,            0.010093,            0.013222,            0.090562,                   0,             0.54705,             0.38674,             0.36453,             0.13576,            0.052791,            0.011201,             0.01669,             0.10248,                   0,             0.00487,             0.00487,             0.00487
                 173,            0.029428,            0.010129,            0.013291,            0.077479,                   0,             0.51399,             0.45011,              0.4216,               0.141,            0.053265,            0.011269,            0.016949,             0.10785,                   0,             0.00484,             0.00484,             0.00484
                 174,            0.028519,            0.010091,            0.013325,            0.091616,                   0,             0.52133,             0.38872,             0.37238,             0.13279,            0.054071,            0.011354,            0.017062,             0.10083,                   0,             0.00481,             0.00481,             0.00481
                 175,            0.028713,            0.010038,            0.013249,            0.077449,                   0,             0.56434,             0.39302,             0.39664,             0.14209,            0.052129,            0.011169,            0.016882,             0.10974,                   0,             0.00478,             0.00478,             0.00478
                 176,            0.028637,            0.009975,            0.013331,             0.07868,                   0,             0.61275,             0.44057,             0.47116,              0.1629,            0.052455,            0.011205,            0.016916,             0.12213,                   0,             0.00475,             0.00475,             0.00475
                 177,            0.028506,           0.0099598,            0.013273,             0.07836,                   0,             0.64225,             0.45548,             0.42486,             0.14937,            0.051205,            0.011221,            0.017026,             0.11896,                   0,             0.00472,             0.00472,             0.00472
                 178,            0.029283,            0.010041,            0.013291,            0.094874,                   0,             0.65288,             0.43105,             0.42536,             0.15954,            0.052217,            0.011371,            0.017151,             0.13098,                   0,             0.00469,             0.00469,             0.00469
                 179,            0.027625,           0.0099101,            0.013224,            0.077374,                   0,             0.57368,             0.43683,              0.3889,             0.14714,            0.051748,            0.011411,            0.017117,             0.11206,                   0,             0.00466,             0.00466,             0.00466
                 180,            0.028566,            0.009908,            0.013232,            0.069704,                   0,             0.61989,             0.39624,             0.40157,              0.1444,            0.053988,            0.011395,            0.017172,             0.12402,                   0,             0.00463,             0.00463,             0.00463
                 181,            0.029275,           0.0099898,             0.01335,             0.08505,                   0,             0.61713,             0.36736,             0.37174,             0.12268,            0.053342,            0.011321,            0.017218,             0.10754,                   0,              0.0046,              0.0046,              0.0046
                 182,            0.029358,            0.010015,            0.013221,            0.072333,                   0,             0.61261,             0.50252,             0.50348,             0.17972,            0.053069,            0.011359,            0.017529,             0.11334,                   0,             0.00457,             0.00457,             0.00457
                 183,             0.02765,            0.009968,            0.013219,            0.077795,                   0,             0.63837,             0.44254,             0.49196,             0.17575,            0.053089,            0.011285,             0.01748,              0.1048,                   0,             0.00454,             0.00454,             0.00454
                 184,            0.029128,           0.0099776,            0.013371,            0.083907,                   0,             0.63179,             0.42878,             0.43716,             0.17265,            0.051523,            0.011224,            0.017117,             0.10266,                   0,             0.00451,             0.00451,             0.00451
                 185,            0.027697,           0.0098988,            0.013249,            0.083307,                   0,             0.61713,             0.41001,              0.4341,             0.16702,            0.052256,            0.011371,            0.017426,             0.10742,                   0,             0.00448,             0.00448,             0.00448
                 186,            0.028479,           0.0098828,            0.013194,            0.071732,                   0,             0.62769,             0.40109,             0.43497,             0.16505,            0.051042,            0.011247,            0.017145,             0.12103,                   0,             0.00445,             0.00445,             0.00445
                 187,            0.027915,           0.0099195,             0.01322,            0.075283,                   0,             0.70131,             0.37056,             0.40296,             0.15658,            0.052287,            0.011143,            0.017078,             0.11334,                   0,             0.00442,             0.00442,             0.00442
                 188,            0.027752,           0.0099652,            0.013279,            0.069882,                   0,             0.61389,             0.38117,             0.43448,             0.16473,            0.052876,             0.01134,            0.017224,             0.12054,                   0,             0.00439,             0.00439,             0.00439
                 189,            0.027303,           0.0099186,            0.013315,            0.082339,                   0,             0.59483,             0.45401,             0.46358,             0.18085,            0.051806,            0.011371,            0.017084,             0.11267,                   0,             0.00436,             0.00436,             0.00436
                 190,            0.026933,           0.0098464,            0.013227,            0.074189,                   0,             0.70084,             0.43169,             0.46849,             0.17532,            0.051774,            0.011282,            0.016922,             0.11749,                   0,             0.00433,             0.00433,             0.00433
                 191,            0.029686,            0.009936,            0.013281,            0.078186,                   0,             0.65777,             0.33336,             0.36993,             0.13763,             0.05155,            0.010984,            0.016705,             0.11121,                   0,              0.0043,              0.0043,              0.0043
                 192,            0.026879,           0.0098514,            0.013244,            0.076381,                   0,             0.78376,             0.46582,             0.50984,             0.19008,            0.054261,            0.011116,             0.01694,             0.11652,                   0,             0.00427,             0.00427,             0.00427
                 193,            0.026694,           0.0098285,            0.013207,            0.072573,                   0,             0.70589,             0.46355,             0.52101,             0.19616,            0.051913,            0.011177,            0.017072,              0.1145,                   0,             0.00424,             0.00424,             0.00424
                 194,            0.028222,           0.0098808,            0.013236,            0.070158,                   0,             0.61011,             0.47794,             0.46278,             0.18133,            0.051077,            0.011187,            0.017191,             0.11243,                   0,             0.00421,             0.00421,             0.00421
                 195,            0.027988,           0.0097887,            0.013187,            0.075258,                   0,             0.54502,             0.50469,             0.45145,             0.16802,            0.052511,            0.011101,            0.017087,             0.11877,                   0,             0.00418,             0.00418,             0.00418
                 196,            0.027505,           0.0098384,            0.013345,            0.074195,                   0,             0.68219,             0.52246,             0.54238,             0.19597,            0.052724,            0.011021,            0.016931,             0.11426,                   0,             0.00415,             0.00415,             0.00415
                 197,            0.026955,           0.0098638,            0.013279,            0.070853,                   0,             0.69925,              0.4936,              0.5175,             0.19025,            0.052987,            0.011118,            0.017267,            0.096313,                   0,             0.00412,             0.00412,             0.00412
                 198,             0.02567,           0.0097947,            0.013233,            0.067193,                   0,             0.76321,             0.53531,             0.57518,             0.21158,            0.053977,            0.011309,            0.017419,             0.10284,                   0,             0.00409,             0.00409,             0.00409
                 199,             0.02695,            0.009812,            0.013269,            0.070814,                   0,             0.72069,             0.53062,             0.54285,             0.20121,            0.051668,            0.011429,            0.017346,             0.10614,                   0,             0.00406,             0.00406,             0.00406
                 200,            0.027421,           0.0098115,            0.013442,            0.075069,                   0,             0.70013,             0.45053,             0.46256,             0.18168,            0.052023,            0.011385,            0.017252,             0.11212,                   0,             0.00403,             0.00403,             0.00403
                 201,             0.02715,           0.0097472,            0.013255,            0.072051,                   0,             0.69448,             0.43101,             0.45011,              0.1501,            0.051319,            0.011316,            0.017297,             0.10498,                   0,               0.004,               0.004,               0.004
                 202,            0.027059,           0.0097959,            0.013474,            0.073072,                   0,             0.59624,             0.49729,             0.45415,             0.15073,             0.05293,            0.011435,            0.017438,            0.099426,                   0,             0.00397,             0.00397,             0.00397
                 203,            0.026876,           0.0097192,            0.013168,            0.072554,                   0,             0.60703,             0.50993,             0.45697,             0.15114,            0.050821,            0.011585,            0.017352,             0.11072,                   0,             0.00394,             0.00394,             0.00394
                 204,            0.030586,           0.0097834,            0.013237,            0.070773,                   0,             0.61857,             0.57456,             0.52166,              0.1713,            0.050205,            0.011158,            0.017065,             0.10999,                   0,             0.00391,             0.00391,             0.00391
                 205,             0.02644,           0.0097572,            0.013174,            0.071189,                   0,             0.64084,             0.56223,             0.56149,             0.19813,            0.051137,            0.011234,            0.017297,             0.11786,                   0,             0.00388,             0.00388,             0.00388
                 206,            0.027269,           0.0098876,             0.01341,            0.080817,                   0,             0.76645,             0.48142,             0.51005,             0.18445,            0.053653,            0.011195,            0.017532,             0.10748,                   0,             0.00385,             0.00385,             0.00385
                 207,            0.026075,            0.009822,             0.01331,            0.075422,                   0,             0.68098,             0.54077,             0.52833,             0.19599,            0.051683,            0.011184,            0.017157,             0.11206,                   0,             0.00382,             0.00382,             0.00382
                 208,            0.026732,           0.0096677,            0.013115,            0.072614,                   0,             0.65824,             0.56826,              0.5562,             0.19863,            0.052916,            0.011479,              0.0173,            0.098572,                   0,             0.00379,             0.00379,             0.00379
                 209,            0.026677,           0.0096941,            0.013218,            0.074365,                   0,             0.69935,             0.45132,             0.47108,               0.161,            0.051859,            0.011351,            0.017419,              0.1037,                   0,             0.00376,             0.00376,             0.00376
                 210,            0.025639,           0.0096957,            0.013131,            0.078609,                   0,             0.68685,             0.46937,             0.46408,             0.16676,            0.054539,            0.011343,             0.01741,             0.10205,                   0,             0.00373,             0.00373,             0.00373
                 211,            0.027167,           0.0097029,            0.013201,            0.070633,                   0,             0.76912,             0.55401,             0.59281,              0.2079,            0.051313,            0.011169,            0.017371,            0.098816,                   0,              0.0037,              0.0037,              0.0037
                 212,            0.027105,           0.0096722,            0.013138,            0.066964,                   0,             0.74185,             0.57061,             0.57495,             0.20257,            0.051657,            0.011274,            0.017358,             0.10223,                   0,             0.00367,             0.00367,             0.00367
                 213,            0.025015,           0.0097235,            0.013215,            0.074163,                   0,             0.75369,             0.52525,             0.54697,             0.19043,            0.052933,            0.011417,             0.01702,             0.10638,                   0,             0.00364,             0.00364,             0.00364
                 214,              0.0253,           0.0096497,            0.013197,            0.071561,                   0,             0.66847,             0.49709,             0.51564,             0.16916,            0.051067,            0.011306,            0.016846,             0.11151,                   0,             0.00361,             0.00361,             0.00361
                 215,            0.024642,            0.009554,            0.013142,            0.065593,                   0,             0.69153,             0.48793,             0.50735,             0.18085,            0.052714,            0.011493,            0.016968,             0.10419,                   0,             0.00358,             0.00358,             0.00358
                 216,            0.024709,           0.0095835,            0.013203,            0.071648,                   0,             0.65943,             0.41641,             0.45427,             0.16756,            0.052635,            0.011385,              0.0173,            0.096069,                   0,             0.00355,             0.00355,             0.00355
                 217,            0.026686,             0.00963,            0.013312,            0.067595,                   0,             0.66969,             0.37765,             0.41899,             0.15093,            0.052916,            0.011569,            0.017773,             0.10126,                   0,             0.00352,             0.00352,             0.00352
                 218,            0.026901,           0.0096463,            0.013178,            0.078521,                   0,             0.72447,             0.50451,             0.55648,             0.20178,            0.053618,            0.011338,            0.017468,             0.10187,                   0,             0.00349,             0.00349,             0.00349
                 219,            0.025103,           0.0096186,            0.013159,              0.0691,                   0,              0.7371,             0.56612,             0.59303,             0.18182,            0.053353,            0.011635,            0.017609,            0.099243,                   0,             0.00346,             0.00346,             0.00346
                 220,            0.024876,           0.0095843,            0.013148,            0.075175,                   0,             0.71221,             0.53122,             0.54444,             0.18429,            0.052778,            0.011451,             0.01756,            0.096313,                   0,             0.00343,             0.00343,             0.00343
                 221,            0.025299,           0.0095492,            0.013136,            0.065778,                   0,             0.68189,              0.5765,             0.57067,             0.22526,            0.051817,              0.0115,            0.017645,            0.096985,                   0,              0.0034,              0.0034,              0.0034
                 222,            0.025388,           0.0095167,            0.013153,            0.072695,                   0,             0.74913,             0.59205,             0.59951,             0.23053,            0.052435,            0.011672,            0.017627,            0.088379,                   0,             0.00337,             0.00337,             0.00337
                 223,            0.026283,           0.0096214,            0.013176,              0.0673,                   0,             0.78211,             0.60041,             0.64028,             0.22024,            0.052133,            0.011691,             0.01767,            0.091797,                   0,             0.00334,             0.00334,             0.00334
                 224,            0.025819,           0.0096055,            0.013216,            0.070307,                   0,             0.70358,             0.56458,             0.59698,             0.21731,            0.052916,            0.011593,            0.018033,            0.092773,                   0,             0.00331,             0.00331,             0.00331
                 225,            0.025073,           0.0095832,            0.013191,            0.068661,                   0,             0.74701,             0.58041,              0.5819,             0.21279,            0.051409,            0.011496,            0.017352,            0.094482,                   0,             0.00328,             0.00328,             0.00328
                 226,            0.025575,           0.0095285,             0.01317,            0.069615,                   0,             0.73416,             0.56107,              0.5929,             0.21153,            0.051832,            0.011559,            0.017557,            0.087097,                   0,             0.00325,             0.00325,             0.00325
                 227,            0.025225,           0.0095074,            0.013165,            0.072264,                   0,             0.73259,             0.51652,             0.55363,             0.19234,            0.052683,            0.011516,            0.017694,            0.089539,                   0,             0.00322,             0.00322,             0.00322
                 228,             0.02425,           0.0095074,            0.013179,            0.063125,                   0,             0.71301,             0.57645,             0.59392,             0.22396,            0.052818,            0.011496,            0.017413,            0.093262,                   0,             0.00319,             0.00319,             0.00319
                 229,            0.024479,           0.0095145,            0.013193,             0.06302,                   0,             0.73522,             0.57037,             0.57164,             0.22051,            0.051939,            0.011401,             0.01745,             0.09375,                   0,             0.00316,             0.00316,             0.00316
                 230,            0.024497,           0.0094814,            0.013112,            0.068804,                   0,             0.72014,             0.56401,             0.56459,             0.22566,            0.052037,            0.011533,            0.017383,            0.094849,                   0,             0.00313,             0.00313,             0.00313
                 231,            0.024183,           0.0095798,            0.013271,            0.067907,                   0,             0.75687,             0.60223,             0.62832,             0.24169,            0.051515,            0.011588,            0.017502,              0.1015,                   0,              0.0031,              0.0031,              0.0031
                 232,            0.024352,           0.0094933,            0.013172,             0.07189,                   0,             0.74956,             0.61516,             0.59335,             0.22064,            0.051869,            0.011451,            0.017273,             0.10693,                   0,             0.00307,             0.00307,             0.00307
                 233,            0.024175,           0.0095096,            0.013149,            0.072684,                   0,             0.73881,             0.61326,             0.58509,             0.23521,            0.051042,            0.011537,            0.017395,             0.09613,                   0,             0.00304,             0.00304,             0.00304
                 234,            0.023669,           0.0094614,            0.013141,            0.062559,                   0,             0.72348,             0.60256,             0.56938,             0.20479,            0.053405,             0.01182,            0.018121,            0.094788,                   0,             0.00301,             0.00301,             0.00301
                 235,            0.023785,           0.0095179,            0.013207,            0.061442,                   0,             0.76982,             0.56646,              0.6002,             0.23357,            0.053005,            0.011495,            0.017453,            0.093384,                   0,             0.00298,             0.00298,             0.00298
                 236,            0.023825,           0.0094106,            0.013094,            0.068328,                   0,             0.75019,             0.56177,             0.57074,             0.21388,            0.052615,            0.011572,            0.017285,            0.087646,                   0,             0.00295,             0.00295,             0.00295
                 237,            0.023456,           0.0094561,            0.013156,            0.059224,                   0,             0.68544,             0.56199,             0.55966,             0.22374,            0.052929,             0.01174,              0.0177,            0.091553,                   0,             0.00292,             0.00292,             0.00292
                 238,            0.023637,           0.0094163,            0.013201,             0.07098,                   0,             0.77074,             0.54493,             0.59653,             0.21768,            0.053553,             0.01172,            0.018048,            0.094055,                   0,             0.00289,             0.00289,             0.00289
                 239,             0.02331,           0.0094716,            0.013163,            0.066319,                   0,             0.71268,             0.54081,             0.54117,             0.20967,            0.053162,            0.011796,            0.018057,            0.093079,                   0,             0.00286,             0.00286,             0.00286
                 240,            0.024087,           0.0094268,            0.013087,            0.061729,                   0,             0.80391,             0.54528,              0.6036,               0.232,              0.0515,            0.011548,            0.017676,            0.096497,                   0,             0.00283,             0.00283,             0.00283
                 241,            0.024341,           0.0094448,            0.013186,            0.070648,                   0,             0.77956,             0.57301,             0.59016,             0.21581,             0.05192,            0.011749,             0.01781,            0.097595,                   0,              0.0028,              0.0028,              0.0028
                 242,            0.024555,           0.0094227,            0.013083,            0.062255,                   0,             0.79639,             0.57979,             0.58818,             0.21133,            0.052121,            0.011798,            0.018423,             0.10187,                   0,             0.00277,             0.00277,             0.00277
                 243,            0.023302,           0.0094025,            0.013115,             0.07231,                   0,             0.78078,             0.64552,              0.6331,              0.2313,            0.052849,            0.011667,            0.017914,              0.1037,                   0,             0.00274,             0.00274,             0.00274
                 244,             0.02222,           0.0093719,            0.013098,             0.06464,                   0,             0.73259,             0.61348,             0.58843,             0.23106,            0.052437,            0.011843,            0.018365,             0.11627,                   0,             0.00271,             0.00271,             0.00271
                 245,            0.023565,           0.0094221,            0.013181,            0.063294,                   0,             0.74463,             0.63484,             0.61757,             0.23071,            0.052095,            0.011656,            0.017752,             0.11597,                   0,             0.00268,             0.00268,             0.00268
                 246,            0.023351,           0.0093592,            0.013102,            0.066553,                   0,             0.76797,             0.59444,             0.60023,             0.19992,            0.053008,            0.011649,            0.017902,             0.11536,                   0,             0.00265,             0.00265,             0.00265
                 247,            0.023021,           0.0093332,            0.013115,            0.065745,                   0,              0.7694,             0.62296,             0.65328,              0.2265,            0.052307,            0.011562,            0.017767,             0.10413,                   0,             0.00262,             0.00262,             0.00262
                 248,            0.022475,           0.0093552,            0.013143,            0.063584,                   0,             0.71367,             0.63938,             0.61487,             0.22886,            0.052059,            0.011591,            0.017654,            0.089478,                   0,             0.00259,             0.00259,             0.00259
                 249,            0.023588,           0.0094621,            0.013305,             0.06296,                   0,             0.75362,             0.64208,             0.62991,             0.25642,             0.05232,            0.011501,            0.017871,            0.093811,                   0,             0.00256,             0.00256,             0.00256
                 250,             0.02273,           0.0093298,            0.013119,            0.062591,                   0,             0.76482,             0.66374,               0.612,             0.23424,            0.053225,            0.011519,            0.018176,            0.099854,                   0,             0.00253,             0.00253,             0.00253
                 251,            0.023701,           0.0094479,            0.013087,            0.069562,                   0,             0.72305,             0.62734,             0.59706,             0.22651,            0.052274,             0.01177,             0.01828,             0.10907,                   0,              0.0025,              0.0025,              0.0025
                 252,            0.023581,           0.0093694,            0.013247,            0.070405,                   0,             0.80233,              0.6165,             0.64026,             0.23195,            0.053169,            0.011861,            0.018124,             0.11615,                   0,             0.00247,             0.00247,             0.00247
                 253,            0.023297,           0.0093084,             0.01311,            0.067954,                   0,             0.67318,             0.53125,             0.50021,             0.20062,            0.053711,            0.011827,            0.018063,             0.10864,                   0,             0.00244,             0.00244,             0.00244
                 254,            0.022509,           0.0092884,            0.013103,            0.067682,                   0,              0.8051,             0.53037,             0.59489,              0.2267,            0.052123,            0.011685,            0.017911,             0.10822,                   0,             0.00241,             0.00241,             0.00241
                 255,            0.023005,           0.0093229,            0.013239,             0.06572,                   0,             0.83149,             0.56045,             0.58638,             0.20768,            0.052369,            0.011541,            0.017624,             0.09729,                   0,             0.00238,             0.00238,             0.00238
                 256,            0.022733,           0.0093412,            0.013224,            0.078902,                   0,             0.73659,             0.62641,             0.59714,             0.22155,            0.052512,            0.011703,            0.017896,             0.10028,                   0,             0.00235,             0.00235,             0.00235
                 257,            0.021479,           0.0092561,            0.013194,            0.072345,                   0,             0.82493,             0.66813,             0.66483,             0.25575,            0.050998,            0.011699,            0.017844,             0.10156,                   0,             0.00232,             0.00232,             0.00232
                 258,            0.022242,            0.009232,            0.013125,            0.066638,                   0,             0.79522,             0.67981,             0.67439,             0.24712,            0.052951,            0.011806,            0.017953,            0.099548,                   0,             0.00229,             0.00229,             0.00229
                 259,            0.023478,           0.0093213,            0.013164,            0.062079,                   0,             0.77351,             0.63323,             0.65308,             0.25543,            0.052598,            0.011701,            0.018048,            0.096191,                   0,             0.00226,             0.00226,             0.00226
                 260,            0.023803,           0.0092814,            0.013115,            0.067307,                   0,             0.79049,             0.66124,             0.67427,             0.23689,             0.05292,            0.011728,            0.018094,            0.098816,                   0,             0.00223,             0.00223,             0.00223
                 261,            0.021851,           0.0092499,            0.013059,            0.067938,                   0,             0.80037,             0.66491,             0.65786,             0.24674,            0.052261,            0.011759,            0.018015,             0.10339,                   0,              0.0022,              0.0022,              0.0022
                 262,            0.021229,           0.0092933,            0.013243,            0.066028,                   0,              0.7624,             0.64902,             0.64757,             0.25115,            0.053669,            0.011769,            0.018207,            0.098083,                   0,             0.00217,             0.00217,             0.00217
                 263,            0.022037,           0.0092933,            0.013312,            0.074827,                   0,             0.69062,             0.64857,             0.63093,             0.24951,            0.053203,            0.011817,            0.017984,            0.097534,                   0,             0.00214,             0.00214,             0.00214
                 264,            0.021486,           0.0092116,            0.013122,            0.070709,                   0,             0.78745,             0.61133,             0.61605,             0.24667,            0.052918,            0.011736,            0.017938,            0.096191,                   0,             0.00211,             0.00211,             0.00211
                 265,            0.022497,           0.0093262,            0.013195,            0.065554,                   0,             0.83839,             0.60231,             0.59587,             0.22956,            0.053632,            0.011707,            0.017731,            0.098694,                   0,             0.00208,             0.00208,             0.00208
                 266,             0.02159,           0.0092528,            0.013065,            0.068129,                   0,             0.81537,              0.5814,              0.6016,             0.22096,            0.054037,            0.011738,             0.01813,             0.10095,                   0,             0.00205,             0.00205,             0.00205
                 267,            0.022192,           0.0093043,            0.013087,            0.065338,                   0,             0.75529,             0.64098,             0.62342,             0.21965,            0.053021,            0.011627,            0.017987,             0.10162,                   0,             0.00202,             0.00202,             0.00202
                 268,            0.021105,           0.0091888,            0.013097,              0.0666,                   0,              0.7556,              0.6406,             0.62901,             0.22786,             0.05295,            0.011704,            0.018109,            0.095154,                   0,             0.00199,             0.00199,             0.00199
                 269,            0.021878,           0.0092578,            0.013209,            0.071264,                   0,             0.77119,             0.62574,             0.62225,             0.22552,            0.052061,            0.011822,            0.017938,            0.092712,                   0,             0.00196,             0.00196,             0.00196
                 270,            0.021946,           0.0092642,            0.013239,            0.059802,                   0,             0.81909,             0.62172,             0.65782,             0.23113,            0.052964,            0.011786,            0.018219,             0.10016,                   0,             0.00193,             0.00193,             0.00193
                 271,            0.022065,           0.0092366,             0.01308,            0.066129,                   0,             0.80357,             0.67201,             0.68559,             0.23755,            0.053406,            0.011691,            0.018045,            0.096619,                   0,              0.0019,              0.0019,              0.0019
                 272,            0.022665,           0.0092178,            0.013079,            0.064563,                   0,             0.77652,             0.69638,             0.68715,             0.24867,            0.052885,            0.011799,            0.018271,            0.096069,                   0,             0.00187,             0.00187,             0.00187
                 273,            0.020495,           0.0090918,            0.013017,            0.060163,                   0,             0.76688,             0.65942,             0.64984,             0.24321,            0.054043,            0.011912,            0.018314,            0.095337,                   0,             0.00184,             0.00184,             0.00184
                 274,            0.022577,            0.009184,            0.013115,            0.067054,                   0,             0.80713,             0.69293,             0.68063,             0.25749,            0.052812,            0.011798,            0.017896,            0.090881,                   0,             0.00181,             0.00181,             0.00181
                 275,            0.020695,           0.0091814,            0.013155,            0.063884,                   0,             0.73968,             0.65777,             0.63491,             0.24259,            0.052393,            0.011859,            0.018015,            0.094666,                   0,             0.00178,             0.00178,             0.00178
                 276,            0.020511,           0.0091195,            0.013067,            0.066723,                   0,             0.79705,             0.64311,             0.64077,             0.25013,            0.052792,            0.011923,            0.018164,             0.10187,                   0,             0.00175,             0.00175,             0.00175
                 277,            0.021032,           0.0091258,            0.013089,            0.076803,                   0,             0.74916,             0.52095,             0.54513,             0.18998,             0.05224,            0.011978,             0.01821,             0.10132,                   0,             0.00172,             0.00172,             0.00172
                 278,            0.021428,           0.0091242,            0.013043,            0.066996,                   0,             0.75877,             0.61876,             0.62405,             0.24394,            0.053154,            0.011952,            0.018311,             0.10321,                   0,             0.00169,             0.00169,             0.00169
                 279,            0.019608,           0.0090444,            0.013068,            0.067601,                   0,             0.77968,              0.6399,             0.63192,             0.23946,             0.05334,            0.011999,            0.018326,             0.10388,                   0,             0.00166,             0.00166,             0.00166
                 280,            0.019916,           0.0090776,            0.013134,            0.067758,                   0,             0.74687,             0.63476,              0.6332,             0.23537,            0.054189,            0.011931,             0.01824,            0.098328,                   0,             0.00163,             0.00163,             0.00163
                 281,            0.020651,           0.0090795,            0.013118,            0.060225,                   0,             0.74105,             0.66984,             0.66755,              0.2464,            0.052956,            0.011946,            0.018188,            0.094299,                   0,              0.0016,              0.0016,              0.0016
                 282,            0.020146,            0.009066,            0.013077,            0.065704,                   0,             0.72445,             0.60461,             0.60008,             0.23034,            0.053792,            0.011972,            0.018063,            0.093872,                   0,             0.00157,             0.00157,             0.00157
                 283,            0.021226,           0.0091025,            0.013091,            0.066527,                   0,             0.73924,             0.65812,             0.62773,             0.23327,            0.054005,            0.011978,            0.018243,            0.099304,                   0,             0.00154,             0.00154,             0.00154
                 284,            0.019792,           0.0090876,            0.013134,            0.069654,                   0,             0.72625,             0.61864,             0.58985,             0.22944,            0.054418,            0.012141,            0.018463,            0.097961,                   0,             0.00151,             0.00151,             0.00151
                 285,            0.019964,           0.0091131,            0.013201,            0.074594,                   0,             0.75437,             0.64075,             0.61786,             0.23482,            0.052838,            0.012025,            0.018384,            0.093933,                   0,             0.00148,             0.00148,             0.00148
                 286,            0.020081,           0.0090547,            0.013142,            0.065982,                   0,             0.74514,             0.65896,             0.63343,             0.24157,            0.052998,            0.011952,            0.018536,            0.095703,                   0,             0.00145,             0.00145,             0.00145
                 287,            0.019642,           0.0090505,            0.013062,            0.065199,                   0,             0.74522,             0.65347,             0.62974,             0.23907,            0.053383,            0.011967,            0.018658,             0.10736,                   0,             0.00142,             0.00142,             0.00142
                 288,            0.020055,           0.0090317,            0.013079,            0.066664,                   0,             0.75893,             0.64668,             0.63515,             0.23323,            0.053206,            0.011967,            0.018362,             0.10736,                   0,             0.00139,             0.00139,             0.00139
                 289,            0.019191,            0.009034,            0.013126,            0.069174,                   0,             0.77697,              0.6357,             0.61499,             0.21473,             0.05414,            0.012043,            0.018695,             0.10077,                   0,             0.00136,             0.00136,             0.00136
                 290,            0.019499,           0.0090532,            0.013087,            0.062904,                   0,             0.77797,             0.65489,             0.64562,             0.23636,             0.05342,            0.012059,            0.018582,            0.093445,                   0,             0.00133,             0.00133,             0.00133
                 291,            0.020697,           0.0090516,            0.013121,             0.06302,                   0,             0.78136,             0.67871,             0.64694,             0.24582,            0.052556,            0.011944,            0.018311,            0.094055,                   0,              0.0013,              0.0013,              0.0013
                 292,            0.018834,            0.008998,            0.013082,            0.062813,                   0,             0.75543,             0.68454,             0.65348,             0.24994,            0.053121,            0.011948,            0.018292,            0.096313,                   0,             0.00127,             0.00127,             0.00127
                 293,            0.019709,           0.0090742,             0.01315,            0.065616,                   0,             0.79208,             0.66371,             0.64527,             0.24162,            0.054267,            0.012197,            0.018546,            0.095703,                   0,             0.00124,             0.00124,             0.00124
                 294,            0.018137,           0.0089704,            0.013084,            0.066957,                   0,             0.80665,             0.65304,             0.65916,             0.25567,            0.053508,            0.012154,            0.018481,            0.094971,                   0,             0.00121,             0.00121,             0.00121
                 295,            0.018492,           0.0089372,            0.013064,            0.060541,                   0,             0.79855,              0.6263,             0.63819,              0.2382,            0.054373,            0.012154,            0.018631,            0.099792,                   0,             0.00118,             0.00118,             0.00118
                 296,            0.018591,           0.0090037,             0.01324,            0.070763,                   0,             0.79888,             0.65737,              0.6421,             0.24024,            0.054557,            0.012149,             0.01886,             0.10126,                   0,             0.00115,             0.00115,             0.00115
                 297,            0.019116,           0.0089635,            0.013113,            0.071597,                   0,             0.73625,             0.59315,             0.56498,             0.19333,            0.054122,            0.012068,            0.018823,              0.1062,                   0,             0.00112,             0.00112,             0.00112
                 298,            0.019223,           0.0089818,            0.013076,            0.064225,                   0,             0.80694,             0.63364,             0.63346,             0.24002,            0.053774,            0.012019,            0.018549,             0.10718,                   0,             0.00109,             0.00109,             0.00109
                 299,            0.018945,           0.0089327,            0.013048,            0.066165,                   0,             0.84038,             0.62556,             0.67717,             0.25449,            0.054354,            0.012048,            0.018622,             0.10699,                   0,             0.00106,             0.00106,             0.00106
