               epoch,      train/box_loss,      train/obj_loss,      train/cls_loss, train/cls_task_loss,train/constraint_loss,   metrics/precision,      metrics/recall,     metrics/mAP_0.5,metrics/mAP_0.5:0.95,        val/box_loss,        val/obj_loss,        val/cls_loss,   val/cls_task_loss, val/constraint_loss,               x/lr0,               x/lr1,               x/lr2
                   0,             0.11217,            0.014289,            0.052457,              1.1231,                   0,                   0,                   0,                   0,                   0,             0.11403,            0.011661,            0.055054,               1.126,                   0,              0.0937,              0.0007,              0.0007
                   1,             0.11248,            0.014268,            0.052912,              1.1217,                   0,                   0,                   0,                   0,                   0,             0.11398,            0.011657,            0.055188,               1.125,                   0,            0.086496,           0.0014955,           0.0014955
                   2,             0.11271,            0.014234,            0.053348,              1.1215,                   0,          8.9902e-05,                0.05,          5.5467e-05,          1.1513e-05,             0.11332,            0.011711,            0.054785,              1.1289,                   0,            0.079286,           0.0022862,           0.0022862
                   3,             0.11194,            0.014323,            0.052745,              1.1196,                   0,          8.9902e-05,                0.05,          5.7286e-05,          1.1308e-05,             0.11325,            0.011691,            0.054846,               1.126,                   0,            0.072072,           0.0030721,           0.0030721
                   4,             0.11163,            0.014332,            0.052356,              1.1204,                   0,          0.00021001,             0.13333,          0.00014058,          2.1671e-05,             0.11271,            0.011823,            0.054065,               1.127,                   0,            0.064853,           0.0038532,           0.0038532
                   5,             0.11101,            0.014391,            0.052412,              1.1197,                   0,          8.9902e-05,                0.05,          5.5515e-05,          1.0728e-05,              0.1121,            0.011845,            0.054297,               1.125,                   0,             0.05763,           0.0046295,           0.0046295
                   6,             0.11043,            0.014523,            0.052131,              1.1199,                   0,          8.9902e-05,                0.05,          5.5294e-05,          1.0572e-05,             0.11227,            0.011844,            0.053711,              1.1299,                   0,            0.050401,            0.005401,            0.005401
                   7,             0.10997,            0.014566,            0.051411,              1.1178,                   0,          8.9902e-05,                0.05,          5.4584e-05,          1.0676e-05,             0.11038,            0.012011,            0.052991,              1.1309,                   0,            0.043168,           0.0061677,           0.0061677
                   8,             0.10893,            0.014599,            0.050992,              1.1214,                   0,          0.00022361,             0.15871,          0.00017049,          2.9881e-05,             0.10943,            0.012101,            0.052368,              1.1338,                   0,             0.03593,           0.0069296,           0.0069296
                   9,             0.10822,            0.014679,            0.050686,              1.1196,                   0,          0.00024395,             0.18409,           0.0001865,          3.7587e-05,             0.10861,            0.012201,            0.052148,              1.1279,                   0,            0.028687,           0.0076867,           0.0076867
                  10,             0.10695,            0.014863,            0.050315,              1.1166,                   0,          0.00022385,              0.1678,          0.00015831,          3.3152e-05,             0.10704,            0.012367,            0.051807,               1.126,                   0,            0.021439,            0.008439,            0.008439
                  11,             0.10537,            0.014994,            0.049948,              1.1177,                   0,          0.00024962,             0.18144,          0.00018173,          3.8373e-05,             0.10651,            0.012313,            0.050793,               1.126,                   0,            0.014186,           0.0091865,           0.0091865
                  12,             0.10483,            0.015022,            0.049678,              1.1164,                   0,          0.00032712,             0.24129,          0.00025756,          5.0973e-05,             0.10448,            0.012557,            0.050171,              1.1289,                   0,             0.00964,             0.00964,             0.00964
                  13,             0.10334,            0.015177,            0.048793,              1.1099,                   0,          0.00025063,              0.1625,          0.00018605,          2.9138e-05,               0.104,            0.012613,            0.049951,              1.1201,                   0,             0.00964,             0.00964,             0.00964
                  14,             0.10287,             0.01523,            0.048367,              1.1093,                   0,          0.00027019,             0.17614,          0.00022141,          3.6505e-05,             0.10196,            0.012847,            0.048792,              1.1162,                   0,             0.00961,             0.00961,             0.00961
                  15,             0.10152,            0.015289,             0.04803,              1.1085,                   0,          0.00025029,              0.1553,          0.00019885,          3.2491e-05,             0.10031,            0.012944,            0.048438,              1.1143,                   0,             0.00958,             0.00958,             0.00958
                  16,             0.10017,            0.015427,            0.047569,              1.1068,                   0,          0.00028461,             0.18068,          0.00022517,          3.8414e-05,            0.099371,            0.013029,            0.048352,              1.1172,                   0,             0.00955,             0.00955,             0.00955
                  17,            0.099627,             0.01551,            0.047355,              1.1052,                   0,          0.00035939,             0.24773,          0.00029911,          5.5627e-05,            0.098108,             0.01311,            0.047571,              1.1152,                   0,             0.00952,             0.00952,             0.00952
                  18,            0.098372,            0.015561,            0.047398,              1.1024,                   0,           0.0003685,             0.22689,          0.00030747,          7.0172e-05,            0.097299,            0.013147,            0.047314,              1.1113,                   0,             0.00949,             0.00949,             0.00949
                  19,             0.09771,            0.015653,            0.046888,              1.1035,                   0,          0.00035834,             0.20606,          0.00028769,          7.2807e-05,            0.096279,            0.013295,            0.046948,              1.0996,                   0,             0.00946,             0.00946,             0.00946
                  20,            0.097197,            0.015697,            0.046843,              1.1014,                   0,          0.00029123,             0.15114,          0.00022592,          4.9416e-05,            0.095062,            0.013451,            0.046912,              1.0986,                   0,             0.00943,             0.00943,             0.00943
                  21,            0.095707,            0.015914,            0.046528,              1.0976,                   0,          0.00026198,              0.1303,          0.00021713,          4.5575e-05,            0.093306,            0.013687,            0.046716,              1.0928,                   0,              0.0094,              0.0094,              0.0094
                  22,            0.094895,            0.015959,            0.046241,              1.0958,                   0,          0.00035361,              0.1875,          0.00031239,          6.3051e-05,            0.092417,            0.013743,            0.046216,              1.0977,                   0,             0.00937,             0.00937,             0.00937
                  23,            0.093507,            0.016081,            0.045838,              1.0986,                   0,          0.00079794,             0.20066,           0.0020618,          0.00054516,            0.091131,            0.013886,            0.045642,              1.0967,                   0,             0.00934,             0.00934,             0.00934
                  24,            0.091767,            0.016287,            0.045286,              1.0938,                   0,          0.00087572,             0.22528,           0.0018723,          0.00040196,            0.088902,            0.014135,            0.045239,              1.0938,                   0,             0.00931,             0.00931,             0.00931
                  25,            0.090251,             0.01638,            0.044968,              1.0906,                   0,          0.00042102,             0.19962,           0.0011958,          0.00034253,            0.086134,             0.01443,             0.04469,              1.0879,                   0,             0.00928,             0.00928,             0.00928
                  26,             0.08836,            0.016621,            0.044694,              1.0888,                   0,           0.0011933,             0.22074,           0.0018756,          0.00042897,            0.083841,            0.014678,            0.044165,               1.083,                   0,             0.00925,             0.00925,             0.00925
                  27,            0.086915,            0.016663,            0.044304,               1.084,                   0,           0.0023305,             0.20739,           0.0049636,           0.0015466,            0.081683,            0.014902,            0.043738,               1.083,                   0,             0.00922,             0.00922,             0.00922
                  28,            0.084679,            0.016913,            0.043831,              1.0817,                   0,           0.0029682,             0.24072,           0.0064763,            0.001711,            0.079356,            0.015131,            0.043506,               1.085,                   0,             0.00919,             0.00919,             0.00919
                  29,            0.082773,            0.017079,            0.043296,              1.0844,                   0,            0.010859,             0.19792,            0.010214,           0.0021854,            0.077184,            0.015313,            0.043115,               1.083,                   0,             0.00916,             0.00916,             0.00916
                  30,            0.079945,            0.017358,             0.04286,              1.0762,                   0,           0.0085602,             0.32623,           0.0095693,           0.0019456,            0.075813,            0.015348,            0.041931,              1.0752,                   0,             0.00913,             0.00913,             0.00913
                  31,            0.077675,            0.017534,            0.041897,              1.0706,                   0,           0.0073504,             0.36686,            0.012406,           0.0025869,             0.07396,            0.015352,            0.040552,              1.0645,                   0,              0.0091,              0.0091,              0.0091
                  32,            0.075866,            0.017536,            0.040858,              1.0716,                   0,            0.007055,             0.52282,            0.013478,           0.0031421,            0.072489,            0.015298,            0.039551,              1.0576,                   0,             0.00907,             0.00907,             0.00907
                  33,            0.074322,            0.017555,            0.039685,              1.0603,                   0,           0.0081275,             0.62557,            0.018844,           0.0046618,             0.07105,            0.015255,             0.03811,              1.0537,                   0,             0.00904,             0.00904,             0.00904
                  34,            0.071663,            0.017529,            0.038575,              1.0453,                   0,           0.0069079,             0.67794,            0.017188,           0.0038296,            0.069926,            0.015113,            0.036816,              1.0352,                   0,             0.00901,             0.00901,             0.00901
                  35,            0.069933,            0.017398,            0.037245,              1.0413,                   0,           0.0049898,             0.79943,            0.029694,           0.0065215,            0.067418,            0.014997,             0.03548,              1.0234,                   0,             0.00898,             0.00898,             0.00898
                  36,            0.068281,            0.017112,            0.035884,                1.02,                   0,           0.0043368,             0.83305,            0.036561,           0.0090271,            0.067111,            0.014649,             0.03429,             0.98779,                   0,             0.00895,             0.00895,             0.00895
                  37,            0.066243,            0.017081,            0.034508,             0.99974,                   0,             0.33452,             0.12481,            0.044884,            0.011399,            0.065222,            0.014597,            0.033307,             0.95361,                   0,             0.00892,             0.00892,             0.00892
                  38,            0.065639,            0.016807,            0.033743,             0.99064,                   0,             0.44085,            0.039535,            0.058782,             0.01401,            0.064529,             0.01446,             0.03244,             0.93262,                   0,             0.00889,             0.00889,             0.00889
                  39,            0.063519,            0.016627,            0.032334,             0.95348,                   0,             0.30838,             0.12405,            0.039156,           0.0093348,            0.065175,            0.014173,            0.031696,             0.88965,                   0,             0.00886,             0.00886,             0.00886
                  40,            0.062532,            0.016516,            0.031782,             0.92249,                   0,             0.30533,             0.11295,              0.0359,           0.0097829,            0.064405,            0.013993,            0.030682,             0.85791,                   0,             0.00883,             0.00883,             0.00883
                  41,            0.061588,            0.016349,            0.030844,              0.9008,                   0,             0.30745,             0.11184,            0.043535,            0.010591,             0.06233,            0.013946,             0.03006,             0.81787,                   0,              0.0088,              0.0088,              0.0088
                  42,            0.060533,            0.016139,            0.029958,             0.87865,                   0,             0.27839,            0.039084,            0.037243,             0.01026,            0.061454,            0.013919,            0.029199,             0.77686,                   0,             0.00877,             0.00877,             0.00877
                  43,            0.060322,            0.016082,            0.028661,             0.86061,                   0,             0.31805,            0.028693,            0.037287,           0.0096427,            0.062707,            0.013522,            0.028546,             0.76074,                   0,             0.00874,             0.00874,             0.00874
                  44,            0.059481,            0.015929,            0.027917,             0.81628,                   0,             0.30484,            0.034848,            0.048025,            0.012355,            0.061231,            0.013588,            0.027441,             0.73438,                   0,             0.00871,             0.00871,             0.00871
                  45,            0.059419,            0.015648,            0.026834,             0.78767,                   0,           0.0044076,             0.90038,            0.042928,            0.012074,            0.060586,            0.013519,            0.026367,             0.69238,                   0,             0.00868,             0.00868,             0.00868
                  46,            0.057304,            0.015791,            0.026032,             0.77991,                   0,             0.51617,            0.018939,            0.055051,            0.014703,            0.061522,            0.013293,            0.025604,             0.68115,                   0,             0.00865,             0.00865,             0.00865
                  47,            0.057666,            0.015482,            0.025281,             0.74436,                   0,           0.0047321,             0.91259,            0.037135,           0.0093297,            0.061217,            0.013184,            0.024652,             0.66455,                   0,             0.00862,             0.00862,             0.00862
                  48,            0.057048,            0.015362,            0.023846,             0.72121,                   0,           0.0048852,              0.9036,            0.027589,           0.0070662,            0.060493,            0.013139,             0.02381,             0.62158,                   0,             0.00859,             0.00859,             0.00859
                  49,            0.056034,              0.0153,            0.022707,             0.69633,                   0,            0.022539,             0.43229,            0.036221,           0.0098482,            0.061108,            0.012852,            0.022839,             0.59473,                   0,             0.00856,             0.00856,             0.00856
                  50,            0.055346,            0.015125,            0.021829,             0.66541,                   0,            0.016883,             0.56297,             0.02798,           0.0067241,            0.060377,            0.012899,            0.022656,             0.57129,                   0,             0.00853,             0.00853,             0.00853
                  51,            0.055156,            0.014898,            0.021516,             0.63748,                   0,            0.004595,             0.90114,            0.035879,           0.0091867,            0.059588,            0.012802,            0.021814,             0.55078,                   0,              0.0085,              0.0085,              0.0085
                  52,            0.053586,             0.01482,            0.020493,             0.61885,                   0,           0.0043264,             0.91089,            0.043767,            0.010023,             0.05947,            0.012657,             0.02124,             0.53613,                   0,             0.00847,             0.00847,             0.00847
                  53,            0.053702,            0.014696,            0.019823,             0.59461,                   0,             0.53726,             0.02017,             0.05572,            0.013372,            0.057375,             0.01266,            0.019916,             0.49854,                   0,             0.00844,             0.00844,             0.00844
                  54,            0.053125,            0.014546,            0.019116,             0.55714,                   0,           0.0045978,             0.90644,            0.044702,            0.011199,            0.059364,            0.012378,            0.019434,             0.48633,                   0,             0.00841,             0.00841,             0.00841
                  55,            0.052222,            0.014613,            0.018903,             0.56248,                   0,           0.0054797,             0.91184,            0.044756,            0.010736,            0.058109,            0.012404,              0.0189,               0.448,                   0,             0.00838,             0.00838,             0.00838
                  56,            0.051871,            0.014403,             0.01838,             0.52982,                   0,           0.0048675,             0.90284,            0.048744,            0.011206,            0.058071,            0.012362,            0.018314,             0.44263,                   0,             0.00835,             0.00835,             0.00835
                  57,            0.051341,            0.014285,            0.017865,             0.50036,                   0,           0.0040918,             0.92822,            0.038314,           0.0090203,             0.05878,            0.012115,            0.017645,             0.41577,                   0,             0.00832,             0.00832,             0.00832
                  58,            0.050856,            0.014139,            0.017265,             0.47367,                   0,           0.0039332,             0.92377,            0.047041,            0.010641,            0.058677,            0.012006,            0.017819,             0.40503,                   0,             0.00829,             0.00829,             0.00829
                  59,            0.050157,            0.014034,            0.017153,             0.46079,                   0,           0.0042768,             0.92027,            0.051318,            0.013068,            0.058471,            0.011949,            0.017523,             0.40186,                   0,             0.00826,             0.00826,             0.00826
                  60,            0.049141,            0.014018,            0.016949,               0.451,                   0,           0.0038594,             0.95009,            0.044062,            0.010052,            0.056362,            0.012054,            0.017493,             0.38452,                   0,             0.00823,             0.00823,             0.00823
                  61,            0.049017,            0.013809,            0.016387,                0.43,                   0,           0.0038131,             0.92509,            0.040962,           0.0095175,            0.055182,             0.01197,            0.017264,              0.3772,                   0,              0.0082,              0.0082,              0.0082
                  62,            0.048979,            0.013782,            0.016244,             0.41931,                   0,           0.0041404,             0.90464,            0.042233,            0.010402,            0.054722,            0.011849,            0.016986,             0.36401,                   0,             0.00817,             0.00817,             0.00817
                  63,            0.048412,            0.013765,            0.016012,             0.40955,                   0,             0.55919,            0.024716,            0.054858,            0.013442,            0.056985,            0.011662,            0.017093,             0.35742,                   0,             0.00814,             0.00814,             0.00814
                  64,            0.048055,            0.013656,            0.015678,             0.39467,                   0,            0.044708,            0.033144,            0.039049,            0.010013,            0.060707,            0.011424,            0.016446,              0.3457,                   0,             0.00811,             0.00811,             0.00811
                  65,            0.047303,            0.013525,            0.015701,             0.38574,                   0,           0.0041147,              0.9286,            0.035939,           0.0085145,            0.057628,            0.011491,            0.016354,             0.34009,                   0,             0.00808,             0.00808,             0.00808
                  66,            0.047181,            0.013434,            0.015634,              0.3715,                   0,           0.0047315,             0.88513,            0.049685,            0.010879,            0.055586,             0.01148,            0.016641,              0.3313,                   0,             0.00805,             0.00805,             0.00805
                  67,            0.046972,            0.013385,            0.015552,             0.35772,                   0,           0.0042546,              0.8928,             0.04674,            0.010584,            0.054149,            0.011587,            0.016528,             0.31787,                   0,             0.00802,             0.00802,             0.00802
                  68,            0.046328,            0.013234,            0.015319,             0.36168,                   0,           0.0042658,             0.89905,            0.059029,            0.013869,            0.058117,            0.011214,            0.016077,             0.30713,                   0,             0.00799,             0.00799,             0.00799
                  69,            0.046523,            0.013314,            0.015343,             0.34061,                   0,             0.10892,             0.25814,            0.062232,            0.014565,            0.057084,            0.011372,            0.016104,             0.30396,                   0,             0.00796,             0.00796,             0.00796
                  70,             0.04586,            0.013239,            0.015123,             0.32957,                   0,             0.17427,             0.11429,            0.095208,            0.022042,            0.053361,            0.011313,            0.015991,             0.29712,                   0,             0.00793,             0.00793,             0.00793
                  71,            0.045301,            0.013099,            0.015096,             0.32012,                   0,           0.0039449,             0.92775,             0.10847,            0.026405,            0.056296,            0.011214,             0.01579,             0.28931,                   0,              0.0079,              0.0079,              0.0079
                  72,            0.046215,            0.012978,            0.014759,             0.30859,                   0,           0.0040421,             0.89403,            0.075399,            0.017309,            0.056203,            0.011261,            0.015759,             0.28052,                   0,             0.00787,             0.00787,             0.00787
                  73,            0.044114,            0.012913,            0.014832,             0.30317,                   0,            0.004298,             0.89034,            0.061946,            0.013708,            0.053363,            0.011201,            0.015448,             0.28564,                   0,             0.00784,             0.00784,             0.00784
                  74,            0.045424,            0.012886,            0.014587,               0.292,                   0,              0.2972,            0.011303,             0.08366,            0.017698,            0.053115,            0.011219,            0.015512,             0.27954,                   0,             0.00781,             0.00781,             0.00781
                  75,            0.043992,            0.012804,            0.014651,             0.30059,                   0,           0.0092644,             0.87964,            0.050981,            0.010963,            0.051582,            0.011337,            0.015817,              0.2666,                   0,             0.00778,             0.00778,             0.00778
                  76,            0.044599,            0.012813,            0.014407,             0.27425,                   0,           0.0040872,              0.8929,            0.060718,            0.012424,            0.053146,            0.011227,            0.015952,             0.26465,                   0,             0.00775,             0.00775,             0.00775
                  77,            0.042729,            0.012687,             0.01426,             0.25908,                   0,            0.058724,             0.20619,            0.059688,            0.013439,            0.054743,            0.011134,            0.016327,             0.25586,                   0,             0.00772,             0.00772,             0.00772
                  78,            0.044059,            0.012717,            0.014613,             0.26436,                   0,             0.15272,            0.093655,             0.06179,            0.012993,            0.054335,            0.011008,            0.015625,             0.24231,                   0,             0.00769,             0.00769,             0.00769
                  79,            0.043473,            0.012611,            0.014503,             0.24275,                   0,             0.28158,            0.026042,            0.054498,            0.011777,            0.051586,            0.011116,            0.015567,             0.22803,                   0,             0.00766,             0.00766,             0.00766
                  80,            0.042724,             0.01258,            0.014264,             0.24317,                   0,             0.27228,            0.020833,             0.05113,            0.010817,            0.051169,            0.011047,            0.015778,             0.23547,                   0,             0.00763,             0.00763,             0.00763
                  81,            0.042291,            0.012525,            0.014316,             0.23853,                   0,            0.069075,            0.036458,             0.10668,            0.026926,            0.052546,            0.010992,            0.016068,             0.22278,                   0,              0.0076,              0.0076,              0.0076
                  82,            0.042491,            0.012458,            0.014153,             0.24349,                   0,             0.20044,             0.19489,             0.11801,            0.031814,            0.052282,            0.010989,            0.015781,             0.22754,                   0,             0.00757,             0.00757,             0.00757
                  83,            0.041862,            0.012242,            0.013946,             0.23116,                   0,             0.34346,            0.057292,             0.16134,             0.04412,            0.052881,            0.010973,            0.015683,             0.24451,                   0,             0.00754,             0.00754,             0.00754
                  84,            0.042033,             0.01228,             0.01401,             0.21584,                   0,            0.076643,             0.37765,              0.1045,            0.026903,            0.052787,            0.011035,            0.015799,              0.2323,                   0,             0.00751,             0.00751,             0.00751
                  85,            0.041233,            0.012345,            0.014155,             0.21383,                   0,           0.0038612,             0.88116,            0.083902,            0.020422,             0.05459,            0.010956,            0.015903,             0.22498,                   0,             0.00748,             0.00748,             0.00748
                  86,            0.041393,             0.01226,            0.014052,             0.22922,                   0,             0.28098,            0.019193,            0.092487,            0.022631,            0.050603,            0.011014,             0.01564,             0.21484,                   0,             0.00745,             0.00745,             0.00745
                  87,            0.042102,            0.012105,            0.013899,             0.19789,                   0,             0.55882,            0.018921,              0.1278,            0.033147,            0.054268,            0.010695,            0.015546,             0.22339,                   0,             0.00742,             0.00742,             0.00742
                  88,            0.040827,            0.012179,            0.014151,             0.20214,                   0,             0.53701,            0.015625,             0.10803,            0.025777,            0.051558,            0.010977,            0.015695,             0.22742,                   0,             0.00739,             0.00739,             0.00739
                  89,            0.041108,            0.012127,            0.013996,             0.20178,                   0,             0.17446,            0.075568,             0.10131,            0.025017,            0.052215,            0.010874,            0.015427,             0.20947,                   0,             0.00736,             0.00736,             0.00736
                  90,            0.040314,            0.012094,            0.014046,             0.18788,                   0,                0.19,             0.16269,             0.10018,            0.024902,            0.053642,            0.010889,            0.015417,             0.19922,                   0,             0.00733,             0.00733,             0.00733
                  91,            0.039754,             0.01206,            0.013907,              0.1972,                   0,             0.40886,             0.12559,             0.10022,            0.023632,            0.051214,            0.010813,            0.015405,              0.1842,                   0,              0.0073,              0.0073,              0.0073
                  92,            0.039405,            0.011792,             0.01364,             0.18093,                   0,             0.38648,             0.13301,            0.086845,            0.023479,            0.051827,            0.010879,            0.015341,             0.18396,                   0,             0.00727,             0.00727,             0.00727
                  93,            0.038982,            0.011855,             0.01375,             0.17754,                   0,             0.27079,             0.03125,            0.070502,            0.016983,            0.053176,            0.010961,            0.015509,              0.1792,                   0,             0.00724,             0.00724,             0.00724
                  94,            0.039269,            0.011848,            0.013829,             0.17491,                   0,             0.14217,            0.026197,             0.10198,            0.027302,            0.052419,            0.010784,            0.016098,             0.20557,                   0,             0.00721,             0.00721,             0.00721
                  95,            0.039476,            0.011876,            0.013826,             0.16992,                   0,             0.38099,              0.0625,             0.12197,            0.034204,            0.052766,            0.010802,            0.015485,             0.18579,                   0,             0.00718,             0.00718,             0.00718
                  96,            0.038462,            0.011739,            0.013701,             0.15948,                   0,             0.14348,             0.14773,             0.10796,            0.025857,            0.050641,            0.010826,            0.015582,             0.18311,                   0,             0.00715,             0.00715,             0.00715
                  97,            0.038204,            0.011671,            0.013747,              0.1585,                   0,              0.4505,             0.15483,             0.15389,            0.043583,            0.051859,            0.010784,            0.015277,             0.17896,                   0,             0.00712,             0.00712,             0.00712
                  98,            0.038839,            0.011658,            0.013807,             0.15409,                   0,             0.52617,             0.26028,             0.19305,            0.052393,            0.052468,            0.010871,            0.015436,             0.17273,                   0,             0.00709,             0.00709,             0.00709
                  99,            0.038426,            0.011643,            0.013764,             0.15966,                   0,             0.51417,              0.2036,             0.21316,            0.056129,            0.050949,            0.010826,            0.015347,             0.16467,                   0,             0.00706,             0.00706,             0.00706
                 100,            0.038014,            0.011647,            0.013684,             0.15174,                   0,             0.46745,             0.17377,             0.14913,            0.037259,             0.05102,            0.010956,            0.015829,             0.16907,                   0,             0.00703,             0.00703,             0.00703
                 101,             0.03734,            0.011558,            0.013599,              0.1459,                   0,             0.50559,             0.18145,             0.17341,            0.043846,            0.050634,            0.010757,            0.016006,             0.17041,                   0,               0.007,               0.007,               0.007
                 102,            0.037508,            0.011549,            0.013554,             0.14418,                   0,             0.42158,             0.14962,             0.13919,            0.032167,            0.052352,            0.010721,            0.015897,             0.15674,                   0,             0.00697,             0.00697,             0.00697
                 103,            0.038428,            0.011527,            0.013712,              0.1537,                   0,             0.20637,             0.17818,             0.15468,            0.038752,            0.054121,            0.010674,            0.015598,             0.17322,                   0,             0.00694,             0.00694,             0.00694
                 104,            0.037021,            0.011536,            0.013808,             0.15434,                   0,            0.096966,            0.045928,            0.084695,            0.019333,            0.053939,            0.010715,            0.015466,             0.16553,                   0,             0.00691,             0.00691,             0.00691
                 105,            0.035965,            0.011347,            0.013445,             0.14471,                   0,            0.088402,            0.078719,            0.093093,             0.02401,            0.052001,            0.010895,            0.015561,             0.17053,                   0,             0.00688,             0.00688,             0.00688
                 106,            0.037112,            0.011443,            0.013609,             0.13853,                   0,             0.33758,             0.15987,             0.18677,            0.041795,            0.053282,            0.010811,            0.015384,             0.18005,                   0,             0.00685,             0.00685,             0.00685
                 107,            0.036709,            0.011329,            0.013659,             0.14313,                   0,             0.18725,             0.11919,             0.13087,            0.029582,            0.051078,            0.010731,            0.015878,             0.17908,                   0,             0.00682,             0.00682,             0.00682
                 108,            0.037175,            0.011368,            0.013746,             0.12614,                   0,             0.25487,              0.1302,             0.16606,            0.039178,            0.050721,            0.010716,            0.015521,             0.15564,                   0,             0.00679,             0.00679,             0.00679
                 109,            0.038175,            0.011256,            0.013404,             0.12418,                   0,             0.43326,             0.17994,             0.19533,            0.045195,            0.051111,            0.010781,            0.015472,             0.17932,                   0,             0.00676,             0.00676,             0.00676
                 110,             0.03574,            0.011172,            0.013426,              0.1275,                   0,             0.41364,            0.040791,             0.12628,            0.032334,            0.053607,            0.010794,            0.015924,             0.16089,                   0,             0.00673,             0.00673,             0.00673
                 111,            0.036602,            0.011203,            0.013595,             0.13324,                   0,             0.18558,             0.17102,             0.12662,            0.032788,            0.050382,            0.010726,            0.015561,             0.16187,                   0,              0.0067,              0.0067,              0.0067
                 112,            0.035877,            0.011108,            0.013495,             0.12568,                   0,             0.22856,             0.17712,             0.15642,            0.043881,            0.051684,            0.010834,            0.015875,             0.17468,                   0,             0.00667,             0.00667,             0.00667
                 113,            0.035523,            0.011091,            0.013473,             0.11231,                   0,             0.27849,             0.28153,             0.24522,            0.062581,              0.0504,            0.010866,            0.015543,             0.16016,                   0,             0.00664,             0.00664,             0.00664
                 114,            0.035375,            0.011088,            0.013516,             0.13635,                   0,             0.38429,             0.25237,             0.28496,            0.073662,             0.05364,            0.010647,            0.015195,             0.15796,                   0,             0.00661,             0.00661,             0.00661
                 115,             0.03519,            0.011088,            0.013433,             0.12479,                   0,             0.22021,             0.18011,             0.17083,            0.046452,            0.053269,            0.010758,            0.015497,             0.15869,                   0,             0.00658,             0.00658,             0.00658
                 116,            0.034749,            0.010962,            0.013424,             0.11975,                   0,             0.33709,              0.2395,             0.18647,            0.046414,            0.051066,            0.010789,            0.015445,             0.16003,                   0,             0.00655,             0.00655,             0.00655
                 117,            0.034488,            0.011104,            0.013538,             0.10634,                   0,              0.3217,              0.2634,             0.19355,            0.051538,            0.050562,            0.010836,            0.015482,             0.15222,                   0,             0.00652,             0.00652,             0.00652
                 118,            0.034683,            0.011075,            0.013588,              0.1311,                   0,             0.39492,             0.25447,              0.2521,            0.069407,            0.053572,            0.010763,            0.015872,             0.15784,                   0,             0.00649,             0.00649,             0.00649
                 119,            0.035127,            0.011036,            0.013499,              0.1192,                   0,             0.48879,             0.29945,             0.29752,            0.077238,            0.055587,            0.010645,            0.016034,             0.15344,                   0,             0.00646,             0.00646,             0.00646
                 120,            0.035813,            0.011089,            0.013609,              0.1276,                   0,             0.30715,             0.28561,             0.23961,            0.070819,            0.050936,            0.010702,            0.015543,             0.14941,                   0,             0.00643,             0.00643,             0.00643
                 121,            0.034468,            0.010963,            0.013513,             0.11422,                   0,             0.22013,             0.20739,             0.17602,            0.046847,            0.050386,            0.010786,            0.015643,             0.15137,                   0,              0.0064,              0.0064,              0.0064
                 122,            0.034494,            0.010932,            0.013426,              0.1188,                   0,             0.25419,             0.31013,              0.2438,            0.070293,            0.050862,            0.010544,            0.015408,             0.14368,                   0,             0.00637,             0.00637,             0.00637
                 123,            0.035478,            0.010907,            0.013453,             0.11316,                   0,             0.33539,             0.29742,             0.22524,            0.059279,            0.052611,            0.010563,            0.015439,             0.14648,                   0,             0.00634,             0.00634,             0.00634
                 124,            0.035223,            0.010939,            0.013604,             0.10716,                   0,             0.27148,             0.28816,             0.18382,            0.047899,            0.050466,            0.010776,            0.015335,             0.16235,                   0,             0.00631,             0.00631,             0.00631
                 125,            0.035396,            0.010908,            0.013577,              0.1058,                   0,             0.37742,             0.27746,             0.25649,            0.069033,            0.052156,            0.010778,            0.015848,             0.17981,                   0,             0.00628,             0.00628,             0.00628
                 126,            0.034476,            0.010846,            0.013427,             0.10866,                   0,             0.28104,             0.20966,             0.17532,            0.045454,            0.050301,            0.010724,            0.016049,             0.16138,                   0,             0.00625,             0.00625,             0.00625
                 127,            0.033723,            0.010833,            0.013347,             0.10103,                   0,             0.24805,             0.16609,             0.19835,            0.060145,            0.054912,             0.01056,             0.01601,             0.15894,                   0,             0.00622,             0.00622,             0.00622
                 128,            0.034772,            0.010855,            0.013525,             0.11829,                   0,              0.2801,             0.24981,             0.19147,            0.049544,            0.051964,            0.010657,            0.015744,             0.14319,                   0,             0.00619,             0.00619,             0.00619
                 129,            0.033376,            0.010801,            0.013521,             0.11061,                   0,             0.33511,             0.30334,             0.29778,            0.070329,            0.051054,            0.010744,            0.015619,              0.1571,                   0,             0.00616,             0.00616,             0.00616
                 130,              0.0334,            0.010732,            0.013376,            0.098663,                   0,             0.42218,             0.25523,             0.28428,             0.08111,            0.052229,            0.010802,            0.015726,             0.15381,                   0,             0.00613,             0.00613,             0.00613
                 131,            0.033464,            0.010748,            0.013374,            0.097745,                   0,             0.28036,             0.22953,             0.21087,            0.064349,            0.050849,            0.010724,            0.015836,             0.14026,                   0,              0.0061,              0.0061,              0.0061
                 132,            0.033134,            0.010686,             0.01335,            0.087305,                   0,             0.35069,              0.2696,             0.22326,            0.062164,            0.052103,            0.010686,            0.015735,             0.14966,                   0,             0.00607,             0.00607,             0.00607
                 133,            0.033425,            0.010675,            0.013375,            0.095756,                   0,             0.57899,             0.19375,             0.17192,            0.048338,            0.051996,            0.010914,            0.016077,             0.14868,                   0,             0.00604,             0.00604,             0.00604
                 134,            0.033947,            0.010721,            0.013408,            0.097413,                   0,             0.38606,               0.226,             0.19598,            0.053429,            0.051414,            0.010737,            0.015805,             0.14294,                   0,             0.00601,             0.00601,             0.00601
                 135,             0.03307,            0.010612,            0.013339,            0.091867,                   0,             0.36135,             0.25663,             0.22034,            0.059701,            0.049017,            0.010649,            0.016031,             0.14587,                   0,             0.00598,             0.00598,             0.00598
                 136,            0.033691,            0.010681,            0.013683,             0.10926,                   0,              0.3981,             0.19926,             0.20662,            0.057472,            0.049688,            0.010676,            0.016074,               0.146,                   0,             0.00595,             0.00595,             0.00595
                 137,            0.032478,            0.010603,            0.013436,             0.10703,                   0,             0.39299,             0.26302,             0.25877,            0.080421,            0.050305,            0.010631,            0.016248,             0.15125,                   0,             0.00592,             0.00592,             0.00592
                 138,            0.031361,            0.010586,             0.01344,            0.093695,                   0,             0.54827,              0.2385,             0.25444,            0.073629,            0.049692,            0.010856,            0.015826,             0.14661,                   0,             0.00589,             0.00589,             0.00589
                 139,            0.032584,            0.010689,            0.013524,             0.10899,                   0,             0.36257,              0.2751,             0.27262,            0.086861,            0.050925,            0.010818,            0.015997,             0.15869,                   0,             0.00586,             0.00586,             0.00586
                 140,            0.032303,            0.010511,            0.013318,            0.093195,                   0,             0.53647,             0.29366,             0.32368,            0.089971,            0.051276,            0.010768,            0.015997,             0.13806,                   0,             0.00583,             0.00583,             0.00583
                 141,            0.033614,            0.010627,             0.01344,            0.088081,                   0,             0.39871,             0.26203,             0.27618,             0.08007,            0.050474,             0.01076,            0.015948,             0.13574,                   0,              0.0058,              0.0058,              0.0058
                 142,            0.033013,            0.010672,            0.013643,            0.092051,                   0,             0.31971,             0.27282,              0.2449,            0.066105,            0.049426,             0.01084,            0.015707,             0.14746,                   0,             0.00577,             0.00577,             0.00577
                 143,            0.031402,            0.010522,            0.013308,             0.08516,                   0,             0.43336,             0.31138,             0.31992,            0.086069,            0.050796,            0.010852,            0.015927,             0.14868,                   0,             0.00574,             0.00574,             0.00574
                 144,            0.031623,            0.010547,            0.013361,            0.083627,                   0,              0.5767,             0.38431,             0.34921,             0.10638,            0.050251,            0.010847,            0.015872,             0.15076,                   0,             0.00571,             0.00571,             0.00571
                 145,            0.031366,            0.010499,            0.013511,            0.098466,                   0,             0.36478,             0.19072,               0.213,             0.06538,            0.050893,            0.010824,            0.016052,             0.13562,                   0,             0.00568,             0.00568,             0.00568
                 146,             0.03126,            0.010464,            0.013326,             0.09198,                   0,             0.46576,             0.27563,             0.29768,            0.079285,            0.050142,            0.010798,            0.016113,             0.13745,                   0,             0.00565,             0.00565,             0.00565
                 147,            0.031295,            0.010437,            0.013446,             0.10207,                   0,             0.38084,             0.30476,             0.25783,            0.068236,            0.050554,            0.010871,            0.015924,             0.13489,                   0,             0.00562,             0.00562,             0.00562
                 148,            0.031504,            0.010479,            0.013421,            0.094633,                   0,             0.38742,             0.36286,             0.33103,            0.088962,            0.049874,            0.010787,            0.015903,             0.14441,                   0,             0.00559,             0.00559,             0.00559
                 149,            0.030979,            0.010358,            0.013254,            0.093269,                   0,             0.35363,             0.24642,             0.22438,            0.057822,            0.050093,            0.010811,            0.016211,             0.12439,                   0,             0.00556,             0.00556,             0.00556
                 150,             0.03113,            0.010368,            0.013357,            0.085625,                   0,             0.38739,              0.3311,             0.27965,            0.085051,            0.051617,            0.010718,            0.016226,             0.14795,                   0,             0.00553,             0.00553,             0.00553
                 151,            0.032782,            0.010454,            0.013412,              0.0888,                   0,             0.50378,             0.34145,             0.32487,            0.098799,            0.051335,              0.0107,            0.016086,             0.12537,                   0,              0.0055,              0.0055,              0.0055
                 152,            0.031402,            0.010479,            0.013461,            0.090723,                   0,             0.45885,             0.28452,              0.2734,            0.080853,            0.049943,             0.01074,            0.016183,             0.13977,                   0,             0.00547,             0.00547,             0.00547
                 153,            0.031569,            0.010424,            0.013433,            0.087675,                   0,             0.36482,             0.28848,             0.25939,            0.073205,            0.050636,            0.010873,            0.016342,             0.15234,                   0,             0.00544,             0.00544,             0.00544
                 154,            0.030716,            0.010408,            0.013306,            0.087919,                   0,             0.42251,             0.35067,             0.30235,            0.088579,            0.052875,            0.010902,            0.016498,             0.13281,                   0,             0.00541,             0.00541,             0.00541
                 155,            0.032395,            0.010434,            0.013423,            0.081806,                   0,             0.43219,             0.35212,             0.30893,            0.090455,            0.049714,             0.01084,            0.016095,             0.12292,                   0,             0.00538,             0.00538,             0.00538
                 156,            0.030608,              0.0104,            0.013383,            0.089988,                   0,             0.36553,             0.33807,             0.30583,            0.092385,            0.051678,            0.010766,            0.015973,             0.12524,                   0,             0.00535,             0.00535,             0.00535
                 157,            0.030004,            0.010302,            0.013343,            0.091526,                   0,             0.40763,             0.28016,             0.29469,            0.085259,            0.050567,            0.010858,            0.015897,             0.12537,                   0,             0.00532,             0.00532,             0.00532
                 158,             0.03011,            0.010309,            0.013254,            0.089306,                   0,             0.54791,             0.37944,             0.40319,             0.11686,            0.048687,            0.010948,              0.0159,             0.15747,                   0,             0.00529,             0.00529,             0.00529
                 159,             0.03173,            0.010429,            0.013412,            0.094943,                   0,             0.41717,              0.3632,             0.32167,            0.099037,            0.050317,            0.010821,            0.015915,             0.13538,                   0,             0.00526,             0.00526,             0.00526
                 160,            0.030764,            0.010314,            0.013294,            0.091299,                   0,             0.60375,             0.28526,             0.29242,            0.092444,            0.049836,            0.010985,            0.016193,             0.14026,                   0,             0.00523,             0.00523,             0.00523
                 161,            0.030955,            0.010361,            0.013231,            0.086135,                   0,              0.6371,             0.42131,             0.41878,             0.12553,            0.050108,            0.010876,            0.016217,             0.14417,                   0,              0.0052,              0.0052,              0.0052
                 162,            0.030661,            0.010315,            0.013359,            0.086031,                   0,              0.5585,             0.34651,             0.33334,            0.097596,            0.050736,            0.010755,             0.01619,             0.14355,                   0,             0.00517,             0.00517,             0.00517
                 163,            0.029547,            0.010205,            0.013322,            0.086435,                   0,             0.46127,             0.33969,             0.34135,            0.099659,            0.049682,            0.010914,             0.01644,             0.13354,                   0,             0.00514,             0.00514,             0.00514
                 164,            0.029862,            0.010222,            0.013492,            0.090317,                   0,             0.52969,              0.3427,             0.34475,             0.11078,            0.049447,            0.010905,            0.016202,             0.13574,                   0,             0.00511,             0.00511,             0.00511
                 165,            0.029372,            0.010252,            0.013454,            0.085521,                   0,             0.57497,             0.45186,             0.42704,             0.12071,            0.049817,            0.010821,            0.015979,             0.15576,                   0,             0.00508,             0.00508,             0.00508
                 166,            0.030198,            0.010207,            0.013452,            0.087207,                   0,             0.44931,             0.28646,             0.29811,            0.087988,             0.05031,            0.010863,            0.016223,             0.14526,                   0,             0.00505,             0.00505,             0.00505
                 167,            0.029993,            0.010251,            0.013356,            0.079155,                   0,             0.49374,              0.3746,             0.32053,             0.10332,            0.051142,            0.010778,            0.016217,             0.15857,                   0,             0.00502,             0.00502,             0.00502
                 168,            0.029332,            0.010172,            0.013422,            0.074834,                   0,             0.57221,             0.45331,             0.44118,             0.14651,            0.050364,            0.010865,            0.016223,             0.13635,                   0,             0.00499,             0.00499,             0.00499
                 169,             0.02927,            0.010122,            0.013247,            0.087309,                   0,             0.54242,             0.44088,             0.41848,             0.12347,            0.050965,            0.010892,            0.016562,             0.13013,                   0,             0.00496,             0.00496,             0.00496
                 170,            0.028635,            0.010091,            0.013398,            0.077632,                   0,             0.64924,             0.42705,             0.43086,             0.14223,            0.050157,            0.010881,            0.016586,             0.13672,                   0,             0.00493,             0.00493,             0.00493
                 171,            0.030275,            0.010203,            0.013494,            0.085504,                   0,             0.67699,             0.42112,             0.44097,             0.17126,            0.051348,            0.010968,            0.016675,              0.1355,                   0,              0.0049,              0.0049,              0.0049
                 172,            0.029486,            0.010187,            0.013422,            0.087965,                   0,             0.61239,             0.39471,             0.38091,             0.13412,            0.050024,            0.010782,            0.016098,             0.14429,                   0,             0.00487,             0.00487,             0.00487
                 173,            0.031729,            0.010173,            0.013303,            0.076109,                   0,             0.57979,              0.4964,             0.47291,             0.13796,            0.049821,            0.010824,            0.016245,             0.14099,                   0,             0.00484,             0.00484,             0.00484
                 174,            0.029683,            0.010197,            0.013314,            0.087087,                   0,             0.46194,             0.36732,             0.34009,             0.10399,            0.051673,            0.010805,            0.016183,             0.12305,                   0,             0.00481,             0.00481,             0.00481
                 175,            0.028914,             0.01014,            0.013351,            0.076528,                   0,             0.40288,             0.32717,             0.30113,            0.090172,            0.049879,            0.010861,            0.016403,             0.14355,                   0,             0.00478,             0.00478,             0.00478
                 176,            0.029233,            0.010087,            0.013227,            0.070128,                   0,             0.55577,             0.34388,             0.38731,             0.11224,            0.050746,            0.011085,            0.016656,             0.15076,                   0,             0.00475,             0.00475,             0.00475
                 177,            0.028574,            0.010124,            0.013427,            0.083235,                   0,              0.5269,             0.40932,             0.36285,             0.12244,            0.051215,            0.011085,            0.016653,             0.13855,                   0,             0.00472,             0.00472,             0.00472
                 178,            0.029275,            0.010118,            0.013405,            0.079537,                   0,             0.60821,             0.47202,             0.46131,             0.17268,            0.054244,            0.011048,            0.016742,             0.13293,                   0,             0.00469,             0.00469,             0.00469
                 179,            0.029664,            0.010015,            0.013165,            0.080408,                   0,             0.62896,             0.51018,             0.48017,             0.17205,            0.049576,            0.010887,            0.016159,             0.13013,                   0,             0.00466,             0.00466,             0.00466
                 180,            0.028971,            0.010188,            0.013363,             0.07801,                   0,             0.60463,             0.48929,             0.48212,             0.17784,            0.050546,            0.010769,            0.016235,             0.12537,                   0,             0.00463,             0.00463,             0.00463
                 181,             0.02871,            0.010023,            0.013288,            0.075042,                   0,             0.65435,             0.45402,             0.47208,              0.1726,            0.052793,            0.010895,            0.016183,             0.11688,                   0,              0.0046,              0.0046,              0.0046
                 182,            0.028844,            0.010085,            0.013216,             0.06892,                   0,             0.61521,             0.42964,             0.41018,             0.13411,            0.050199,            0.010942,            0.016095,             0.11902,                   0,             0.00457,             0.00457,             0.00457
                 183,            0.028436,            0.010054,            0.013325,            0.080053,                   0,             0.61549,             0.40682,             0.39223,             0.12132,            0.050204,            0.010884,            0.016193,             0.11725,                   0,             0.00454,             0.00454,             0.00454
                 184,            0.028189,            0.010032,            0.013218,            0.074155,                   0,             0.66205,             0.47611,             0.46985,             0.16296,            0.051078,            0.010858,              0.0164,             0.12128,                   0,             0.00451,             0.00451,             0.00451
                 185,            0.028562,            0.010056,            0.013273,            0.074068,                   0,             0.57483,             0.48475,              0.4273,             0.14977,            0.050112,            0.010927,            0.016409,             0.12793,                   0,             0.00448,             0.00448,             0.00448
                 186,             0.02839,             0.01001,            0.013259,            0.090679,                   0,             0.62956,              0.4347,             0.44408,              0.1503,            0.051807,            0.011043,            0.016348,             0.12781,                   0,             0.00445,             0.00445,             0.00445
                 187,            0.029821,            0.010016,            0.013211,            0.073998,                   0,             0.56176,             0.42396,             0.41485,             0.13479,            0.051582,            0.010916,            0.016226,             0.12378,                   0,             0.00442,             0.00442,             0.00442
                 188,            0.028224,           0.0099905,            0.013215,            0.069971,                   0,             0.58472,             0.43684,              0.4168,             0.15438,            0.051139,            0.011058,            0.016541,             0.13989,                   0,             0.00439,             0.00439,             0.00439
                 189,            0.027242,           0.0098759,            0.013169,            0.070159,                   0,             0.65687,             0.48405,             0.48771,             0.17953,            0.050376,            0.010929,            0.016333,             0.14124,                   0,             0.00436,             0.00436,             0.00436
                 190,            0.026322,           0.0098348,            0.013214,            0.070182,                   0,             0.59384,             0.46193,             0.44116,             0.16422,            0.049451,            0.010877,            0.016315,             0.13123,                   0,             0.00433,             0.00433,             0.00433
                 191,            0.027999,           0.0099033,            0.013237,            0.068131,                   0,             0.64492,             0.44503,             0.48611,             0.17547,            0.050343,            0.011164,            0.016617,             0.13721,                   0,              0.0043,              0.0043,              0.0043
                 192,            0.027682,           0.0098697,            0.013173,            0.068047,                   0,             0.71173,             0.50592,             0.54553,             0.18956,               0.051,            0.011137,            0.016455,             0.14404,                   0,             0.00427,             0.00427,             0.00427
                 193,            0.026096,           0.0098236,            0.013161,            0.067238,                   0,              0.6956,             0.44933,             0.47544,             0.16788,            0.050625,            0.011126,            0.016379,             0.14221,                   0,             0.00424,             0.00424,             0.00424
                 194,            0.027326,           0.0099465,            0.013428,            0.077459,                   0,             0.68652,             0.44573,              0.4344,             0.15159,            0.051699,            0.011137,             0.01647,             0.12439,                   0,             0.00421,             0.00421,             0.00421
                 195,            0.028589,           0.0098647,            0.013299,            0.070014,                   0,             0.63276,             0.49224,             0.47756,             0.14934,            0.049744,            0.011053,            0.016223,              0.1217,                   0,             0.00418,             0.00418,             0.00418
                 196,             0.02778,           0.0099564,              0.0134,            0.083436,                   0,             0.64005,             0.55363,             0.52273,             0.16364,            0.050295,            0.011056,            0.016379,             0.13013,                   0,             0.00415,             0.00415,             0.00415
                 197,             0.02715,           0.0099166,            0.013339,            0.072404,                   0,             0.74061,             0.57418,             0.61002,             0.21616,            0.050702,            0.011113,             0.01665,             0.12659,                   0,             0.00412,             0.00412,             0.00412
                 198,            0.026389,           0.0099066,            0.013334,            0.069823,                   0,             0.70845,             0.57468,             0.58199,              0.2002,            0.050639,            0.011158,            0.016678,             0.11591,                   0,             0.00409,             0.00409,             0.00409
                 199,            0.026186,           0.0098229,            0.013186,            0.074945,                   0,             0.75288,             0.53944,             0.57922,              0.1965,            0.049789,            0.011148,            0.016391,             0.12134,                   0,             0.00406,             0.00406,             0.00406
                 200,            0.027571,           0.0098311,            0.013205,            0.076297,                   0,             0.78413,             0.51406,             0.53884,             0.18573,            0.049638,            0.011255,            0.016519,              0.1311,                   0,             0.00403,             0.00403,             0.00403
                 201,            0.027891,           0.0098323,            0.013295,            0.068303,                   0,             0.78048,             0.59287,              0.6121,             0.21128,            0.050844,            0.011139,            0.016522,             0.13477,                   0,               0.004,               0.004,               0.004
                 202,            0.026168,           0.0097899,            0.013249,            0.071851,                   0,             0.64232,             0.50568,             0.49927,             0.17459,            0.050234,             0.01105,            0.016208,             0.13843,                   0,             0.00397,             0.00397,             0.00397
                 203,            0.026315,           0.0097542,             0.01316,            0.075263,                   0,             0.68184,             0.50603,             0.52651,             0.18164,            0.051008,            0.011208,            0.016208,             0.13745,                   0,             0.00394,             0.00394,             0.00394
                 204,            0.026562,            0.009759,            0.013151,            0.067096,                   0,             0.68589,             0.52147,             0.50296,             0.18465,            0.050036,            0.011143,            0.016153,             0.12177,                   0,             0.00391,             0.00391,             0.00391
                 205,            0.025871,           0.0096387,            0.013127,            0.067694,                   0,             0.67576,             0.53658,             0.51483,             0.18113,            0.050715,            0.011301,            0.016382,              0.1272,                   0,             0.00388,             0.00388,             0.00388
                 206,            0.027455,           0.0098459,            0.013323,            0.077789,                   0,             0.67955,             0.56231,              0.5389,             0.19711,            0.050616,            0.011071,            0.016559,              0.1283,                   0,             0.00385,             0.00385,             0.00385
                 207,            0.026417,           0.0098198,             0.01331,             0.07087,                   0,             0.78379,             0.61346,             0.62365,             0.22726,            0.050675,            0.011082,            0.016721,              0.1228,                   0,             0.00382,             0.00382,             0.00382
                 208,            0.026915,           0.0098556,            0.013175,            0.069882,                   0,             0.67462,             0.64376,             0.61759,             0.22166,            0.049816,            0.011121,            0.016571,             0.12634,                   0,             0.00379,             0.00379,             0.00379
                 209,            0.026343,           0.0098223,            0.013251,            0.072684,                   0,             0.71532,              0.6389,             0.62668,             0.22247,            0.049995,            0.011034,            0.016425,             0.14014,                   0,             0.00376,             0.00376,             0.00376
                 210,            0.025586,           0.0096982,            0.013189,             0.06657,                   0,             0.78288,             0.58156,             0.64437,             0.23101,            0.050062,            0.011106,            0.016592,             0.13611,                   0,             0.00373,             0.00373,             0.00373
                 211,            0.025525,            0.009663,            0.013203,            0.071489,                   0,             0.71513,             0.57823,             0.60734,             0.23387,            0.049655,            0.011113,            0.016861,             0.12549,                   0,              0.0037,              0.0037,              0.0037
                 212,             0.02675,           0.0097211,            0.013199,            0.074924,                   0,             0.73145,              0.5796,             0.59835,              0.2034,            0.049116,            0.011098,            0.016763,             0.12396,                   0,             0.00367,             0.00367,             0.00367
                 213,            0.025345,           0.0097013,            0.013293,             0.06741,                   0,             0.68196,             0.50865,             0.53755,             0.19789,            0.050038,            0.010995,            0.016696,             0.13135,                   0,             0.00364,             0.00364,             0.00364
                 214,            0.024752,           0.0097029,            0.013235,            0.064236,                   0,              0.7394,             0.59099,             0.62011,             0.22232,            0.048905,            0.011089,            0.016681,             0.13513,                   0,             0.00361,             0.00361,             0.00361
                 215,            0.025243,           0.0097248,            0.013352,            0.083129,                   0,             0.71844,             0.58142,             0.59424,               0.221,            0.049953,            0.011037,            0.016467,             0.14124,                   0,             0.00358,             0.00358,             0.00358
                 216,            0.026122,           0.0097514,             0.01331,            0.076689,                   0,             0.70325,             0.58759,             0.55778,              0.2137,            0.050871,            0.011016,            0.016824,             0.12384,                   0,             0.00355,             0.00355,             0.00355
                 217,            0.025861,           0.0097942,            0.013416,            0.085207,                   0,             0.72137,             0.54793,             0.56282,             0.19788,            0.049923,             0.01104,            0.016635,             0.11859,                   0,             0.00352,             0.00352,             0.00352
                 218,            0.027225,            0.009725,            0.013206,            0.067604,                   0,             0.73449,             0.62502,             0.61655,             0.22866,            0.050039,            0.011003,            0.016422,             0.12915,                   0,             0.00349,             0.00349,             0.00349
                 219,            0.025216,           0.0097382,            0.013139,            0.071996,                   0,             0.74447,             0.64946,             0.63779,             0.23677,            0.049763,            0.011247,             0.01673,             0.12842,                   0,             0.00346,             0.00346,             0.00346
                 220,            0.025156,           0.0096647,            0.013149,            0.064546,                   0,             0.71641,             0.57035,             0.61041,             0.22708,             0.05049,            0.011316,            0.016779,             0.12079,                   0,             0.00343,             0.00343,             0.00343
                 221,            0.024412,           0.0096446,            0.013166,            0.068639,                   0,              0.7214,             0.61013,             0.64869,             0.23252,            0.050939,            0.011238,            0.016714,             0.13684,                   0,              0.0034,              0.0034,              0.0034
                 222,              0.0257,           0.0096863,            0.013249,            0.063095,                   0,             0.76553,             0.61751,             0.62964,             0.22498,            0.049893,            0.011081,            0.016696,             0.14075,                   0,             0.00337,             0.00337,             0.00337
                 223,             0.02562,           0.0096278,            0.013201,            0.074999,                   0,             0.67704,             0.55747,             0.53597,             0.17471,            0.049836,            0.011201,              0.0168,              0.1272,                   0,             0.00334,             0.00334,             0.00334
                 224,            0.024335,           0.0095484,            0.013151,             0.07586,                   0,             0.67418,             0.52655,             0.52436,             0.17418,            0.050147,            0.011222,            0.016864,             0.12878,                   0,             0.00331,             0.00331,             0.00331
                 225,            0.023994,           0.0095769,            0.013189,            0.071599,                   0,             0.76302,             0.61674,              0.6514,             0.25425,            0.050499,            0.011134,            0.016693,              0.1366,                   0,             0.00328,             0.00328,             0.00328
                 226,            0.024742,           0.0096119,            0.013173,            0.071626,                   0,             0.74282,             0.66045,             0.68135,             0.26571,            0.049648,            0.011135,            0.016711,             0.13965,                   0,             0.00325,             0.00325,             0.00325
                 227,            0.024152,           0.0095572,            0.013228,            0.070316,                   0,             0.78577,             0.63448,             0.65664,             0.26487,            0.049803,            0.011221,            0.016919,             0.13586,                   0,             0.00322,             0.00322,             0.00322
                 228,            0.025891,           0.0096033,            0.013184,            0.066729,                   0,             0.80025,             0.63187,             0.63694,             0.24538,            0.050672,              0.0112,            0.016837,             0.12549,                   0,             0.00319,             0.00319,             0.00319
                 229,            0.023902,           0.0095967,            0.013217,            0.075006,                   0,             0.78408,             0.66362,             0.65377,             0.24256,            0.049177,            0.011248,            0.016803,             0.12128,                   0,             0.00316,             0.00316,             0.00316
                 230,            0.024195,           0.0095505,             0.01316,            0.064942,                   0,              0.7129,             0.59281,             0.60254,             0.21346,            0.049846,            0.011205,            0.016531,             0.12219,                   0,             0.00313,             0.00313,             0.00313
                 231,            0.025213,           0.0096841,            0.013255,            0.071134,                   0,             0.74382,             0.55392,             0.58139,             0.22625,            0.050008,            0.011285,            0.016577,              0.1283,                   0,              0.0031,              0.0031,              0.0031
                 232,            0.023635,           0.0095696,            0.013167,            0.068179,                   0,              0.7443,             0.60924,             0.59872,             0.22746,            0.050564,             0.01129,            0.016983,             0.12317,                   0,             0.00307,             0.00307,             0.00307
                 233,            0.023865,           0.0095208,            0.013247,            0.072245,                   0,             0.79276,             0.61757,             0.62358,             0.22572,            0.051715,            0.011287,             0.01698,             0.13062,                   0,             0.00304,             0.00304,             0.00304
                 234,            0.024915,           0.0095447,            0.013231,            0.071004,                   0,             0.79086,              0.6759,             0.67412,             0.24451,            0.050136,            0.011253,            0.016629,             0.12646,                   0,             0.00301,             0.00301,             0.00301
                 235,            0.025107,           0.0096124,            0.013216,            0.061992,                   0,             0.78112,             0.65315,             0.64111,             0.22908,             0.05047,            0.011285,             0.01673,             0.12561,                   0,             0.00298,             0.00298,             0.00298
                 236,            0.023817,           0.0095656,            0.013168,            0.064196,                   0,             0.75349,              0.6713,             0.66146,             0.24468,            0.049467,            0.011261,            0.017166,              0.1311,                   0,             0.00295,             0.00295,             0.00295
                 237,            0.023481,            0.009497,            0.013146,            0.070913,                   0,             0.75714,             0.62555,             0.65626,              0.2363,            0.051001,            0.011416,            0.017114,             0.12671,                   0,             0.00292,             0.00292,             0.00292
                 238,            0.024791,           0.0095084,            0.013208,            0.066447,                   0,             0.77536,             0.65101,             0.65901,             0.24754,            0.050841,            0.011348,            0.016968,             0.12695,                   0,             0.00289,             0.00289,             0.00289
                 239,            0.023325,           0.0095437,            0.013143,            0.072076,                   0,             0.79069,             0.62656,              0.6573,             0.24288,            0.050793,            0.011293,            0.016962,             0.11658,                   0,             0.00286,             0.00286,             0.00286
                 240,            0.023982,           0.0094688,            0.013074,            0.063105,                   0,             0.78457,             0.64434,              0.6505,             0.24168,            0.049915,            0.011388,            0.017059,             0.11969,                   0,             0.00283,             0.00283,             0.00283
                 241,            0.024186,           0.0095033,            0.013114,            0.071265,                   0,             0.78243,             0.65527,             0.67756,             0.24974,            0.051898,            0.011374,            0.017017,             0.12964,                   0,              0.0028,              0.0028,              0.0028
                 242,             0.02476,            0.009431,             0.01314,            0.076829,                   0,             0.75928,              0.6736,             0.67055,             0.24051,             0.05098,            0.011464,             0.01701,             0.12189,                   0,             0.00277,             0.00277,             0.00277
                 243,            0.023804,           0.0094558,            0.013338,            0.063178,                   0,             0.77117,             0.64377,             0.64187,             0.24627,            0.051234,            0.011553,            0.017273,             0.13013,                   0,             0.00274,             0.00274,             0.00274
                 244,            0.023351,           0.0094302,            0.013168,            0.066367,                   0,             0.79681,             0.61127,             0.62485,             0.24881,             0.05145,            0.011467,            0.017203,             0.13684,                   0,             0.00271,             0.00271,             0.00271
                 245,            0.023244,           0.0094862,            0.013187,            0.063439,                   0,             0.74126,              0.6454,             0.62694,             0.23916,            0.049845,            0.011337,            0.017032,             0.12854,                   0,             0.00268,             0.00268,             0.00268
                 246,            0.023358,           0.0094492,            0.013098,            0.068068,                   0,             0.76592,             0.69655,             0.65426,             0.23339,            0.051141,            0.011371,            0.017038,             0.13232,                   0,             0.00265,             0.00265,             0.00265
                 247,            0.023067,           0.0094539,              0.0132,            0.064334,                   0,              0.7667,             0.63917,             0.64344,             0.24373,            0.050635,            0.011206,            0.016776,                0.13,                   0,             0.00262,             0.00262,             0.00262
                 248,            0.023348,           0.0093858,            0.013153,            0.068324,                   0,             0.78395,             0.61713,             0.63627,             0.24091,            0.049435,            0.011234,            0.016696,             0.12421,                   0,             0.00259,             0.00259,             0.00259
                 249,            0.023545,           0.0094344,            0.013209,            0.064767,                   0,             0.81115,             0.71234,              0.6978,             0.26616,             0.04962,             0.01125,            0.016864,              0.1333,                   0,             0.00256,             0.00256,             0.00256
                 250,            0.022154,           0.0093667,            0.013172,            0.069046,                   0,             0.81443,             0.71725,             0.69132,             0.26473,            0.050868,            0.011172,            0.016956,             0.13098,                   0,             0.00253,             0.00253,             0.00253
                 251,            0.023463,           0.0094022,            0.013137,            0.065604,                   0,             0.77081,              0.6857,             0.64663,             0.24969,            0.051446,            0.011216,            0.017078,              0.1261,                   0,              0.0025,              0.0025,              0.0025
                 252,            0.024931,           0.0094446,            0.013215,            0.072137,                   0,             0.67875,             0.63117,             0.58339,             0.23281,             0.05075,            0.011288,            0.016916,              0.1228,                   0,             0.00247,             0.00247,             0.00247
                 253,            0.022178,           0.0093982,            0.013118,            0.063224,                   0,             0.78817,             0.66295,              0.6462,             0.24841,            0.050196,            0.011313,            0.016855,             0.12427,                   0,             0.00244,             0.00244,             0.00244
                 254,            0.022376,           0.0093602,            0.013183,            0.075543,                   0,             0.79264,              0.7078,             0.66361,             0.25828,            0.049829,            0.011285,            0.016864,              0.1236,                   0,             0.00241,             0.00241,             0.00241
                 255,            0.022822,           0.0094129,            0.013242,            0.070619,                   0,             0.79256,             0.66848,              0.6585,              0.2413,             0.05168,            0.011459,            0.017245,             0.13672,                   0,             0.00238,             0.00238,             0.00238
                 256,             0.02256,           0.0094052,            0.013151,             0.06165,                   0,             0.78594,             0.62821,             0.64814,             0.26822,            0.050285,            0.011356,             0.01713,             0.12927,                   0,             0.00235,             0.00235,             0.00235
                 257,            0.021724,           0.0093295,            0.013213,            0.066937,                   0,             0.78263,             0.66335,             0.67607,             0.27814,            0.050102,            0.011411,            0.017038,             0.12646,                   0,             0.00232,             0.00232,             0.00232
                 258,            0.022646,           0.0093216,            0.013137,             0.06527,                   0,             0.78023,             0.69272,             0.65701,             0.25946,            0.049982,            0.011498,            0.017142,             0.12396,                   0,             0.00229,             0.00229,             0.00229
                 259,            0.022232,           0.0093437,            0.013095,            0.062514,                   0,             0.76157,             0.64977,             0.64369,             0.26941,             0.04993,            0.011482,            0.017139,              0.1272,                   0,             0.00226,             0.00226,             0.00226
                 260,            0.022508,           0.0093361,            0.013095,            0.064469,                   0,             0.78715,             0.67164,             0.66537,             0.26917,            0.050425,            0.011459,            0.016931,             0.13074,                   0,             0.00223,             0.00223,             0.00223
                 261,            0.021352,           0.0092797,            0.013169,            0.066101,                   0,             0.82646,             0.69364,             0.68149,             0.26159,            0.049901,            0.011422,            0.017056,             0.13049,                   0,              0.0022,              0.0022,              0.0022
                 262,            0.022352,            0.009357,             0.01322,            0.069674,                   0,             0.72236,             0.64931,             0.61399,             0.23029,            0.049837,            0.011479,            0.017084,             0.12512,                   0,             0.00217,             0.00217,             0.00217
                 263,            0.021667,           0.0092555,            0.013159,            0.071238,                   0,             0.77647,             0.68938,             0.67274,             0.25313,            0.050655,             0.01148,            0.017035,             0.12018,                   0,             0.00214,             0.00214,             0.00214
                 264,               0.022,           0.0093182,            0.013148,            0.062112,                   0,             0.75711,             0.66666,             0.63952,             0.24687,             0.05059,            0.011554,            0.017169,             0.12512,                   0,             0.00211,             0.00211,             0.00211
                 265,            0.022219,           0.0093413,            0.013162,            0.071296,                   0,             0.78161,             0.63192,             0.63887,             0.24717,            0.050934,            0.011475,            0.017291,             0.13538,                   0,             0.00208,             0.00208,             0.00208
                 266,            0.020966,           0.0092954,            0.013111,            0.069827,                   0,              0.7966,             0.58883,             0.61096,             0.21902,            0.050916,            0.011595,            0.017297,             0.12866,                   0,             0.00205,             0.00205,             0.00205
                 267,            0.020616,           0.0092295,            0.013157,            0.066687,                   0,             0.77844,             0.66809,             0.62626,             0.23388,            0.050375,            0.011677,            0.017032,             0.12646,                   0,             0.00202,             0.00202,             0.00202
                 268,            0.021327,           0.0092465,            0.013076,            0.063487,                   0,             0.78656,             0.66257,             0.65761,             0.24477,            0.049792,             0.01155,            0.016953,             0.12354,                   0,             0.00199,             0.00199,             0.00199
                 269,            0.021983,           0.0092948,            0.013092,            0.064902,                   0,             0.77114,             0.68783,             0.66863,             0.24005,             0.05014,            0.011446,              0.0172,             0.12268,                   0,             0.00196,             0.00196,             0.00196
                 270,            0.023066,           0.0093766,            0.013295,            0.069037,                   0,             0.73507,             0.65651,             0.65473,             0.25593,            0.050117,            0.011506,            0.017285,             0.12305,                   0,             0.00193,             0.00193,             0.00193
                 271,            0.022878,           0.0093836,            0.013164,            0.071267,                   0,             0.82996,              0.6153,             0.63929,               0.237,            0.052112,            0.011529,            0.017401,             0.11652,                   0,              0.0019,              0.0019,              0.0019
                 272,            0.022179,            0.009275,            0.013142,            0.066056,                   0,             0.79893,             0.66348,             0.65373,             0.25124,            0.049996,            0.011361,            0.017313,             0.12329,                   0,             0.00187,             0.00187,             0.00187
                 273,            0.021344,           0.0091961,            0.013071,            0.068965,                   0,             0.77814,             0.71381,             0.68544,             0.27436,            0.049776,            0.011485,            0.017419,             0.13135,                   0,             0.00184,             0.00184,             0.00184
                 274,            0.022436,           0.0092909,            0.013171,            0.064565,                   0,             0.81709,             0.67881,             0.65569,             0.25417,            0.050618,            0.011448,            0.017429,              0.1283,                   0,             0.00181,             0.00181,             0.00181
                 275,            0.020929,           0.0092601,            0.013122,            0.070771,                   0,             0.79709,               0.704,             0.67571,             0.27181,             0.04994,            0.011469,            0.017282,             0.12927,                   0,             0.00178,             0.00178,             0.00178
                 276,            0.020889,           0.0092044,            0.013139,            0.066702,                   0,             0.77506,             0.68996,             0.65859,             0.24994,            0.050909,              0.0115,            0.017279,             0.12695,                   0,             0.00175,             0.00175,             0.00175
                 277,            0.020306,           0.0091859,            0.013083,            0.067033,                   0,             0.76319,             0.67487,              0.6533,             0.23983,            0.051061,            0.011532,            0.017395,             0.12469,                   0,             0.00172,             0.00172,             0.00172
                 278,            0.020239,           0.0091394,            0.013046,            0.061522,                   0,             0.78351,             0.71345,             0.69686,             0.26039,            0.050444,            0.011574,            0.017456,             0.13269,                   0,             0.00169,             0.00169,             0.00169
                 279,            0.019911,           0.0091707,            0.013234,            0.072114,                   0,              0.8076,             0.72052,             0.71146,             0.27157,            0.050988,             0.01154,            0.017447,             0.13208,                   0,             0.00166,             0.00166,             0.00166
                 280,             0.02024,           0.0092279,            0.013185,            0.068176,                   0,             0.82548,             0.75044,             0.73047,             0.27255,            0.050406,            0.011543,            0.017343,             0.12482,                   0,             0.00163,             0.00163,             0.00163
                 281,            0.021097,           0.0091916,            0.013079,            0.066853,                   0,             0.79087,             0.69164,             0.65949,             0.25246,             0.05095,             0.01168,            0.017499,              0.1178,                   0,              0.0016,              0.0016,              0.0016
                 282,            0.020828,           0.0091768,            0.013083,            0.065824,                   0,             0.77939,             0.68034,             0.65877,             0.25395,            0.050517,            0.011699,             0.01756,             0.11121,                   0,             0.00157,             0.00157,             0.00157
                 283,            0.021581,           0.0091746,            0.013088,            0.066851,                   0,             0.77503,             0.69979,             0.66101,             0.26576,            0.051081,            0.011687,            0.017593,             0.10938,                   0,             0.00154,             0.00154,             0.00154
                 284,            0.020876,           0.0092172,            0.013152,             0.06895,                   0,             0.79858,             0.71342,             0.70061,             0.27865,            0.049463,            0.011491,            0.017462,             0.10986,                   0,             0.00151,             0.00151,             0.00151
                 285,            0.020194,           0.0091485,            0.013122,            0.067711,                   0,             0.76235,             0.68319,             0.68211,             0.26537,            0.050055,            0.011574,             0.01759,             0.11798,                   0,             0.00148,             0.00148,             0.00148
                 286,            0.019204,           0.0090645,            0.013147,            0.075123,                   0,             0.78553,             0.69565,             0.67998,             0.26559,            0.050227,            0.011635,            0.017453,             0.11798,                   0,             0.00145,             0.00145,             0.00145
                 287,            0.020356,           0.0091262,            0.013091,            0.062036,                   0,             0.78882,             0.69668,             0.68667,             0.27514,            0.050027,            0.011666,            0.017484,              0.1156,                   0,             0.00142,             0.00142,             0.00142
                 288,            0.021015,           0.0091227,              0.0131,            0.069289,                   0,              0.7859,             0.68842,             0.65431,             0.24803,            0.050405,            0.011664,            0.017413,             0.11462,                   0,             0.00139,             0.00139,             0.00139
                 289,            0.019739,           0.0091285,            0.013074,            0.075702,                   0,             0.79564,             0.69962,             0.65542,              0.2489,            0.050745,            0.011648,            0.017596,             0.11511,                   0,             0.00136,             0.00136,             0.00136
                 290,            0.019243,           0.0090882,            0.013203,            0.065138,                   0,             0.83744,             0.71998,             0.71061,             0.26887,            0.050143,            0.011651,            0.017508,             0.11322,                   0,             0.00133,             0.00133,             0.00133
                 291,            0.020202,           0.0091166,            0.013061,             0.06685,                   0,              0.7975,             0.71648,             0.68701,             0.25412,             0.05061,             0.01169,            0.017468,             0.10834,                   0,              0.0013,              0.0013,              0.0013
                 292,             0.01906,           0.0090289,            0.013085,            0.062762,                   0,             0.84549,             0.71698,             0.70879,              0.2667,            0.050384,            0.011698,            0.017416,             0.11237,                   0,             0.00127,             0.00127,             0.00127
                 293,            0.018829,           0.0090533,            0.013136,             0.06524,                   0,             0.79387,             0.69985,             0.66146,             0.24869,            0.050815,            0.011782,            0.017395,             0.11407,                   0,             0.00124,             0.00124,             0.00124
                 294,            0.018977,           0.0090053,            0.013149,            0.068353,                   0,             0.76834,             0.65365,             0.62957,             0.24237,             0.05125,            0.011764,            0.017377,             0.11395,                   0,             0.00121,             0.00121,             0.00121
                 295,            0.019194,           0.0090478,             0.01312,            0.069684,                   0,             0.81194,             0.68739,             0.67216,             0.25752,             0.05057,            0.011764,             0.01756,             0.11755,                   0,             0.00118,             0.00118,             0.00118
                 296,            0.019477,           0.0090865,            0.013049,            0.065343,                   0,             0.79232,             0.69679,             0.67088,             0.23839,              0.0511,            0.011727,            0.017538,             0.12262,                   0,             0.00115,             0.00115,             0.00115
                 297,             0.01891,           0.0090953,            0.013217,            0.068607,                   0,             0.74486,              0.7022,              0.6675,             0.25555,            0.050157,            0.011649,              0.0173,              0.1217,                   0,             0.00112,             0.00112,             0.00112
                 298,            0.020171,           0.0090283,            0.013041,             0.06061,                   0,              0.7658,              0.6857,             0.64738,             0.25546,            0.050411,            0.011587,            0.017227,              0.1225,                   0,             0.00109,             0.00109,             0.00109
                 299,            0.020931,           0.0090864,            0.013039,            0.058925,                   0,             0.76355,              0.6743,             0.63901,             0.24684,              0.0509,            0.011628,             0.01734,             0.12598,                   0,             0.00106,             0.00106,             0.00106
