               epoch,      train/box_loss,      train/obj_loss,      train/cls_loss, train/cls_task_loss,train/constraint_loss,   metrics/precision,      metrics/recall,     metrics/mAP_0.5,metrics/mAP_0.5:0.95,        val/box_loss,        val/obj_loss,        val/cls_loss,   val/cls_task_loss, val/constraint_loss,               x/lr0,               x/lr1,               x/lr2
                   0,             0.11214,            0.014294,            0.052461,              1.1748,                   0,                   0,                   0,                   0,                   0,             0.11395,            0.011667,            0.054895,              1.1904,                   0,              0.0937,              0.0007,              0.0007
                   1,             0.11251,            0.014272,             0.05291,              1.1768,                   0,                   0,                   0,                   0,                   0,             0.11362,            0.011693,            0.055078,              1.1787,                   0,            0.086496,           0.0014955,           0.0014955
                   2,             0.11274,            0.014213,            0.053546,              1.1648,                   0,          8.9902e-05,                0.05,          5.5698e-05,          1.1451e-05,             0.11345,            0.011714,            0.054956,              1.1777,                   0,            0.079286,           0.0022862,           0.0022862
                   3,             0.11217,            0.014307,            0.052582,              1.1585,                   0,          8.9902e-05,                0.05,          5.6644e-05,          1.1219e-05,             0.11359,            0.011686,            0.054749,              1.1846,                   0,            0.072072,           0.0030721,           0.0030721
                   4,             0.11162,             0.01433,            0.052282,              1.1748,                   0,          8.9902e-05,                0.05,          5.9683e-05,          1.1691e-05,             0.11337,            0.011701,            0.054297,              1.1816,                   0,            0.064853,           0.0038532,           0.0038532
                   5,             0.11102,            0.014387,            0.052451,              1.1699,                   0,          8.9902e-05,                0.05,          5.4765e-05,          1.0538e-05,             0.11199,             0.01184,            0.053418,              1.1787,                   0,             0.05763,           0.0046295,           0.0046295
                   6,             0.11053,            0.014451,            0.051825,              1.1638,                   0,          8.9902e-05,                0.05,          5.5238e-05,          1.0985e-05,              0.1111,            0.011927,            0.052454,              1.1826,                   0,            0.050401,            0.005401,            0.005401
                   7,             0.10991,            0.014539,            0.051456,              1.1601,                   0,          0.00013905,            0.091667,          8.6054e-05,          2.0594e-05,             0.11067,            0.011962,            0.052966,              1.1982,                   0,            0.043168,           0.0061677,           0.0061677
                   8,             0.10882,            0.014612,            0.050719,              1.1503,                   0,          9.8074e-05,            0.054545,          6.0111e-05,          1.1913e-05,             0.10954,            0.012072,            0.052332,              1.1738,                   0,             0.03593,           0.0069296,           0.0069296
                   9,             0.10846,             0.01466,            0.050638,              1.1472,                   0,          0.00010625,            0.059091,          6.5988e-05,          1.2066e-05,              0.1086,            0.012158,            0.051746,              1.1445,                   0,            0.028687,           0.0076867,           0.0076867
                  10,             0.10715,            0.014859,            0.050288,               1.134,                   0,          0.00022112,              0.1678,          0.00015142,          3.2397e-05,             0.10781,             0.01223,            0.051526,              1.1455,                   0,            0.021439,            0.008439,            0.008439
                  11,             0.10611,            0.014932,            0.049899,              1.1219,                   0,          0.00027911,             0.21402,           0.0002065,          4.2824e-05,             0.10685,            0.012317,             0.05127,               1.126,                   0,            0.014186,           0.0091865,           0.0091865
                  12,             0.10513,            0.015012,            0.049886,              1.1155,                   0,          0.00024966,              0.1697,          0.00018102,          3.5195e-05,             0.10443,            0.012552,            0.050293,              1.1328,                   0,             0.00964,             0.00964,             0.00964
                  13,             0.10359,            0.015141,            0.049126,              1.1131,                   0,          0.00028142,             0.19962,          0.00021126,           3.988e-05,             0.10309,            0.012633,            0.049646,              1.1299,                   0,             0.00964,             0.00964,             0.00964
                  14,             0.10254,             0.01522,            0.048624,               1.108,                   0,          0.00029266,              0.2322,          0.00022744,          4.1318e-05,              0.1013,            0.012858,            0.049243,              1.1367,                   0,             0.00961,             0.00961,             0.00961
                  15,             0.10132,            0.015297,              0.0482,              1.1115,                   0,          0.00012873,             0.16402,           0.0001144,          2.4056e-05,             0.10023,            0.012969,            0.048547,              1.1211,                   0,             0.00958,             0.00958,             0.00958
                  16,             0.10015,            0.015439,            0.047846,              1.1062,                   0,          9.9086e-05,             0.15492,          9.4889e-05,          2.1308e-05,            0.099171,            0.013071,            0.048206,              1.1055,                   0,             0.00955,             0.00955,             0.00955
                  17,            0.099794,            0.015534,            0.047661,               1.102,                   0,          0.00012216,             0.14318,          9.5872e-05,          1.8626e-05,            0.098824,            0.013081,            0.048059,              1.0898,                   0,             0.00952,             0.00952,             0.00952
                  18,             0.09909,            0.015518,            0.047452,              1.0985,                   0,           0.0013957,             0.15748,           0.0014013,          0.00028052,            0.097944,            0.013198,            0.047632,              1.0771,                   0,             0.00949,             0.00949,             0.00949
                  19,            0.098512,            0.015606,             0.04702,              1.0901,                   0,          0.00022241,             0.15417,          0.00015098,          2.5916e-05,             0.09702,            0.013282,            0.047327,              1.0791,                   0,             0.00946,             0.00946,             0.00946
                  20,            0.098175,            0.015633,            0.047025,              1.0939,                   0,          0.00052036,             0.15369,           0.0034773,           0.0013358,            0.095509,             0.01348,            0.046997,              1.0693,                   0,             0.00943,             0.00943,             0.00943
                  21,            0.096685,             0.01582,            0.046722,              1.0842,                   0,          0.00051508,             0.16733,          0.00064249,          0.00010978,            0.094831,            0.013501,            0.046729,              1.0664,                   0,              0.0094,              0.0094,              0.0094
                  22,            0.096464,            0.015799,            0.046567,              1.0817,                   0,           0.0005117,             0.16809,           0.0019767,          0.00024945,            0.093657,            0.013651,            0.046692,              1.0576,                   0,             0.00937,             0.00937,             0.00937
                  23,            0.095145,            0.015913,            0.046411,              1.0869,                   0,          0.00056651,             0.19725,          0.00092874,          0.00018459,            0.092695,            0.013717,            0.046265,              1.0596,                   0,             0.00934,             0.00934,             0.00934
                  24,            0.094117,            0.016018,            0.045983,               1.081,                   0,          0.00038144,             0.17765,          0.00060325,          0.00014765,            0.090518,            0.013936,            0.046021,              1.0469,                   0,             0.00931,             0.00931,             0.00931
                  25,            0.092814,            0.016122,            0.045681,              1.0659,                   0,          0.00083206,             0.23542,           0.0018399,          0.00048166,            0.089453,            0.014064,            0.045374,              1.0391,                   0,             0.00928,             0.00928,             0.00928
                  26,            0.091551,            0.016265,            0.045491,              1.0696,                   0,          0.00048794,             0.21174,           0.0021322,          0.00066871,             0.08745,            0.014272,            0.045117,              1.0361,                   0,             0.00925,             0.00925,             0.00925
                  27,            0.089833,            0.016369,            0.045262,              1.0642,                   0,          0.00059539,             0.18939,           0.0025689,          0.00093556,            0.084996,            0.014541,            0.044788,              1.0244,                   0,             0.00922,             0.00922,             0.00922
                  28,            0.087515,            0.016663,            0.044871,              1.0653,                   0,           0.0018034,             0.19991,           0.0023683,          0.00055911,            0.082125,            0.014873,            0.044238,              1.0234,                   0,             0.00919,             0.00919,             0.00919
                  29,            0.086047,            0.016758,            0.044518,              1.0592,                   0,           0.0026865,             0.20104,           0.0026041,          0.00042099,            0.079638,            0.015123,             0.04397,              1.0215,                   0,             0.00916,             0.00916,             0.00916
                  30,            0.083137,            0.017073,            0.044065,              1.0529,                   0,            0.004226,             0.19574,           0.0040385,          0.00062832,            0.077475,            0.015313,            0.043652,              1.0166,                   0,             0.00913,             0.00913,             0.00913
                  31,            0.080814,            0.017347,            0.043791,              1.0481,                   0,           0.0042305,             0.25549,           0.0060115,          0.00099761,            0.075362,            0.015497,            0.042932,              1.0117,                   0,              0.0091,              0.0091,              0.0091
                  32,            0.078595,            0.017486,            0.043041,              1.0497,                   0,            0.003591,             0.29848,           0.0060451,           0.0010879,            0.074271,            0.015506,            0.042175,              1.0049,                   0,             0.00907,             0.00907,             0.00907
                  33,            0.076758,            0.017631,            0.042252,              1.0442,                   0,           0.0053495,             0.35161,             0.00811,            0.001641,            0.071883,            0.015595,             0.04104,              1.0068,                   0,             0.00904,             0.00904,             0.00904
                  34,            0.075064,             0.01758,            0.041298,              1.0265,                   0,           0.0064373,             0.57737,            0.011273,           0.0025885,              0.0709,            0.015369,            0.039832,                   1,                   0,             0.00901,             0.00901,             0.00901
                  35,             0.07307,            0.017576,            0.040154,              1.0205,                   0,           0.0053572,             0.67254,            0.013086,           0.0029408,            0.069593,            0.015287,            0.038593,             0.99316,                   0,             0.00898,             0.00898,             0.00898
                  36,            0.072064,            0.017282,            0.039006,              1.0105,                   0,            0.004317,             0.77576,             0.01692,           0.0046081,            0.068777,            0.015032,            0.037305,             0.96289,                   0,             0.00895,             0.00895,             0.00895
                  37,            0.069558,            0.017285,            0.037444,             0.99012,                   0,            0.018078,            0.077652,            0.018086,           0.0045086,            0.066653,            0.015032,            0.035724,             0.92676,                   0,             0.00892,             0.00892,             0.00892
                  38,            0.068954,            0.016967,             0.03624,             0.97908,                   0,             0.34077,            0.066448,            0.028838,            0.006797,            0.066196,             0.01462,            0.034344,             0.91357,                   0,             0.00889,             0.00889,             0.00889
                  39,            0.066117,            0.016819,            0.034671,             0.94172,                   0,             0.30284,             0.10542,             0.04556,            0.010098,            0.064794,            0.014507,             0.03338,             0.87891,                   0,             0.00886,             0.00886,             0.00886
                  40,            0.065158,            0.016688,            0.033736,             0.90204,                   0,             0.30611,              0.2143,            0.049172,            0.012033,            0.063943,             0.01427,            0.032104,             0.81689,                   0,             0.00883,             0.00883,             0.00883
                  41,            0.064014,            0.016542,            0.032769,             0.87856,                   0,             0.30095,             0.15114,            0.041283,           0.0098536,            0.062744,            0.014241,            0.031622,             0.78516,                   0,              0.0088,              0.0088,              0.0088
                  42,            0.062383,            0.016397,            0.031864,             0.85732,                   0,             0.39558,             0.16206,            0.052906,            0.013412,            0.063393,            0.014117,            0.031012,             0.75488,                   0,             0.00877,             0.00877,             0.00877
                  43,            0.061869,            0.016339,            0.030664,             0.82262,                   0,             0.35514,             0.19534,            0.079499,            0.015052,            0.063372,            0.013848,            0.030243,             0.73926,                   0,             0.00874,             0.00874,             0.00874
                  44,             0.06083,            0.016183,            0.029842,             0.78412,                   0,             0.39733,             0.17386,            0.074422,            0.014688,            0.061976,            0.013756,            0.029004,             0.70264,                   0,             0.00871,             0.00871,             0.00871
                  45,            0.060237,            0.015878,            0.028909,             0.74601,                   0,               0.338,            0.079356,            0.046663,            0.012684,            0.060956,            0.013579,            0.027557,             0.63965,                   0,             0.00868,             0.00868,             0.00868
                  46,            0.058197,            0.015912,            0.027726,             0.72308,                   0,             0.34085,            0.080777,            0.047797,            0.012882,            0.061309,            0.013453,            0.026001,             0.62305,                   0,             0.00865,             0.00865,             0.00865
                  47,            0.058465,            0.015657,            0.026499,              0.6759,                   0,             0.34938,            0.065625,             0.04929,            0.013121,            0.061208,            0.013282,            0.025751,             0.60742,                   0,             0.00862,             0.00862,             0.00862
                  48,            0.057976,            0.015479,             0.02497,             0.66342,                   0,              0.2654,            0.018939,            0.047567,            0.013649,            0.060256,            0.013142,            0.023541,             0.55615,                   0,             0.00859,             0.00859,             0.00859
                  49,            0.057175,            0.015454,            0.023812,             0.63882,                   0,             0.44533,              0.0349,            0.043669,            0.011037,             0.06103,            0.012928,            0.022577,             0.49585,                   0,             0.00856,             0.00856,             0.00856
                  50,            0.056137,            0.015277,            0.022539,             0.59867,                   0,             0.27351,            0.030303,            0.036977,            0.010765,            0.061072,            0.012908,            0.021381,             0.48022,                   0,             0.00853,             0.00853,             0.00853
                  51,             0.05591,            0.015016,            0.022025,             0.56794,                   0,            0.052412,             0.05142,            0.028744,           0.0079129,            0.059282,            0.012787,            0.020685,             0.44092,                   0,              0.0085,              0.0085,              0.0085
                  52,            0.054569,            0.014976,            0.020806,             0.55152,                   0,             0.35011,              0.0583,              0.0385,           0.0096686,            0.060074,            0.012639,             0.01958,             0.41553,                   0,             0.00847,             0.00847,             0.00847
                  53,            0.054762,            0.014836,            0.020032,             0.53016,                   0,             0.38037,            0.049053,            0.041283,            0.010502,            0.057727,            0.012525,            0.018994,             0.41187,                   0,             0.00844,             0.00844,             0.00844
                  54,            0.053765,            0.014738,            0.019518,             0.51185,                   0,             0.36596,            0.061174,            0.041516,            0.011337,            0.058825,            0.012568,            0.019244,             0.41284,                   0,             0.00841,             0.00841,             0.00841
                  55,              0.0531,            0.014715,            0.018756,             0.50802,                   0,               0.342,            0.033129,            0.040702,            0.011635,             0.05836,            0.012409,            0.017917,             0.37988,                   0,             0.00838,             0.00838,             0.00838
                  56,            0.052158,            0.014515,            0.018415,             0.48023,                   0,            0.047635,             0.15114,            0.032667,           0.0088199,            0.057516,            0.012302,            0.017673,             0.35742,                   0,             0.00835,             0.00835,             0.00835
                  57,              0.0519,            0.014381,            0.017894,             0.45548,                   0,             0.52483,            0.056818,            0.052313,            0.015153,            0.059663,            0.012115,            0.017621,             0.34131,                   0,             0.00832,             0.00832,             0.00832
                  58,            0.050966,             0.01422,            0.017332,              0.4279,                   0,            0.018277,             0.70568,            0.051902,            0.013549,            0.058199,             0.01213,            0.017557,             0.34058,                   0,             0.00829,             0.00829,             0.00829
                  59,             0.05053,            0.014165,            0.017083,             0.42242,                   0,            0.004055,             0.86411,            0.037365,           0.0099437,             0.05658,            0.012144,             0.01756,             0.32104,                   0,             0.00826,             0.00826,             0.00826
                  60,            0.049533,            0.014124,            0.016725,             0.41577,                   0,           0.0041417,             0.85928,            0.033042,           0.0082285,            0.056132,            0.012017,            0.017581,             0.32959,                   0,             0.00823,             0.00823,             0.00823
                  61,            0.049923,             0.01394,            0.016585,             0.39194,                   0,           0.0040261,             0.89271,            0.036332,           0.0088134,            0.053744,            0.012093,             0.01792,             0.32788,                   0,              0.0082,              0.0082,              0.0082
                  62,            0.049716,            0.013859,            0.016136,             0.37403,                   0,             0.01481,             0.73125,            0.035101,           0.0094267,            0.054784,            0.011857,            0.017197,             0.30957,                   0,             0.00817,             0.00817,             0.00817
                  63,            0.048878,            0.013839,             0.01604,             0.37168,                   0,           0.0036614,             0.92879,            0.047208,            0.012538,            0.058633,            0.011672,            0.016922,              0.2937,                   0,             0.00814,             0.00814,             0.00814
                  64,            0.047992,            0.013682,            0.015738,             0.36027,                   0,           0.0037525,             0.94337,             0.05532,            0.014813,            0.062062,            0.011448,            0.016428,             0.29199,                   0,             0.00811,             0.00811,             0.00811
                  65,             0.04832,            0.013505,            0.015514,             0.33345,                   0,           0.0036202,             0.93958,              0.0375,           0.0095254,            0.054837,            0.011638,            0.016626,             0.27026,                   0,             0.00808,             0.00808,             0.00808
                  66,            0.048106,            0.013486,            0.015467,             0.31823,                   0,           0.0036988,             0.93059,             0.05015,            0.011213,            0.054075,            0.011551,            0.016794,             0.29077,                   0,             0.00805,             0.00805,             0.00805
                  67,            0.047598,            0.013385,            0.015218,             0.31637,                   0,           0.0036947,             0.92708,            0.066851,            0.014908,            0.052354,            0.011646,            0.016614,             0.28296,                   0,             0.00802,             0.00802,             0.00802
                  68,            0.046744,            0.013302,            0.015342,             0.31233,                   0,           0.0038159,             0.95691,            0.071886,            0.017613,            0.058159,            0.011314,             0.01658,             0.26025,                   0,             0.00799,             0.00799,             0.00799
                  69,            0.047108,            0.013335,            0.015216,             0.30314,                   0,           0.0039655,             0.94934,            0.041889,           0.0096815,            0.053438,            0.011453,            0.016617,             0.29224,                   0,             0.00796,             0.00796,             0.00796
                  70,            0.046271,            0.013203,            0.015171,             0.29536,                   0,           0.0043098,               0.941,            0.054505,            0.012774,            0.051722,            0.011448,            0.016373,             0.26636,                   0,             0.00793,             0.00793,             0.00793
                  71,            0.045988,            0.013135,            0.014856,             0.27425,                   0,           0.0043507,             0.93371,             0.05429,            0.012376,            0.055639,            0.011219,            0.016354,             0.24377,                   0,              0.0079,              0.0079,              0.0079
                  72,            0.046228,            0.013086,            0.014659,             0.27437,                   0,           0.0041917,             0.93674,            0.052223,            0.012236,            0.054565,            0.011316,            0.016202,             0.24487,                   0,             0.00787,             0.00787,             0.00787
                  73,            0.044803,            0.013012,            0.014659,             0.26475,                   0,             0.78483,             0.05303,            0.055495,            0.013827,            0.052711,            0.011327,            0.016214,             0.23279,                   0,             0.00784,             0.00784,             0.00784
                  74,            0.045378,             0.01287,            0.014477,             0.26125,                   0,             0.53772,            0.093087,            0.068292,            0.016996,             0.05246,            0.011305,            0.016617,              0.2384,                   0,             0.00781,             0.00781,             0.00781
                  75,            0.044289,            0.012801,            0.014373,             0.25171,                   0,             0.33942,             0.10393,            0.076226,            0.019078,            0.051573,            0.011251,            0.016354,             0.23584,                   0,             0.00778,             0.00778,             0.00778
                  76,            0.045131,            0.012825,            0.014163,             0.23877,                   0,             0.42243,             0.16809,             0.10338,             0.02582,            0.054225,             0.01124,            0.016028,             0.21875,                   0,             0.00775,             0.00775,             0.00775
                  77,            0.042558,            0.012808,            0.014126,             0.23391,                   0,           0.0042077,             0.95616,            0.079594,            0.020538,            0.055006,            0.011045,            0.016406,             0.21655,                   0,             0.00772,             0.00772,             0.00772
                  78,            0.044142,            0.012683,            0.014244,             0.22988,                   0,             0.54183,            0.098485,            0.073525,            0.019036,            0.052424,            0.011118,            0.015952,             0.19678,                   0,             0.00769,             0.00769,             0.00769
                  79,            0.043222,            0.012594,            0.014158,              0.2168,                   0,              0.3053,            0.099799,            0.070411,            0.016914,            0.049491,            0.011197,            0.016019,             0.19373,                   0,             0.00766,             0.00766,             0.00766
                  80,            0.042489,            0.012626,            0.014072,             0.21287,                   0,            0.033746,             0.16335,             0.05096,            0.012017,            0.050021,            0.011234,            0.016168,             0.19849,                   0,             0.00763,             0.00763,             0.00763
                  81,            0.042012,            0.012528,            0.014166,             0.20572,                   0,             0.39415,             0.15369,             0.12658,            0.031406,            0.052651,            0.011024,            0.015765,             0.20862,                   0,              0.0076,              0.0076,              0.0076
                  82,            0.042716,            0.012533,            0.013983,             0.20292,                   0,             0.57922,             0.10368,             0.09593,            0.027762,            0.051181,             0.01109,            0.015796,             0.19373,                   0,             0.00757,             0.00757,             0.00757
                  83,            0.042136,            0.012354,            0.013837,             0.19428,                   0,             0.62657,            0.075758,              0.1288,             0.03734,            0.053079,            0.011074,            0.016202,              0.1936,                   0,             0.00754,             0.00754,             0.00754
                  84,            0.042087,            0.012347,            0.013927,             0.19167,                   0,             0.56965,             0.11926,             0.09154,            0.025383,            0.052024,            0.010969,            0.015472,             0.19434,                   0,             0.00751,             0.00751,             0.00751
                  85,              0.0418,            0.012363,            0.014228,             0.19802,                   0,             0.56036,             0.05303,            0.086389,            0.025484,            0.053908,            0.011093,             0.01611,             0.18994,                   0,             0.00748,             0.00748,             0.00748
                  86,            0.041282,             0.01236,             0.01404,             0.20226,                   0,             0.39566,            0.099242,             0.10433,            0.027138,            0.049928,            0.011071,            0.016278,             0.19141,                   0,             0.00745,             0.00745,             0.00745
                  87,            0.041644,            0.012205,             0.01382,             0.17685,                   0,             0.33482,             0.11672,              0.1028,            0.026993,            0.053407,            0.010813,            0.015747,             0.18335,                   0,             0.00742,             0.00742,             0.00742
                  88,            0.041281,            0.012294,            0.013927,             0.19242,                   0,             0.65889,            0.077178,             0.13443,            0.037657,            0.050628,            0.010885,            0.016077,             0.19507,                   0,             0.00739,             0.00739,             0.00739
                  89,            0.041687,            0.012158,            0.013743,             0.18445,                   0,             0.57335,             0.14015,            0.097894,            0.025404,            0.049699,            0.010979,            0.015799,             0.17676,                   0,             0.00736,             0.00736,             0.00736
                  90,            0.040116,            0.012169,            0.014027,             0.17163,                   0,             0.58707,             0.05264,            0.088056,            0.022662,            0.051311,            0.010903,            0.016046,             0.17957,                   0,             0.00733,             0.00733,             0.00733
                  91,            0.040661,            0.012068,            0.013874,             0.17565,                   0,             0.56929,               0.125,             0.10355,            0.028454,            0.050183,            0.010929,            0.016013,             0.18518,                   0,              0.0073,              0.0073,              0.0073
                  92,            0.039606,            0.011921,            0.013504,             0.17045,                   0,             0.64035,             0.13314,               0.136,            0.038428,            0.050999,             0.01079,            0.015839,             0.18469,                   0,             0.00727,             0.00727,             0.00727
                  93,            0.039684,            0.012027,            0.013657,             0.16156,                   0,             0.58566,            0.075758,              0.1001,            0.026821,            0.053138,            0.010779,             0.01557,             0.16882,                   0,             0.00724,             0.00724,             0.00724
                  94,            0.039053,            0.011968,            0.013826,             0.17064,                   0,             0.32556,            0.068182,            0.088516,            0.022284,            0.051483,            0.010863,            0.016275,             0.19434,                   0,             0.00721,             0.00721,             0.00721
                  95,            0.039644,            0.011881,            0.013887,             0.16742,                   0,             0.58289,            0.098485,            0.098924,            0.027074,            0.051398,            0.010826,            0.015695,             0.16455,                   0,             0.00718,             0.00718,             0.00718
                  96,            0.038319,            0.011883,            0.013646,             0.14625,                   0,             0.39351,              0.1273,            0.090874,            0.021163,            0.049529,            0.010889,            0.016013,             0.17188,                   0,             0.00715,             0.00715,             0.00715
                  97,            0.038125,            0.011856,            0.013695,              0.1574,                   0,             0.44004,             0.15824,             0.11819,            0.028188,            0.050535,            0.010737,             0.01579,             0.16931,                   0,             0.00712,             0.00712,             0.00712
                  98,            0.038711,            0.011757,            0.013775,             0.14686,                   0,             0.42321,              0.1375,             0.11452,            0.030699,            0.053501,            0.010729,             0.01564,             0.15955,                   0,             0.00709,             0.00709,             0.00709
                  99,            0.038973,            0.011751,            0.013653,               0.153,                   0,             0.51046,             0.19261,             0.16257,             0.04257,            0.050569,            0.010766,            0.015417,              0.1731,                   0,             0.00706,             0.00706,             0.00706
                 100,            0.038427,            0.011753,             0.01361,             0.14404,                   0,             0.42305,             0.16665,             0.14645,            0.039141,            0.049986,            0.010876,            0.015692,             0.16223,                   0,             0.00703,             0.00703,             0.00703
                 101,            0.037544,            0.011641,            0.013534,             0.14536,                   0,             0.44256,             0.12504,             0.15847,            0.040927,            0.049886,            0.010758,            0.015567,             0.17346,                   0,               0.007,               0.007,               0.007
                 102,            0.037596,            0.011586,            0.013457,             0.14078,                   0,             0.61154,             0.12121,             0.14851,            0.038756,            0.052668,            0.010753,            0.015625,             0.17566,                   0,             0.00697,             0.00697,             0.00697
                 103,            0.038339,             0.01157,            0.013714,             0.14554,                   0,             0.56902,             0.15284,             0.15735,            0.045561,             0.05408,            0.010769,            0.015851,             0.17517,                   0,             0.00694,             0.00694,             0.00694
                 104,            0.037151,            0.011623,            0.013752,             0.15071,                   0,             0.57976,             0.11884,             0.10265,            0.027719,            0.052812,            0.010697,             0.01557,             0.16675,                   0,             0.00691,             0.00691,             0.00691
                 105,            0.036517,            0.011502,            0.013508,             0.14331,                   0,             0.58541,             0.15999,             0.15395,            0.041851,            0.050018,            0.010818,            0.015967,             0.17322,                   0,             0.00688,             0.00688,             0.00688
                 106,            0.036842,            0.011532,            0.013615,              0.1415,                   0,             0.51343,              0.1563,             0.13862,            0.044348,            0.052338,            0.010758,             0.01572,             0.15454,                   0,             0.00685,             0.00685,             0.00685
                 107,            0.036496,            0.011493,            0.013687,             0.13509,                   0,             0.65632,            0.095644,               0.122,            0.032362,            0.049868,            0.010802,            0.015781,             0.15186,                   0,             0.00682,             0.00682,             0.00682
                 108,            0.037102,            0.011504,            0.013628,             0.12183,                   0,             0.59282,            0.099905,            0.086007,            0.023916,            0.050724,            0.010782,            0.015585,             0.14905,                   0,             0.00679,             0.00679,             0.00679
                 109,             0.03799,            0.011376,            0.013457,             0.12811,                   0,             0.63356,             0.13589,             0.13378,            0.042416,            0.050766,            0.010763,            0.015671,             0.17273,                   0,             0.00676,             0.00676,             0.00676
                 110,            0.035228,            0.011314,            0.013353,             0.13081,                   0,             0.64882,              0.1508,              0.1643,            0.057654,            0.052932,            0.010694,            0.016052,             0.15991,                   0,             0.00673,             0.00673,             0.00673
                 111,            0.036063,            0.011323,            0.013474,             0.12585,                   0,             0.53946,             0.19411,             0.16316,            0.044711,            0.051039,            0.010798,            0.015955,             0.16919,                   0,              0.0067,              0.0067,              0.0067
                 112,            0.036714,            0.011312,            0.013505,             0.12749,                   0,             0.46804,             0.15812,             0.14751,            0.042881,            0.050994,            0.010716,            0.016043,             0.16187,                   0,             0.00667,             0.00667,             0.00667
                 113,            0.035734,            0.011206,            0.013377,             0.12072,                   0,             0.38516,             0.13336,             0.11312,            0.028181,            0.049483,            0.010705,            0.015982,             0.15515,                   0,             0.00664,             0.00664,             0.00664
                 114,            0.035076,             0.01119,            0.013416,              0.1431,                   0,              0.4942,             0.15114,             0.14111,             0.03735,            0.052539,            0.010671,            0.015976,              0.1571,                   0,             0.00661,             0.00661,             0.00661
                 115,            0.035662,            0.011253,            0.013393,             0.12928,                   0,             0.62356,             0.09233,             0.12757,              0.0376,            0.052014,             0.01062,            0.015839,              0.1532,                   0,             0.00658,             0.00658,             0.00658
                 116,            0.034382,            0.011133,            0.013313,             0.11382,                   0,             0.55248,             0.16932,             0.15879,            0.047857,            0.050293,            0.010666,            0.015686,             0.14978,                   0,             0.00655,             0.00655,             0.00655
                 117,            0.034934,            0.011189,             0.01338,             0.11595,                   0,             0.51301,             0.17235,             0.16663,            0.051079,            0.050055,            0.010784,            0.015771,             0.14355,                   0,             0.00652,             0.00652,             0.00652
                 118,            0.033421,            0.011091,             0.01344,             0.12555,                   0,             0.48753,             0.11931,              0.1428,            0.046177,            0.053391,            0.010555,            0.015836,             0.15112,                   0,             0.00649,             0.00649,             0.00649
                 119,             0.03524,            0.011112,            0.013495,             0.12194,                   0,             0.53129,             0.14068,             0.13606,            0.044687,            0.054602,            0.010516,            0.015833,             0.14758,                   0,             0.00646,             0.00646,             0.00646
                 120,             0.03598,            0.011137,            0.013623,             0.12207,                   0,             0.49429,             0.15848,             0.14892,            0.043609,            0.050427,            0.010745,            0.015649,             0.14758,                   0,             0.00643,             0.00643,             0.00643
                 121,            0.033957,            0.011095,            0.013416,             0.11687,                   0,             0.49822,              0.1702,              0.1721,            0.044261,            0.048546,            0.010695,            0.015897,             0.16162,                   0,              0.0064,              0.0064,              0.0064
                 122,            0.034017,            0.010981,            0.013421,             0.12125,                   0,             0.51379,             0.16836,             0.14617,            0.039379,            0.049759,            0.010823,            0.015778,             0.14893,                   0,             0.00637,             0.00637,             0.00637
                 123,            0.035293,            0.010998,            0.013439,             0.12041,                   0,              0.5149,             0.17623,              0.1549,            0.044313,            0.051715,            0.010624,            0.015768,             0.15759,                   0,             0.00634,             0.00634,             0.00634
                 124,            0.034849,             0.01103,            0.013438,              0.1109,                   0,             0.20489,             0.16271,             0.15633,            0.036901,            0.049435,            0.010608,            0.015787,              0.1554,                   0,             0.00631,             0.00631,             0.00631
                 125,            0.034919,            0.010984,            0.013509,             0.12229,                   0,             0.23961,             0.22729,             0.21026,            0.056849,            0.052135,            0.010584,            0.015857,             0.15503,                   0,             0.00628,             0.00628,             0.00628
                 126,             0.03345,            0.010991,            0.013392,             0.11193,                   0,             0.52852,             0.14972,             0.16097,             0.04497,            0.050202,             0.01057,            0.015976,             0.15125,                   0,             0.00625,             0.00625,             0.00625
                 127,            0.033855,            0.010923,            0.013352,             0.11083,                   0,             0.59279,             0.14375,             0.15956,            0.048034,            0.053443,            0.010566,            0.015799,             0.14331,                   0,             0.00622,             0.00622,             0.00622
                 128,             0.03352,            0.010919,            0.013412,             0.11199,                   0,             0.52346,             0.19962,             0.16168,            0.046985,            0.051924,            0.010686,            0.015726,             0.13684,                   0,             0.00619,             0.00619,             0.00619
                 129,            0.033195,             0.01087,            0.013276,             0.11717,                   0,             0.32704,             0.24557,             0.17237,            0.049511,            0.049995,            0.010639,             0.01582,             0.13989,                   0,             0.00616,             0.00616,             0.00616
                 130,            0.033508,            0.010818,            0.013299,             0.11301,                   0,             0.56096,             0.20114,             0.22394,             0.06698,             0.04868,             0.01061,            0.015775,              0.1488,                   0,             0.00613,             0.00613,             0.00613
                 131,            0.033735,            0.010834,             0.01334,             0.10961,                   0,             0.48365,             0.22801,             0.18081,            0.051498,            0.049792,            0.010642,            0.015695,             0.13318,                   0,              0.0061,              0.0061,              0.0061
                 132,            0.033507,            0.010813,            0.013313,             0.11129,                   0,             0.39776,             0.18277,             0.15819,            0.043552,            0.050888,            0.010668,            0.015729,             0.14612,                   0,             0.00607,             0.00607,             0.00607
                 133,            0.033314,            0.010814,            0.013382,              0.1067,                   0,             0.35983,             0.24806,             0.19714,            0.047819,            0.049382,            0.010769,            0.015652,             0.13647,                   0,             0.00604,             0.00604,             0.00604
                 134,            0.032974,             0.01081,            0.013472,             0.10604,                   0,             0.30793,             0.20513,             0.19749,            0.050256,            0.049554,            0.010694,            0.015836,             0.14624,                   0,             0.00601,             0.00601,             0.00601
                 135,            0.033584,            0.010836,            0.013355,            0.097892,                   0,             0.37583,             0.30189,             0.26098,            0.070656,            0.048377,            0.010786,            0.016049,             0.15332,                   0,             0.00598,             0.00598,             0.00598
                 136,            0.033807,            0.010892,            0.013698,             0.11842,                   0,             0.65201,              0.1994,             0.20817,            0.065727,            0.049508,            0.010586,            0.015866,             0.14722,                   0,             0.00595,             0.00595,             0.00595
                 137,            0.032086,            0.010746,            0.013484,             0.11697,                   0,             0.56243,             0.20919,             0.23489,            0.075961,             0.05207,            0.010694,            0.016281,             0.16528,                   0,             0.00592,             0.00592,             0.00592
                 138,            0.032554,            0.010814,            0.013454,             0.10955,                   0,             0.53952,             0.24498,             0.23393,            0.067412,            0.048191,            0.010678,            0.016022,              0.1405,                   0,             0.00589,             0.00589,             0.00589
                 139,            0.033222,            0.010888,            0.013566,             0.11471,                   0,             0.31578,             0.27491,             0.23275,            0.066294,            0.049901,            0.010647,            0.015948,             0.15259,                   0,             0.00586,             0.00586,             0.00586
                 140,            0.032273,            0.010768,            0.013283,             0.10746,                   0,              0.2592,             0.27974,             0.23157,            0.071009,            0.050725,            0.010629,             0.01568,              0.1449,                   0,             0.00583,             0.00583,             0.00583
                 141,            0.033441,            0.010732,            0.013403,             0.10407,                   0,             0.44984,             0.29773,             0.26955,            0.099561,            0.049568,            0.010681,            0.015826,             0.14429,                   0,              0.0058,              0.0058,              0.0058
                 142,            0.032173,            0.010657,            0.013354,             0.10375,                   0,             0.48776,             0.27167,             0.30067,            0.088349,            0.048462,            0.010787,            0.015689,             0.13647,                   0,             0.00577,             0.00577,             0.00577
                 143,            0.030961,            0.010599,            0.013249,            0.092288,                   0,             0.22866,             0.20929,             0.18714,             0.05178,            0.049479,            0.010766,            0.015778,              0.1322,                   0,             0.00574,             0.00574,             0.00574
                 144,            0.031603,            0.010625,            0.013311,            0.096985,                   0,             0.34133,             0.22679,             0.21796,            0.060765,             0.04922,            0.010657,            0.015964,              0.1311,                   0,             0.00571,             0.00571,             0.00571
                 145,            0.031951,             0.01067,            0.013449,             0.10986,                   0,             0.50625,             0.26553,             0.27649,             0.08248,            0.050002,            0.010769,            0.016107,             0.13843,                   0,             0.00568,             0.00568,             0.00568
                 146,            0.031698,            0.010611,            0.013257,             0.10068,                   0,             0.57837,             0.25606,             0.24783,            0.075216,             0.04876,            0.010587,            0.015707,             0.12482,                   0,             0.00565,             0.00565,             0.00565
                 147,             0.03148,            0.010575,            0.013312,             0.11191,                   0,             0.65761,             0.27232,             0.30115,             0.10535,            0.052221,            0.010718,            0.015936,             0.12317,                   0,             0.00562,             0.00562,             0.00562
                 148,            0.032545,            0.010621,            0.013337,             0.10876,                   0,             0.50319,             0.29182,             0.25967,            0.073668,            0.049414,            0.010658,            0.015979,             0.13989,                   0,             0.00559,             0.00559,             0.00559
                 149,            0.031086,            0.010507,            0.013184,             0.09771,                   0,             0.51462,             0.14659,             0.16159,            0.046762,            0.049231,            0.010663,            0.015903,             0.13123,                   0,             0.00556,             0.00556,             0.00556
                 150,            0.031077,            0.010542,            0.013369,             0.09677,                   0,             0.55079,             0.24078,              0.2283,            0.067171,            0.050603,            0.010513,            0.015823,             0.16003,                   0,             0.00553,             0.00553,             0.00553
                 151,            0.031962,            0.010646,            0.013424,            0.099304,                   0,             0.60293,             0.29887,             0.28698,            0.088243,             0.05111,            0.010539,            0.016083,             0.16577,                   0,              0.0055,              0.0055,              0.0055
                 152,            0.031192,            0.010616,            0.013316,            0.098343,                   0,             0.63341,             0.28116,             0.28302,            0.090011,            0.049754,            0.010615,            0.015878,             0.14343,                   0,             0.00547,             0.00547,             0.00547
                 153,            0.031476,            0.010548,            0.013356,            0.093238,                   0,             0.48784,              0.3268,             0.33832,            0.099154,            0.050069,            0.010769,            0.016022,             0.13696,                   0,             0.00544,             0.00544,             0.00544
                 154,            0.030225,            0.010493,            0.013306,            0.096905,                   0,             0.53964,             0.24389,             0.22585,            0.064722,            0.053146,            0.010798,            0.016177,             0.13416,                   0,             0.00541,             0.00541,             0.00541
                 155,            0.032722,            0.010526,            0.013445,            0.098718,                   0,             0.49923,             0.28153,              0.2828,            0.077254,            0.049318,            0.010723,            0.015829,             0.12903,                   0,             0.00538,             0.00538,             0.00538
                 156,            0.030848,            0.010494,            0.013353,             0.10067,                   0,             0.50561,             0.30724,             0.33606,             0.10716,            0.050957,            0.010811,            0.016226,             0.13721,                   0,             0.00535,             0.00535,             0.00535
                 157,            0.030553,             0.01051,            0.013308,             0.10583,                   0,             0.53332,             0.30956,             0.33227,            0.094837,            0.049839,            0.010707,            0.015866,              0.1377,                   0,             0.00532,             0.00532,             0.00532
                 158,            0.030118,            0.010424,            0.013185,            0.092593,                   0,             0.41869,             0.36013,             0.30142,            0.087921,            0.047574,            0.010744,            0.015912,             0.13354,                   0,             0.00529,             0.00529,             0.00529
                 159,            0.031066,            0.010452,            0.013253,              0.1015,                   0,             0.56236,             0.29551,             0.33166,            0.088112,            0.049619,            0.010731,             0.01604,             0.12878,                   0,             0.00526,             0.00526,             0.00526
                 160,            0.030977,            0.010447,            0.013261,            0.093515,                   0,             0.50284,             0.27741,             0.33702,             0.10905,            0.050363,            0.010826,            0.016107,             0.13562,                   0,             0.00523,             0.00523,             0.00523
                 161,             0.03145,             0.01044,             0.01318,            0.088133,                   0,             0.66829,             0.32488,              0.3745,             0.12396,             0.04934,            0.010839,            0.016132,             0.12903,                   0,              0.0052,              0.0052,              0.0052
                 162,            0.030588,            0.010451,            0.013345,            0.088799,                   0,             0.61222,             0.36054,             0.35454,             0.11678,            0.049976,            0.010769,            0.015945,             0.12585,                   0,             0.00517,             0.00517,             0.00517
                 163,            0.029878,            0.010421,            0.013258,            0.086484,                   0,               0.617,             0.36259,             0.37672,             0.12241,            0.049286,            0.010745,            0.016269,             0.12939,                   0,             0.00514,             0.00514,             0.00514
                 164,            0.030248,            0.010362,            0.013476,            0.090724,                   0,              0.4911,             0.40812,             0.36985,             0.11743,             0.04851,            0.010742,            0.016211,              0.1311,                   0,             0.00511,             0.00511,             0.00511
                 165,            0.029102,            0.010378,            0.013349,            0.093804,                   0,             0.52475,             0.39708,             0.38616,             0.12322,            0.049805,            0.010711,            0.016077,             0.12732,                   0,             0.00508,             0.00508,             0.00508
                 166,            0.030288,            0.010429,            0.013412,            0.092423,                   0,              0.4858,             0.33613,             0.31256,            0.090226,            0.049852,            0.010715,            0.016235,              0.1438,                   0,             0.00505,             0.00505,             0.00505
                 167,            0.030186,            0.010389,             0.01332,            0.096814,                   0,             0.40432,             0.28352,             0.26343,            0.083816,            0.050032,            0.010666,            0.016037,              0.1405,                   0,             0.00502,             0.00502,             0.00502
                 168,            0.029725,             0.01032,            0.013312,            0.094951,                   0,             0.55181,             0.23013,             0.23427,            0.078628,            0.048862,            0.010686,            0.016006,              0.1366,                   0,             0.00499,             0.00499,             0.00499
                 169,            0.029743,            0.010308,            0.013264,            0.094535,                   0,              0.5174,             0.26117,             0.31944,             0.11306,            0.049982,            0.010721,            0.016168,              0.1438,                   0,             0.00496,             0.00496,             0.00496
                 170,            0.029359,            0.010308,            0.013375,             0.09257,                   0,              0.6029,             0.38154,             0.39445,              0.1343,            0.049656,            0.010765,            0.016165,             0.14661,                   0,             0.00493,             0.00493,             0.00493
                 171,            0.030672,            0.010429,            0.013574,            0.097658,                   0,             0.69902,             0.42666,              0.4404,             0.13371,            0.049543,            0.010724,            0.016083,             0.12512,                   0,              0.0049,              0.0049,              0.0049
                 172,            0.030065,            0.010353,            0.013383,            0.098651,                   0,              0.6296,             0.37043,             0.37838,             0.11496,            0.049154,            0.010647,            0.016324,             0.12109,                   0,             0.00487,             0.00487,             0.00487
                 173,            0.030924,            0.010335,            0.013295,            0.087531,                   0,             0.63673,             0.41745,             0.44737,             0.13882,             0.04892,            0.010631,            0.016086,             0.12866,                   0,             0.00484,             0.00484,             0.00484
                 174,            0.029505,            0.010309,            0.013241,            0.090178,                   0,             0.56378,             0.36345,             0.34945,             0.11699,            0.050973,            0.010726,            0.016061,              0.1203,                   0,             0.00481,             0.00481,             0.00481
                 175,            0.029703,            0.010285,            0.013387,            0.087461,                   0,              0.5705,              0.2965,             0.28791,            0.085315,            0.049013,            0.010821,            0.016055,             0.12183,                   0,             0.00478,             0.00478,             0.00478
                 176,            0.029023,            0.010254,            0.013277,            0.085861,                   0,             0.49016,             0.27069,              0.2707,            0.083616,            0.048316,            0.010728,             0.01644,             0.12146,                   0,             0.00475,             0.00475,             0.00475
                 177,            0.028975,            0.010187,            0.013321,            0.090262,                   0,             0.67591,              0.2709,              0.3232,             0.10602,             0.04944,            0.010823,            0.016299,             0.13037,                   0,             0.00472,             0.00472,             0.00472
                 178,            0.029311,            0.010278,            0.013313,            0.088017,                   0,             0.61195,             0.38665,             0.42879,             0.14161,            0.050765,            0.010641,            0.016043,             0.12396,                   0,             0.00469,             0.00469,             0.00469
                 179,             0.03015,            0.010185,            0.013166,            0.088688,                   0,             0.63179,             0.41281,             0.42332,             0.14651,            0.048218,            0.010824,            0.016031,             0.13306,                   0,             0.00466,             0.00466,             0.00466
                 180,            0.029436,            0.010263,            0.013389,            0.087761,                   0,             0.64991,             0.39602,             0.38618,             0.13829,            0.048924,            0.010813,             0.01597,             0.12512,                   0,             0.00463,             0.00463,             0.00463
                 181,            0.028711,            0.010186,            0.013278,            0.093705,                   0,             0.67743,             0.48978,             0.49432,              0.1649,            0.052265,            0.010758,              0.0159,             0.13135,                   0,              0.0046,              0.0046,              0.0046
                 182,            0.029252,            0.010198,              0.0132,            0.083625,                   0,             0.67909,             0.51691,             0.50303,             0.16893,            0.049323,            0.010823,            0.015909,             0.12915,                   0,             0.00457,             0.00457,             0.00457
                 183,            0.027801,            0.010165,            0.013253,            0.085312,                   0,             0.57541,             0.37497,             0.36805,             0.12978,            0.049796,            0.010876,            0.016107,             0.11981,                   0,             0.00454,             0.00454,             0.00454
                 184,            0.028432,            0.010138,            0.013255,            0.082437,                   0,             0.52099,             0.46692,             0.43776,             0.15389,            0.050616,            0.010998,            0.016101,              0.1203,                   0,             0.00451,             0.00451,             0.00451
                 185,            0.028608,            0.010199,            0.013198,            0.084261,                   0,             0.46005,              0.3239,             0.29375,            0.093782,            0.049419,            0.010813,            0.016071,             0.12683,                   0,             0.00448,             0.00448,             0.00448
                 186,            0.028767,            0.010086,            0.013218,            0.088804,                   0,             0.49015,             0.30554,             0.29935,             0.10436,            0.049602,            0.010852,            0.016013,             0.12732,                   0,             0.00445,             0.00445,             0.00445
                 187,            0.029117,            0.010104,            0.013169,            0.080468,                   0,             0.53658,             0.30947,             0.28891,             0.09278,            0.050354,            0.010737,            0.016089,             0.12378,                   0,             0.00442,             0.00442,             0.00442
                 188,            0.027702,            0.010173,            0.013174,            0.076548,                   0,             0.61766,             0.43477,             0.40435,             0.14494,            0.050315,            0.010721,               0.016,             0.11914,                   0,             0.00439,             0.00439,             0.00439
                 189,            0.027525,            0.010034,            0.013198,            0.080278,                   0,                0.71,             0.47708,             0.48963,             0.18583,            0.049503,            0.010842,            0.016049,              0.1228,                   0,             0.00436,             0.00436,             0.00436
                 190,             0.02698,           0.0099912,            0.013213,            0.082804,                   0,             0.75383,              0.5482,             0.56779,             0.21351,            0.049347,            0.010924,            0.016031,             0.12341,                   0,             0.00433,             0.00433,             0.00433
                 191,            0.028194,            0.010063,             0.01327,            0.082562,                   0,             0.67438,             0.52007,             0.51258,             0.20078,            0.048946,            0.010894,            0.016061,             0.12213,                   0,              0.0043,              0.0043,              0.0043
                 192,            0.027796,            0.010071,            0.013162,            0.082773,                   0,             0.76023,             0.53785,             0.58933,             0.22033,            0.049675,              0.0107,            0.016147,             0.12817,                   0,             0.00427,             0.00427,             0.00427
                 193,            0.026504,            0.010062,            0.013242,            0.081334,                   0,              0.6873,             0.50374,             0.53456,               0.194,            0.049372,            0.010758,            0.016025,             0.11707,                   0,             0.00424,             0.00424,             0.00424
                 194,             0.02738,            0.010034,            0.013273,            0.092768,                   0,             0.64027,             0.42298,             0.45156,             0.17198,            0.050371,            0.011011,            0.016281,             0.12201,                   0,             0.00421,             0.00421,             0.00421
                 195,            0.028903,            0.010023,            0.013153,            0.084618,                   0,              0.6602,             0.36218,              0.4144,             0.14611,            0.048856,            0.010882,            0.016382,             0.12561,                   0,             0.00418,             0.00418,             0.00418
                 196,            0.028185,            0.010089,            0.013294,            0.086824,                   0,             0.69005,              0.4308,             0.45855,              0.1372,            0.049941,            0.010819,            0.016418,             0.12561,                   0,             0.00415,             0.00415,             0.00415
                 197,            0.026879,            0.010049,            0.013241,            0.082119,                   0,             0.61099,             0.33637,             0.34204,             0.12631,            0.051147,            0.010863,            0.016461,              0.1214,                   0,             0.00412,             0.00412,             0.00412
                 198,            0.027292,            0.010027,             0.01329,            0.085642,                   0,              0.7442,             0.41297,             0.42373,             0.15742,            0.050716,            0.010784,            0.016577,             0.12421,                   0,             0.00409,             0.00409,             0.00409
                 199,            0.026336,           0.0099525,             0.01314,            0.082274,                   0,             0.57512,              0.3658,             0.37871,             0.15049,            0.049047,            0.010839,            0.016287,             0.12952,                   0,             0.00406,             0.00406,             0.00406
                 200,            0.027656,           0.0099718,            0.013209,            0.086149,                   0,             0.60185,             0.46307,             0.45636,             0.15768,            0.048349,            0.010819,            0.016116,             0.11804,                   0,             0.00403,             0.00403,             0.00403
                 201,            0.027961,           0.0099566,            0.013247,            0.088927,                   0,             0.68074,             0.47945,                0.51,             0.18148,             0.05032,            0.010911,            0.016284,               0.117,                   0,               0.004,               0.004,               0.004
                 202,            0.026624,           0.0099983,            0.013242,            0.087752,                   0,             0.66509,             0.47657,             0.51546,             0.20023,            0.049085,            0.010839,            0.016141,             0.12268,                   0,             0.00397,             0.00397,             0.00397
                 203,            0.026293,           0.0098979,            0.013169,            0.081187,                   0,             0.65943,             0.43334,             0.48437,             0.17269,             0.04949,            0.010871,            0.015964,             0.12225,                   0,             0.00394,             0.00394,             0.00394
                 204,            0.026779,           0.0098869,             0.01316,            0.081813,                   0,             0.70793,             0.33737,             0.38572,             0.14891,            0.048153,            0.010956,            0.015994,             0.11646,                   0,             0.00391,             0.00391,             0.00391
                 205,            0.026325,           0.0098457,            0.013236,            0.082422,                   0,             0.72595,             0.42004,             0.46248,             0.17188,            0.049804,            0.010948,            0.016199,             0.12158,                   0,             0.00388,             0.00388,             0.00388
                 206,             0.02726,            0.009951,            0.013261,             0.08118,                   0,             0.73951,             0.46666,             0.47704,             0.17929,            0.049649,            0.010974,            0.016367,             0.13123,                   0,             0.00385,             0.00385,             0.00385
                 207,            0.026469,           0.0099335,            0.013258,            0.080171,                   0,             0.81697,             0.53112,             0.57247,             0.20618,            0.049067,            0.010863,            0.016345,             0.12988,                   0,             0.00382,             0.00382,             0.00382
                 208,            0.026886,           0.0099309,            0.013121,            0.082383,                   0,              0.7264,             0.62207,              0.6101,             0.23097,            0.048327,            0.010989,            0.016254,             0.11877,                   0,             0.00379,             0.00379,             0.00379
                 209,            0.025968,            0.009855,            0.013208,            0.078655,                   0,             0.72742,             0.61354,             0.62898,             0.22194,             0.04942,            0.010953,            0.016006,                0.12,                   0,             0.00376,             0.00376,             0.00376
                 210,             0.02496,           0.0097981,            0.013247,            0.073238,                   0,             0.71372,             0.55985,              0.5963,             0.23162,            0.048465,            0.010984,             0.01611,             0.11981,                   0,             0.00373,             0.00373,             0.00373
                 211,            0.025932,           0.0098504,            0.013201,            0.076924,                   0,             0.72798,             0.57898,             0.56266,             0.21844,             0.04906,            0.010847,            0.016385,             0.12915,                   0,              0.0037,              0.0037,              0.0037
                 212,            0.026785,           0.0098873,            0.013087,            0.079192,                   0,             0.68106,             0.59114,             0.62164,             0.21388,            0.047903,             0.01086,            0.016168,             0.12817,                   0,             0.00367,             0.00367,             0.00367
                 213,            0.026204,           0.0098791,            0.013161,            0.078308,                   0,             0.72233,             0.53228,             0.53958,             0.19208,            0.049415,            0.010865,            0.016205,             0.12195,                   0,             0.00364,             0.00364,             0.00364
                 214,            0.025195,           0.0098701,            0.013185,             0.07334,                   0,             0.65369,             0.51767,              0.4872,             0.18454,            0.048325,            0.010942,            0.016501,             0.12402,                   0,             0.00361,             0.00361,             0.00361
                 215,            0.025158,           0.0098184,            0.013297,            0.084901,                   0,             0.72499,             0.55455,             0.57097,             0.20185,             0.04915,            0.010971,            0.016428,             0.12036,                   0,             0.00358,             0.00358,             0.00358
                 216,            0.026125,           0.0098678,            0.013217,            0.078485,                   0,             0.69003,             0.60405,             0.56642,              0.2201,            0.050521,            0.010968,            0.016306,             0.12146,                   0,             0.00355,             0.00355,             0.00355
                 217,            0.025933,           0.0098764,            0.013241,            0.080373,                   0,             0.73259,             0.63156,             0.60885,             0.24043,             0.04996,            0.010894,            0.016339,             0.11896,                   0,             0.00352,             0.00352,             0.00352
                 218,            0.027456,           0.0098579,            0.013212,            0.078485,                   0,             0.78317,             0.58759,             0.61048,             0.22204,            0.048775,            0.010919,             0.01633,              0.1239,                   0,             0.00349,             0.00349,             0.00349
                 219,            0.025904,           0.0098561,            0.013104,            0.079377,                   0,             0.71304,               0.587,             0.57358,             0.21401,            0.049222,            0.010948,            0.016406,              0.1322,                   0,             0.00346,             0.00346,             0.00346
                 220,            0.025331,           0.0097678,            0.013119,            0.079216,                   0,             0.74328,             0.58342,             0.60592,             0.24767,            0.048686,            0.010882,            0.016342,             0.13184,                   0,             0.00343,             0.00343,             0.00343
                 221,            0.024616,           0.0098027,            0.013132,            0.081813,                   0,             0.78281,             0.60477,             0.62847,             0.24956,            0.049662,            0.010916,             0.01658,             0.13794,                   0,              0.0034,              0.0034,              0.0034
                 222,            0.025671,           0.0098282,            0.013221,            0.076515,                   0,             0.75693,             0.66111,             0.67505,             0.25729,             0.04902,            0.010929,            0.016486,             0.13635,                   0,             0.00337,             0.00337,             0.00337
                 223,            0.026147,            0.009801,            0.013209,            0.085059,                   0,             0.74082,             0.46635,             0.48628,             0.18595,            0.049567,            0.010966,            0.016516,             0.12164,                   0,             0.00334,             0.00334,             0.00334
                 224,            0.024368,           0.0097455,            0.013144,            0.079362,                   0,             0.76431,             0.46841,             0.47741,             0.18812,            0.049313,            0.010992,            0.016562,             0.11536,                   0,             0.00331,             0.00331,             0.00331
                 225,            0.024588,           0.0097686,            0.013146,            0.078155,                   0,             0.66405,             0.51166,             0.53005,             0.20611,              0.0492,             0.01096,            0.016541,             0.11877,                   0,             0.00328,             0.00328,             0.00328
                 226,            0.024989,           0.0097516,            0.013099,            0.073239,                   0,             0.70327,             0.46558,             0.51053,             0.21417,            0.049286,            0.011124,            0.016696,             0.12384,                   0,             0.00325,             0.00325,             0.00325
                 227,               0.024,           0.0097282,            0.013181,             0.07548,                   0,             0.72067,             0.50572,              0.5444,             0.23937,            0.049472,            0.010984,             0.01658,             0.12427,                   0,             0.00322,             0.00322,             0.00322
                 228,            0.026215,           0.0097766,            0.013127,            0.073587,                   0,               0.776,             0.58176,             0.61416,             0.22784,            0.049579,            0.010889,            0.016583,             0.11829,                   0,             0.00319,             0.00319,             0.00319
                 229,            0.024166,           0.0097306,            0.013162,             0.07811,                   0,             0.75455,             0.59066,             0.61022,             0.24307,            0.047929,            0.010897,            0.016428,             0.12128,                   0,             0.00316,             0.00316,             0.00316
                 230,            0.024408,           0.0097136,             0.01309,            0.073204,                   0,              0.7838,             0.57773,             0.61288,              0.2284,            0.048275,            0.011087,            0.016614,             0.11334,                   0,             0.00313,             0.00313,             0.00313
                 231,            0.025307,           0.0097529,            0.013142,            0.074929,                   0,             0.81088,             0.60008,             0.61337,             0.20754,            0.049865,            0.011156,            0.016672,             0.11255,                   0,              0.0031,              0.0031,              0.0031
                 232,            0.023773,           0.0096536,            0.013181,            0.070254,                   0,             0.76539,             0.55395,             0.55684,             0.20342,            0.049905,            0.011139,            0.016971,             0.12152,                   0,             0.00307,             0.00307,             0.00307
                 233,            0.024228,           0.0096811,            0.013223,            0.082467,                   0,             0.80731,             0.60121,             0.65028,              0.2323,            0.050352,            0.011174,            0.016708,             0.12598,                   0,             0.00304,             0.00304,             0.00304
                 234,            0.024821,           0.0096452,            0.013075,            0.077775,                   0,             0.79357,             0.58702,             0.62895,             0.21906,            0.049056,             0.01113,            0.016464,             0.12036,                   0,             0.00301,             0.00301,             0.00301
                 235,            0.025089,           0.0097063,            0.013188,            0.073632,                   0,             0.77818,             0.54252,             0.56356,             0.21183,            0.049512,            0.011229,            0.016708,             0.12457,                   0,             0.00298,             0.00298,             0.00298
                 236,            0.024173,           0.0096456,            0.013167,             0.07396,                   0,             0.79056,             0.60339,             0.62276,             0.23226,             0.04815,            0.011155,            0.016739,             0.12524,                   0,             0.00295,             0.00295,             0.00295
                 237,            0.024512,           0.0096632,            0.013108,            0.073991,                   0,             0.74295,             0.46757,             0.53449,             0.22121,             0.04897,            0.011124,            0.016824,             0.11938,                   0,             0.00292,             0.00292,             0.00292
                 238,            0.025119,           0.0097524,            0.013173,            0.074536,                   0,             0.74951,             0.46739,             0.51502,             0.22083,             0.04911,            0.010974,            0.016592,             0.10962,                   0,             0.00289,             0.00289,             0.00289
                 239,            0.023278,           0.0096692,            0.013128,             0.07375,                   0,             0.79165,             0.55812,             0.57565,             0.23726,            0.049566,            0.011135,            0.016708,             0.11591,                   0,             0.00286,             0.00286,             0.00286
                 240,            0.024178,           0.0095915,            0.013051,            0.071217,                   0,             0.79544,             0.57491,              0.6189,              0.2579,            0.048004,            0.011124,            0.016635,               0.112,                   0,             0.00283,             0.00283,             0.00283
                 241,            0.024669,           0.0096559,            0.013111,            0.074971,                   0,             0.81171,             0.62923,             0.66865,             0.27257,            0.049894,            0.011061,            0.016583,             0.10797,                   0,              0.0028,              0.0028,              0.0028
                 242,            0.024845,           0.0095716,            0.013095,            0.079634,                   0,             0.81957,             0.62556,             0.67567,             0.26798,            0.049126,            0.011055,            0.016595,             0.11072,                   0,             0.00277,             0.00277,             0.00277
                 243,            0.023785,           0.0095653,            0.013249,               0.071,                   0,             0.83202,             0.69997,              0.7028,             0.27791,            0.049521,            0.011042,            0.016721,             0.11646,                   0,             0.00274,             0.00274,             0.00274
                 244,            0.023568,           0.0095924,            0.013124,            0.075583,                   0,             0.77521,             0.65826,             0.65683,             0.25275,            0.049963,            0.011113,            0.016806,             0.12445,                   0,             0.00271,             0.00271,             0.00271
                 245,            0.024205,           0.0096379,            0.013121,            0.071378,                   0,             0.69602,             0.61543,             0.59171,             0.23255,            0.048694,               0.011,            0.016519,             0.12122,                   0,             0.00268,             0.00268,             0.00268
                 246,            0.023357,           0.0095711,            0.013066,            0.074773,                   0,             0.77908,             0.69205,             0.70893,              0.2758,            0.049828,             0.01105,            0.016638,               0.117,                   0,             0.00265,             0.00265,             0.00265
                 247,            0.023762,           0.0096301,            0.013157,            0.075612,                   0,              0.7678,             0.68207,             0.67581,             0.26377,            0.049043,            0.011031,             0.01665,             0.12134,                   0,             0.00262,             0.00262,             0.00262
                 248,            0.023638,             0.00955,            0.013141,            0.081551,                   0,             0.77518,             0.65075,             0.66146,             0.26033,            0.048934,            0.011269,             0.01687,             0.13538,                   0,             0.00259,             0.00259,             0.00259
                 249,            0.023372,           0.0096196,            0.013216,            0.078802,                   0,             0.76172,             0.61982,             0.63389,             0.24561,            0.048725,            0.011168,            0.016913,             0.12988,                   0,             0.00256,             0.00256,             0.00256
                 250,            0.021701,           0.0094785,            0.013169,            0.072571,                   0,              0.7559,             0.57235,             0.60528,             0.25017,            0.050033,            0.011192,            0.016797,             0.12396,                   0,             0.00253,             0.00253,             0.00253
                 251,            0.023731,           0.0095525,            0.013093,             0.07121,                   0,             0.76458,             0.65794,             0.63555,             0.25879,            0.050552,            0.011092,            0.016763,             0.12183,                   0,              0.0025,              0.0025,              0.0025
                 252,            0.025496,           0.0095326,             0.01311,            0.073445,                   0,             0.76928,             0.59331,             0.64335,              0.2547,            0.049865,            0.011163,            0.017139,             0.12189,                   0,             0.00247,             0.00247,             0.00247
                 253,            0.022313,           0.0095425,            0.013051,            0.068516,                   0,             0.80341,             0.70746,             0.71389,             0.28115,            0.048708,            0.011098,            0.016833,             0.11884,                   0,             0.00244,             0.00244,             0.00244
                 254,            0.022299,           0.0094917,            0.013131,            0.082673,                   0,             0.80978,             0.74982,              0.7341,             0.29591,            0.048568,            0.011177,            0.016846,             0.11597,                   0,             0.00241,             0.00241,             0.00241
                 255,            0.022528,           0.0095734,            0.013194,            0.078882,                   0,             0.78192,             0.63941,             0.64644,             0.27185,            0.050724,            0.011358,            0.017078,             0.12585,                   0,             0.00238,             0.00238,             0.00238
                 256,            0.022855,           0.0095526,             0.01315,            0.068596,                   0,             0.75386,             0.63095,             0.62682,             0.25561,             0.05045,             0.01138,            0.017221,             0.12213,                   0,             0.00235,             0.00235,             0.00235
                 257,            0.021684,           0.0094736,            0.013154,            0.076158,                   0,             0.77743,             0.64884,             0.65108,             0.25887,            0.049186,            0.011263,            0.017038,             0.12201,                   0,             0.00232,             0.00232,             0.00232
                 258,            0.022464,           0.0094271,            0.013099,            0.074221,                   0,             0.79656,             0.71079,              0.6925,             0.27708,            0.049483,            0.011324,            0.016785,             0.11823,                   0,             0.00229,             0.00229,             0.00229
                 259,            0.022646,           0.0094727,            0.013067,            0.065103,                   0,             0.84307,             0.74571,             0.73539,             0.28558,            0.049329,            0.011301,            0.016644,             0.11945,                   0,             0.00226,             0.00226,             0.00226
                 260,            0.022694,           0.0094945,            0.013063,             0.07318,                   0,             0.80542,             0.64598,             0.67067,             0.27569,            0.049711,            0.011351,            0.016693,             0.12128,                   0,             0.00223,             0.00223,             0.00223
                 261,            0.021307,            0.009406,            0.013118,            0.071866,                   0,             0.82202,             0.71549,             0.72455,             0.28304,            0.049676,            0.011251,            0.016751,             0.12476,                   0,              0.0022,              0.0022,              0.0022
                 262,            0.022348,           0.0095135,            0.013147,            0.074435,                   0,             0.80355,             0.69205,             0.69327,             0.28329,             0.04947,            0.011308,             0.01683,             0.12054,                   0,             0.00217,             0.00217,             0.00217
                 263,            0.021433,           0.0093914,            0.013157,            0.071864,                   0,             0.75469,             0.70415,             0.69338,             0.28164,            0.049598,            0.011296,            0.016855,             0.12152,                   0,             0.00214,             0.00214,             0.00214
                 264,            0.022278,           0.0094943,            0.013094,            0.068746,                   0,             0.79811,             0.64632,             0.66327,             0.26443,            0.049863,            0.011384,            0.016919,             0.12164,                   0,             0.00211,             0.00211,             0.00211
                 265,            0.022401,           0.0094621,            0.013116,            0.073844,                   0,             0.79351,             0.62946,             0.63174,              0.2573,            0.050095,            0.011277,            0.016864,             0.12372,                   0,             0.00208,             0.00208,             0.00208
                 266,            0.021486,           0.0094153,            0.013082,            0.074054,                   0,             0.80089,             0.56019,             0.59142,             0.24529,            0.049831,            0.011363,            0.016956,             0.11591,                   0,             0.00205,             0.00205,             0.00205
                 267,            0.021579,           0.0093713,            0.013139,            0.070341,                   0,              0.7203,             0.66462,             0.66343,             0.25447,            0.049404,            0.011396,            0.016779,             0.11218,                   0,             0.00202,             0.00202,             0.00202
                 268,             0.02118,           0.0093487,            0.013048,             0.06822,                   0,             0.82584,             0.70635,             0.70449,             0.26959,            0.048911,            0.011317,             0.01665,             0.11145,                   0,             0.00199,             0.00199,             0.00199
                 269,            0.022259,           0.0094209,            0.013077,            0.070522,                   0,             0.80741,             0.68846,             0.69222,             0.24529,            0.048851,            0.011258,            0.016608,             0.11182,                   0,             0.00196,             0.00196,             0.00196
                 270,            0.023299,           0.0094992,            0.013258,             0.07429,                   0,             0.80967,             0.66797,             0.66964,             0.26767,            0.048551,            0.011258,            0.016678,             0.11646,                   0,             0.00193,             0.00193,             0.00193
                 271,            0.022444,            0.009482,            0.013154,            0.072662,                   0,             0.76079,             0.65385,             0.65286,             0.24445,            0.050876,             0.01135,             0.01687,             0.11786,                   0,              0.0019,              0.0019,              0.0019
                 272,            0.022105,           0.0094101,            0.013163,            0.074628,                   0,             0.80962,              0.6992,              0.6892,             0.27288,            0.048539,            0.011197,            0.016815,             0.11621,                   0,             0.00187,             0.00187,             0.00187
                 273,             0.02168,           0.0093457,            0.013029,            0.068328,                   0,             0.85484,             0.71075,             0.72892,             0.30024,            0.048353,            0.011263,            0.016913,             0.11792,                   0,             0.00184,             0.00184,             0.00184
                 274,            0.022033,           0.0094187,            0.013144,            0.071129,                   0,             0.81649,              0.6962,             0.70136,             0.27989,            0.048753,            0.011288,            0.016867,             0.12006,                   0,             0.00181,             0.00181,             0.00181
                 275,            0.021103,           0.0093688,            0.013078,            0.069667,                   0,             0.82862,             0.66089,             0.68791,             0.29256,            0.048304,            0.011274,            0.016837,             0.12659,                   0,             0.00178,             0.00178,             0.00178
                 276,            0.020795,           0.0093253,            0.013084,            0.069727,                   0,             0.79477,              0.7244,             0.70213,             0.26978,            0.049464,            0.011264,             0.01691,             0.12756,                   0,             0.00175,             0.00175,             0.00175
                 277,            0.020642,           0.0093469,            0.013057,            0.067995,                   0,             0.80697,             0.69393,              0.6873,              0.2767,            0.049542,            0.011235,             0.01702,             0.13403,                   0,             0.00172,             0.00172,             0.00172
                 278,            0.020533,           0.0092891,             0.01303,             0.06464,                   0,              0.7749,             0.72241,             0.71451,             0.28336,            0.048657,            0.011192,            0.016867,             0.12671,                   0,             0.00169,             0.00169,             0.00169
                 279,            0.020041,            0.009324,            0.013169,            0.067145,                   0,             0.85715,             0.66867,             0.70087,              0.2685,            0.049754,            0.011256,            0.016858,             0.12537,                   0,             0.00166,             0.00166,             0.00166
                 280,            0.020284,           0.0093452,            0.013115,            0.065803,                   0,             0.83725,             0.66338,             0.67505,             0.26898,            0.049979,            0.011284,            0.016779,              0.1239,                   0,             0.00163,             0.00163,             0.00163
                 281,            0.021244,           0.0093347,             0.01303,             0.06846,                   0,             0.83964,             0.74151,             0.72978,             0.30536,            0.049252,            0.011285,            0.016766,              0.1225,                   0,              0.0016,              0.0016,              0.0016
                 282,            0.020887,           0.0093238,            0.013057,            0.067359,                   0,             0.81534,             0.69106,             0.69287,             0.29019,            0.048905,            0.011255,            0.016791,             0.12085,                   0,             0.00157,             0.00157,             0.00157
                 283,             0.02189,           0.0093584,            0.013078,            0.065383,                   0,             0.84391,             0.72747,              0.7064,             0.29673,            0.049817,            0.011387,            0.016953,             0.12061,                   0,             0.00154,             0.00154,             0.00154
                 284,            0.020907,           0.0092751,            0.013067,            0.070712,                   0,             0.84967,             0.71878,             0.71956,             0.30872,            0.047806,            0.011176,            0.016745,             0.12329,                   0,             0.00151,             0.00151,             0.00151
                 285,            0.020998,           0.0093047,             0.01312,             0.07355,                   0,             0.83758,               0.741,             0.72435,             0.29146,            0.049116,            0.011298,            0.016864,             0.13086,                   0,             0.00148,             0.00148,             0.00148
                 286,            0.019251,           0.0092448,            0.013196,             0.07558,                   0,             0.82773,             0.74076,             0.73157,             0.29281,            0.049284,            0.011358,            0.016882,             0.12512,                   0,             0.00145,             0.00145,             0.00145
                 287,            0.020397,           0.0092655,            0.013049,            0.067836,                   0,             0.79829,             0.74537,             0.73498,             0.28848,            0.049387,             0.01139,            0.016818,             0.12054,                   0,             0.00142,             0.00142,             0.00142
                 288,            0.020821,           0.0092518,            0.013083,            0.072073,                   0,              0.8093,             0.72605,             0.72946,             0.28635,            0.049535,            0.011396,            0.016861,             0.11798,                   0,             0.00139,             0.00139,             0.00139
                 289,            0.019854,           0.0092446,            0.013049,            0.072891,                   0,             0.78689,             0.67969,             0.68207,             0.26702,            0.049773,            0.011335,             0.01687,             0.11584,                   0,             0.00136,             0.00136,             0.00136
                 290,            0.019518,           0.0092669,            0.013201,            0.070039,                   0,             0.85967,             0.71988,             0.72297,             0.28534,            0.048683,            0.011371,            0.016965,             0.11554,                   0,             0.00133,             0.00133,             0.00133
                 291,            0.019909,           0.0092451,            0.013028,            0.066465,                   0,              0.8742,             0.69398,              0.7113,              0.2841,            0.049543,            0.011395,            0.017078,              0.1214,                   0,              0.0013,              0.0013,              0.0013
                 292,            0.019177,           0.0091725,            0.013053,            0.065507,                   0,             0.85077,             0.76273,             0.74683,             0.29375,            0.049059,            0.011322,            0.017059,              0.1228,                   0,             0.00127,             0.00127,             0.00127
                 293,            0.019337,            0.009198,            0.013083,            0.069605,                   0,             0.85152,             0.76199,             0.75295,             0.29377,            0.049267,            0.011403,            0.017017,              0.1228,                   0,             0.00124,             0.00124,             0.00124
                 294,            0.019211,            0.009191,            0.013117,            0.072175,                   0,             0.83431,             0.69608,              0.6879,             0.26761,            0.049917,            0.011471,            0.017203,             0.11548,                   0,             0.00121,             0.00121,             0.00121
                 295,            0.019305,           0.0091867,            0.013094,            0.070572,                   0,             0.85815,             0.68277,             0.70466,             0.27394,            0.049506,            0.011466,              0.0172,             0.11133,                   0,             0.00118,             0.00118,             0.00118
                 296,            0.019615,           0.0092342,            0.013051,            0.069742,                   0,             0.80645,             0.71363,              0.6933,             0.27565,            0.049874,            0.011427,            0.017224,             0.11072,                   0,             0.00115,             0.00115,             0.00115
                 297,            0.018913,           0.0092469,            0.013159,            0.073285,                   0,             0.84079,             0.74765,             0.73457,             0.29217,            0.048909,            0.011338,            0.017068,             0.11377,                   0,             0.00112,             0.00112,             0.00112
                 298,            0.020946,           0.0091989,            0.012996,            0.064745,                   0,             0.81347,              0.7308,             0.71422,             0.27976,            0.048866,            0.011317,            0.017004,             0.11658,                   0,             0.00109,             0.00109,             0.00109
                 299,            0.020951,           0.0092239,             0.01299,            0.061833,                   0,             0.81249,             0.72271,             0.71143,             0.28012,            0.049596,            0.011325,            0.017017,             0.11633,                   0,             0.00106,             0.00106,             0.00106
