               epoch,      train/box_loss,      train/obj_loss,      train/cls_loss, train/cls_task_loss,train/constraint_loss,   metrics/precision,      metrics/recall,     metrics/mAP_0.5,metrics/mAP_0.5:0.95,        val/box_loss,        val/obj_loss,        val/cls_loss,   val/cls_task_loss, val/constraint_loss,               x/lr0,               x/lr1,               x/lr2
                   0,             0.11688,            0.013769,            0.050044,              1.1028,                   0,          7.8944e-06,             0.00625,          4.5056e-06,          9.0111e-07,             0.11992,            0.010885,            0.050574,              1.1025,                   0,              0.0937,              0.0007,              0.0007
                   1,             0.11715,            0.013702,            0.050031,              1.1011,                   0,          1.3145e-05,              0.0125,          7.2234e-06,          1.1054e-06,             0.11989,            0.010855,            0.050293,              1.1016,                   0,            0.086496,           0.0014955,           0.0014955
                   2,             0.11687,            0.013726,            0.050431,              1.1048,                   0,          9.9538e-06,             0.00625,          5.3959e-06,          1.0792e-06,             0.11975,            0.010868,             0.05033,              1.1045,                   0,            0.079286,           0.0022862,           0.0022862
                   3,             0.11696,            0.013708,            0.050442,              1.1055,                   0,          1.0566e-05,             0.00625,          1.2368e-05,          2.4736e-06,             0.11945,            0.010905,            0.050525,              1.1035,                   0,            0.072072,           0.0030721,           0.0030721
                   4,              0.1162,            0.013776,            0.050348,              1.1026,                   0,          1.0311e-05,             0.00625,          5.6875e-06,          1.1375e-06,             0.11866,            0.010919,            0.050342,              1.1006,                   0,            0.064853,           0.0038532,           0.0038532
                   5,             0.11522,            0.013908,            0.049859,              1.1038,                   0,          1.2401e-05,             0.00625,          2.0282e-05,          4.0564e-06,             0.11822,            0.010963,            0.050293,              1.1006,                   0,             0.05763,           0.0046295,           0.0046295
                   6,             0.11454,            0.013892,            0.049709,              1.1032,                   0,          1.1215e-05,             0.00625,           6.247e-06,          1.2494e-06,             0.11728,            0.011056,            0.049817,              1.1045,                   0,            0.050401,            0.005401,            0.005401
                   7,             0.11409,            0.013948,            0.049494,              1.1052,                   0,          1.2104e-05,             0.00625,          7.6803e-06,          1.5361e-06,             0.11657,            0.011058,            0.049414,              1.1064,                   0,            0.043168,           0.0061677,           0.0061677
                   8,             0.11297,            0.013973,            0.049068,              1.1033,                   0,          1.2835e-05,             0.00625,          8.0315e-06,          1.6063e-06,             0.11557,            0.011094,            0.049597,              1.1025,                   0,             0.03593,           0.0069296,           0.0069296
                   9,             0.11208,            0.014058,             0.04889,               1.101,                   0,          1.3207e-05,             0.00625,           7.543e-06,          1.5086e-06,             0.11393,            0.011244,            0.049426,              1.1006,                   0,            0.028687,           0.0076867,           0.0076867
                  10,              0.1112,            0.014101,            0.048748,              1.0989,                   0,                   0,                   0,                   0,                   0,             0.11206,            0.011384,            0.048926,              1.1016,                   0,            0.021439,            0.008439,            0.008439
                  11,              0.1098,            0.014214,            0.048333,              1.1004,                   0,                   0,                   0,                   0,                   0,             0.11032,             0.01154,             0.04823,              1.1025,                   0,            0.014186,           0.0091865,           0.0091865
                  12,             0.10732,            0.014411,              0.0481,                 1.1,                   0,          1.2379e-05,             0.00625,          1.6556e-05,          3.3113e-06,             0.10869,            0.011738,            0.048523,              1.0977,                   0,             0.00964,             0.00964,             0.00964
                  13,             0.10604,            0.014581,            0.047614,              1.0984,                   0,          1.1987e-05,             0.00625,          6.9421e-06,          1.3884e-06,             0.10667,            0.011933,            0.048242,              1.0996,                   0,             0.00964,             0.00964,             0.00964
                  14,             0.10496,            0.014579,            0.047407,              1.1006,                   0,                   0,                   0,                   0,                   0,             0.10607,            0.012002,            0.048035,              1.1006,                   0,             0.00961,             0.00961,             0.00961
                  15,             0.10383,            0.014772,            0.047188,              1.0988,                   0,                   0,                   0,                   0,                   0,             0.10519,             0.01208,            0.047485,              1.0996,                   0,             0.00958,             0.00958,             0.00958
                  16,             0.10291,            0.014833,            0.046929,              1.0971,                   0,          3.5589e-05,            0.044118,           2.106e-05,          4.0717e-06,             0.10298,            0.012354,            0.046765,              1.0977,                   0,             0.00955,             0.00955,             0.00955
                  17,               0.102,            0.014946,            0.046664,              1.0952,                   0,          4.7951e-05,            0.050368,          3.4954e-05,          6.1338e-06,             0.10146,            0.012546,             0.04635,              1.0957,                   0,             0.00952,             0.00952,             0.00952
                  18,              0.1005,             0.01511,            0.046273,              1.0951,                   0,           0.0074968,            0.045523,           0.0040231,          0.00053396,             0.10024,            0.012691,            0.046436,              1.0898,                   0,             0.00949,             0.00949,             0.00949
                  19,             0.10015,            0.015151,            0.046501,              1.0932,                   0,           0.0026315,            0.078184,           0.0014612,          0.00021754,            0.098586,            0.012947,            0.046667,              1.0879,                   0,             0.00946,             0.00946,             0.00946
                  20,            0.099268,            0.015238,            0.046327,              1.0885,                   0,           0.0036304,             0.17095,           0.0021804,          0.00028784,            0.098309,            0.012961,            0.046484,               1.083,                   0,             0.00943,             0.00943,             0.00943
                  21,             0.09777,            0.015398,            0.045904,               1.088,                   0,           0.0028831,             0.17691,           0.0021862,          0.00043926,            0.096146,            0.013198,            0.046362,               1.085,                   0,              0.0094,              0.0094,              0.0094
                  22,            0.096397,            0.015521,            0.046155,              1.0859,                   0,           0.0021639,             0.19162,           0.0019631,          0.00039449,            0.095604,            0.013213,            0.046655,              1.0879,                   0,             0.00937,             0.00937,             0.00937
                  23,            0.095971,            0.015596,            0.046143,              1.0893,                   0,           0.0018872,             0.19358,           0.0028397,          0.00054076,            0.093645,            0.013466,            0.046155,               1.085,                   0,             0.00934,             0.00934,             0.00934
                  24,            0.094759,            0.015777,            0.045698,              1.0865,                   0,           0.0016508,             0.21398,           0.0023023,          0.00051014,            0.091463,            0.013735,            0.045581,              1.0879,                   0,             0.00931,             0.00931,             0.00931
                  25,            0.092543,            0.015949,            0.045415,              1.0856,                   0,           0.0014363,              0.2187,           0.0020503,          0.00044622,            0.089404,            0.013953,            0.045459,              1.0879,                   0,             0.00928,             0.00928,             0.00928
                  26,            0.091358,            0.016058,            0.045249,              1.0865,                   0,           0.0020621,              0.3078,           0.0032938,          0.00063966,            0.086868,            0.014272,            0.045264,               1.083,                   0,             0.00925,             0.00925,             0.00925
                  27,            0.089354,            0.016301,            0.045101,              1.0836,                   0,             0.00225,             0.32667,           0.0043823,          0.00086872,            0.084505,            0.014536,            0.044702,               1.083,                   0,             0.00922,             0.00922,             0.00922
                  28,             0.08662,            0.016553,            0.044645,              1.0801,                   0,           0.0023764,             0.37707,           0.0056805,           0.0012051,            0.081457,            0.014876,             0.04436,              1.0791,                   0,             0.00919,             0.00919,             0.00919
                  29,            0.084437,            0.016865,            0.044652,              1.0744,                   0,           0.0032974,             0.37111,           0.0070501,           0.0015867,            0.079282,            0.015131,            0.043945,              1.0732,                   0,             0.00916,             0.00916,             0.00916
                  30,            0.082402,             0.01704,            0.044293,              1.0711,                   0,           0.0041467,             0.52833,           0.0097337,           0.0022724,             0.07758,            0.015281,            0.043921,              1.0664,                   0,             0.00913,             0.00913,             0.00913
                  31,            0.080598,            0.017122,            0.043899,              1.0654,                   0,           0.0031355,             0.54622,            0.010291,           0.0024072,            0.075589,            0.015389,            0.043359,              1.0508,                   0,              0.0091,              0.0091,              0.0091
                  32,            0.077938,             0.01727,            0.043271,              1.0636,                   0,           0.0030025,             0.58092,            0.010411,           0.0023976,            0.074821,            0.015247,            0.041858,                1.04,                   0,             0.00907,             0.00907,             0.00907
                  33,            0.076832,            0.017303,            0.042262,               1.068,                   0,           0.0031287,             0.61521,            0.011832,            0.002553,            0.074034,             0.01524,            0.041211,              1.0352,                   0,             0.00904,             0.00904,             0.00904
                  34,            0.074389,            0.017325,            0.041413,              1.0583,                   0,           0.0029569,             0.70071,            0.013672,           0.0030965,            0.072711,            0.015206,            0.040332,              1.0322,                   0,             0.00901,             0.00901,             0.00901
                  35,            0.072117,            0.017308,            0.040377,              1.0534,                   0,           0.0028491,             0.74834,            0.017794,           0.0044801,            0.071391,              0.0151,             0.03891,              1.0303,                   0,             0.00898,             0.00898,             0.00898
                  36,            0.070273,            0.017314,            0.039039,              1.0426,                   0,           0.0029518,             0.82372,            0.020395,           0.0050753,            0.068825,            0.015136,            0.037201,              1.0234,                   0,             0.00895,             0.00895,             0.00895
                  37,            0.068347,            0.017099,            0.037476,              1.0299,                   0,             0.28702,            0.067073,            0.029663,           0.0073564,            0.068877,            0.014765,            0.035486,              1.0166,                   0,             0.00892,             0.00892,             0.00892
                  38,            0.067584,             0.01693,            0.035999,              1.0266,                   0,             0.30506,            0.094274,            0.048204,            0.013341,            0.067642,            0.014652,             0.03382,             0.99609,                   0,             0.00889,             0.00889,             0.00889
                  39,            0.065727,            0.016771,            0.034504,              1.0063,                   0,             0.31216,              0.1165,            0.045128,            0.011787,            0.065479,            0.014747,            0.032379,             0.97559,                   0,             0.00886,             0.00886,             0.00886
                  40,            0.064644,            0.016651,            0.033286,             0.99061,                   0,             0.30485,             0.15385,            0.043476,            0.012079,            0.065269,            0.014522,            0.030908,             0.94727,                   0,             0.00883,             0.00883,             0.00883
                  41,            0.062789,              0.0165,            0.032164,             0.97957,                   0,              0.3249,             0.17955,            0.048695,            0.011604,             0.06463,            0.014325,            0.029944,             0.92627,                   0,              0.0088,              0.0088,              0.0088
                  42,            0.061597,            0.016416,            0.031331,             0.96697,                   0,             0.34013,             0.11728,            0.066657,            0.019187,            0.065706,             0.01397,            0.028687,              0.9209,                   0,             0.00877,             0.00877,             0.00877
                  43,            0.061521,            0.016155,            0.029856,             0.94495,                   0,              0.3237,             0.16053,            0.050046,            0.013904,            0.064929,            0.013783,            0.027716,             0.88672,                   0,             0.00874,             0.00874,             0.00874
                  44,            0.059836,            0.015959,            0.028893,             0.92144,                   0,              0.3162,             0.12277,            0.045012,            0.011242,            0.065547,            0.013572,            0.026849,              0.8584,                   0,             0.00871,             0.00871,             0.00871
                  45,            0.060359,            0.015783,             0.02714,             0.89791,                   0,             0.31717,             0.10041,            0.050748,            0.015577,            0.062443,            0.013619,            0.025366,             0.83203,                   0,             0.00868,             0.00868,             0.00868
                  46,            0.058442,            0.015734,             0.02652,             0.87729,                   0,             0.32373,             0.09375,             0.06724,            0.019347,            0.064027,            0.013395,            0.024622,             0.81934,                   0,             0.00865,             0.00865,             0.00865
                  47,            0.058042,            0.015546,            0.025039,             0.87399,                   0,             0.37112,             0.13851,            0.094793,            0.026637,            0.062981,            0.013371,            0.023846,             0.80615,                   0,             0.00862,             0.00862,             0.00862
                  48,            0.058309,            0.015524,             0.02428,              0.8534,                   0,               0.357,            0.081106,            0.071131,            0.022543,            0.063476,            0.013202,            0.023669,             0.79492,                   0,             0.00859,             0.00859,             0.00859
                  49,            0.057046,            0.015325,             0.02353,             0.83024,                   0,             0.35926,            0.041667,            0.063831,            0.017469,            0.061304,            0.013282,             0.02207,             0.75586,                   0,             0.00856,             0.00856,             0.00856
                  50,            0.055052,            0.015243,            0.022839,             0.81911,                   0,           0.0032198,             0.89827,            0.079994,            0.020272,            0.061142,             0.01314,            0.021936,             0.73633,                   0,             0.00853,             0.00853,             0.00853
                  51,            0.055119,            0.015063,            0.022166,             0.79575,                   0,            0.095037,             0.14454,            0.077726,            0.021979,            0.062293,            0.013097,            0.021661,             0.71973,                   0,              0.0085,              0.0085,              0.0085
                  52,            0.054448,            0.014959,            0.020999,             0.75836,                   0,              0.5895,             0.03714,             0.08135,            0.020813,            0.061648,            0.012844,            0.021112,             0.69678,                   0,             0.00847,             0.00847,             0.00847
                  53,            0.054632,            0.014765,            0.021062,             0.76042,                   0,             0.41341,            0.056469,            0.089863,            0.022139,            0.058951,            0.012923,            0.020428,             0.69092,                   0,             0.00844,             0.00844,             0.00844
                  54,            0.054138,            0.014768,                0.02,             0.72521,                   0,             0.38376,            0.036661,            0.059115,            0.016061,            0.060264,            0.012757,            0.019745,             0.66553,                   0,             0.00841,             0.00841,             0.00841
                  55,             0.05312,            0.014634,            0.019626,              0.7116,                   0,           0.0033041,             0.90869,            0.063876,            0.016972,            0.058974,             0.01272,            0.019714,              0.6499,                   0,             0.00838,             0.00838,             0.00838
                  56,            0.052682,            0.014434,            0.019296,             0.70173,                   0,            0.003294,              0.9055,            0.076599,            0.017873,            0.060972,            0.012457,            0.019592,             0.63867,                   0,             0.00835,             0.00835,             0.00835
                  57,            0.052458,            0.014398,            0.018857,             0.67408,                   0,            0.013297,             0.81028,            0.086553,            0.022987,            0.060255,            0.012446,               0.019,             0.61035,                   0,             0.00832,             0.00832,             0.00832
                  58,             0.05188,            0.014259,            0.018455,             0.65856,                   0,              0.4188,            0.085366,            0.076471,            0.017418,            0.059734,             0.01237,            0.018564,             0.60303,                   0,             0.00829,             0.00829,             0.00829
                  59,            0.051569,            0.014207,            0.018377,              0.6385,                   0,             0.20234,             0.12136,            0.093916,               0.026,            0.059032,            0.012309,            0.018106,             0.58154,                   0,             0.00826,             0.00826,             0.00826
                  60,            0.050586,            0.014149,             0.01756,             0.63995,                   0,             0.39874,            0.033189,            0.064703,            0.018834,            0.058153,            0.012413,            0.018719,             0.57812,                   0,             0.00823,             0.00823,             0.00823
                  61,            0.050385,            0.014002,            0.017207,             0.61281,                   0,            0.039134,             0.48231,            0.069167,            0.018929,            0.059249,            0.012191,             0.01825,             0.55322,                   0,              0.0082,              0.0082,              0.0082
                  62,            0.050481,            0.013885,             0.01722,             0.60602,                   0,           0.0034376,             0.93185,            0.068341,            0.017756,            0.056775,            0.012255,            0.017999,             0.53271,                   0,             0.00817,             0.00817,             0.00817
                  63,            0.050119,            0.013814,            0.017202,             0.57932,                   0,             0.37163,            0.058189,            0.078321,            0.018851,            0.057794,            0.012196,            0.018173,             0.53418,                   0,             0.00814,             0.00814,             0.00814
                  64,            0.049213,            0.013718,             0.01649,             0.57612,                   0,              0.4795,            0.047714,            0.092278,            0.017635,            0.058072,            0.012022,            0.017929,             0.52637,                   0,             0.00811,             0.00811,             0.00811
                  65,            0.048341,            0.013662,            0.016378,             0.56775,                   0,             0.66464,            0.047222,             0.11015,            0.024299,            0.059244,            0.011965,            0.017664,             0.52344,                   0,             0.00808,             0.00808,             0.00808
                  66,            0.049093,            0.013509,            0.016258,             0.55427,                   0,             0.80893,             0.01875,             0.07461,            0.016026,            0.054804,            0.012006,            0.017276,             0.49048,                   0,             0.00805,             0.00805,             0.00805
                  67,            0.048759,            0.013453,            0.016349,             0.54567,                   0,             0.53643,             0.03125,            0.080252,            0.019877,            0.055524,             0.01178,            0.017175,             0.47412,                   0,             0.00802,             0.00802,             0.00802
                  68,            0.048306,            0.013395,            0.016035,             0.52967,                   0,             0.68209,            0.034921,             0.10162,            0.025147,            0.058129,            0.011733,            0.017038,             0.48413,                   0,             0.00799,             0.00799,             0.00799
                  69,            0.048081,            0.013345,            0.015795,             0.51711,                   0,             0.35159,            0.068056,            0.095162,            0.024422,            0.057858,             0.01169,            0.016928,             0.45825,                   0,             0.00796,             0.00796,             0.00796
                  70,            0.047528,            0.013232,            0.015554,             0.49792,                   0,             0.63829,            0.015972,             0.10245,             0.02372,            0.057857,            0.011637,            0.017218,             0.45874,                   0,             0.00793,             0.00793,             0.00793
                  71,            0.047304,            0.013163,            0.015349,             0.48304,                   0,             0.40319,            0.022222,             0.10468,            0.025725,            0.056093,            0.011611,            0.016669,              0.4397,                   0,              0.0079,              0.0079,              0.0079
                  72,            0.046943,            0.013094,            0.015268,             0.47964,                   0,             0.57135,            0.047486,             0.11879,            0.028581,            0.057042,            0.011537,            0.016553,             0.42847,                   0,             0.00787,             0.00787,             0.00787
                  73,             0.04659,            0.013011,            0.015161,             0.46654,                   0,             0.57176,             0.04375,             0.12979,             0.03391,            0.058686,            0.011517,            0.016885,             0.42603,                   0,             0.00784,             0.00784,             0.00784
                  74,            0.046825,            0.012982,            0.015194,             0.46603,                   0,             0.14968,            0.056944,             0.10334,            0.026473,            0.055382,            0.011538,            0.016559,              0.4126,                   0,             0.00781,             0.00781,             0.00781
                  75,            0.046537,             0.01299,            0.014775,             0.45105,                   0,             0.42822,            0.049306,             0.11307,            0.027018,            0.054787,            0.011393,            0.016306,             0.39648,                   0,             0.00778,             0.00778,             0.00778
                  76,            0.046124,            0.012948,            0.015009,             0.44759,                   0,              0.5879,            0.065501,             0.10903,            0.025617,            0.054904,            0.011459,            0.016559,             0.39819,                   0,             0.00775,             0.00775,             0.00775
                  77,            0.045553,            0.012813,            0.014737,             0.44156,                   0,             0.32605,            0.064706,            0.099115,            0.025403,            0.054079,            0.011419,             0.01633,             0.39404,                   0,             0.00772,             0.00772,             0.00772
                  78,            0.044362,            0.012877,            0.014919,             0.43715,                   0,             0.55663,               0.025,            0.097564,            0.024369,            0.054576,            0.011384,            0.016153,             0.38135,                   0,             0.00769,             0.00769,             0.00769
                  79,            0.044211,             0.01272,            0.014621,              0.4334,                   0,               0.558,            0.020862,             0.10024,            0.024826,            0.054052,            0.011425,            0.016843,             0.38379,                   0,             0.00766,             0.00766,             0.00766
                  80,            0.044609,            0.012647,            0.014435,             0.42567,                   0,             0.53591,             0.12415,             0.18102,            0.048888,            0.055499,            0.011325,            0.016226,             0.37866,                   0,             0.00763,             0.00763,             0.00763
                  81,             0.04407,            0.012522,            0.014382,             0.40919,                   0,             0.71546,             0.13233,             0.21047,            0.052137,            0.057977,            0.011222,            0.015842,             0.37207,                   0,              0.0076,              0.0076,              0.0076
                  82,            0.043713,            0.012603,            0.014423,             0.40211,                   0,             0.41711,             0.14426,             0.15947,            0.038445,            0.053232,            0.011342,            0.015784,             0.34521,                   0,             0.00757,             0.00757,             0.00757
                  83,            0.043936,            0.012438,            0.014249,             0.39956,                   0,             0.41165,             0.16413,             0.10797,            0.026296,            0.052869,            0.011234,            0.015814,             0.35864,                   0,             0.00754,             0.00754,             0.00754
                  84,            0.043814,            0.012489,            0.014275,             0.39545,                   0,             0.36773,             0.12431,             0.11557,            0.025694,            0.055652,            0.011164,            0.015796,             0.34082,                   0,             0.00751,             0.00751,             0.00751
                  85,            0.042953,            0.012292,            0.014157,             0.38253,                   0,             0.39652,             0.10662,              0.1047,            0.024055,              0.0563,              0.0112,             0.01622,             0.34058,                   0,             0.00748,             0.00748,             0.00748
                  86,            0.043052,            0.012255,            0.014073,             0.37448,                   0,             0.34158,            0.057067,            0.067859,            0.016066,            0.052729,            0.011142,            0.015942,             0.32202,                   0,             0.00745,             0.00745,             0.00745
                  87,             0.04387,            0.012214,            0.014222,             0.37102,                   0,              0.3659,             0.10903,             0.10063,            0.023547,            0.055338,            0.011058,            0.015808,             0.31323,                   0,             0.00742,             0.00742,             0.00742
                  88,            0.041653,            0.012184,            0.014151,             0.36038,                   0,             0.20081,             0.11303,             0.14966,            0.031178,             0.05603,            0.011071,             0.01618,              0.3291,                   0,             0.00739,             0.00739,             0.00739
                  89,            0.040869,            0.012196,            0.014154,              0.3627,                   0,             0.13347,             0.13648,             0.10151,            0.024937,            0.056239,            0.011103,            0.016287,             0.30591,                   0,             0.00736,             0.00736,             0.00736
                  90,            0.042197,            0.012152,            0.014077,              0.3632,                   0,             0.39128,             0.12505,             0.10445,            0.023761,            0.057382,             0.01109,            0.016418,             0.31616,                   0,             0.00733,             0.00733,             0.00733
                  91,            0.041917,            0.012094,            0.014152,             0.35145,                   0,             0.42631,             0.12316,             0.11554,            0.026055,            0.052586,            0.011118,            0.015753,             0.29248,                   0,              0.0073,              0.0073,              0.0073
                  92,            0.041569,            0.012009,            0.014022,             0.34416,                   0,             0.38867,             0.18501,             0.12367,            0.032438,            0.056045,            0.011018,            0.015848,             0.29712,                   0,             0.00727,             0.00727,             0.00727
                  93,            0.041278,            0.012012,            0.013929,             0.34077,                   0,             0.40698,             0.16255,             0.15122,            0.032364,            0.053996,            0.011069,            0.015823,             0.29712,                   0,             0.00724,             0.00724,             0.00724
                  94,            0.041232,            0.012032,            0.014175,             0.34197,                   0,             0.42142,             0.18219,             0.14826,            0.035068,            0.051708,            0.011121,            0.015628,             0.27783,                   0,             0.00721,             0.00721,             0.00721
                  95,            0.040896,            0.011928,            0.013808,             0.32505,                   0,             0.51037,             0.23407,             0.19031,            0.047393,             0.05657,            0.011022,            0.015948,             0.28418,                   0,             0.00718,             0.00718,             0.00718
                  96,            0.039515,            0.011869,            0.013856,             0.31971,                   0,             0.41623,             0.14677,             0.13051,            0.035273,            0.051977,            0.010981,            0.015353,             0.27466,                   0,             0.00715,             0.00715,             0.00715
                  97,            0.040227,            0.011798,            0.013884,             0.31052,                   0,             0.47763,             0.17944,             0.17923,            0.049483,            0.054986,            0.010836,             0.01546,             0.27271,                   0,             0.00712,             0.00712,             0.00712
                  98,            0.040233,             0.01177,            0.013908,             0.29982,                   0,             0.42073,             0.10408,              0.1104,            0.028708,            0.054456,            0.010868,            0.015427,              0.2561,                   0,             0.00709,             0.00709,             0.00709
                  99,            0.039752,            0.011754,            0.013942,             0.30436,                   0,             0.34902,             0.10359,            0.075246,            0.020606,            0.054112,             0.01085,            0.015405,             0.24805,                   0,             0.00706,             0.00706,             0.00706
                 100,            0.039309,            0.011726,             0.01397,             0.29268,                   0,             0.42924,             0.10694,             0.14286,            0.034995,            0.054456,            0.010766,            0.015305,             0.25195,                   0,             0.00703,             0.00703,             0.00703
                 101,            0.038683,            0.011557,            0.013699,             0.29591,                   0,             0.36718,             0.10232,             0.10685,             0.02515,             0.05299,            0.010984,            0.015662,              0.2627,                   0,               0.007,               0.007,               0.007
                 102,            0.038211,            0.011546,             0.01387,             0.28601,                   0,             0.43898,             0.13856,             0.12868,            0.031446,            0.052915,            0.010919,            0.015793,             0.25171,                   0,             0.00697,             0.00697,             0.00697
                 103,            0.039147,            0.011465,            0.013723,             0.27584,                   0,             0.47226,             0.24349,             0.19563,            0.048369,            0.054826,              0.0109,            0.015817,             0.25293,                   0,             0.00694,             0.00694,             0.00694
                 104,            0.038011,             0.01151,              0.0137,             0.28044,                   0,             0.45175,             0.22145,             0.15547,            0.038251,            0.053766,            0.010897,            0.016141,             0.23865,                   0,             0.00691,             0.00691,             0.00691
                 105,            0.037548,            0.011549,            0.013767,             0.26617,                   0,             0.48554,             0.26054,             0.20899,            0.062456,            0.054639,            0.010877,            0.015964,             0.24023,                   0,             0.00688,             0.00688,             0.00688
                 106,            0.037479,            0.011385,            0.013706,             0.25604,                   0,             0.48361,             0.21622,             0.18283,            0.053146,            0.055596,            0.010894,            0.015994,             0.23193,                   0,             0.00685,             0.00685,             0.00685
                 107,            0.037532,            0.011288,            0.013606,             0.25316,                   0,             0.47802,             0.16565,             0.17205,            0.040932,            0.055745,            0.010898,            0.015826,             0.22583,                   0,             0.00682,             0.00682,             0.00682
                 108,            0.038779,            0.011311,            0.013844,             0.26741,                   0,              0.2731,             0.23129,             0.22265,            0.061981,            0.053397,            0.010934,            0.015546,             0.22095,                   0,             0.00679,             0.00679,             0.00679
                 109,            0.037742,            0.011329,            0.013543,             0.25525,                   0,             0.36035,             0.23065,             0.19816,             0.05762,            0.052203,            0.010897,            0.015485,             0.21301,                   0,             0.00676,             0.00676,             0.00676
                 110,            0.037642,            0.011217,            0.013475,             0.24132,                   0,             0.47433,              0.2023,             0.17188,            0.047442,            0.052646,            0.010856,            0.015811,             0.21802,                   0,             0.00673,             0.00673,             0.00673
                 111,            0.037391,            0.011183,             0.01362,             0.24015,                   0,               0.428,             0.24229,             0.22701,            0.057431,            0.052255,            0.010868,            0.016064,               0.229,                   0,              0.0067,              0.0067,              0.0067
                 112,            0.038084,            0.011214,            0.013666,             0.24169,                   0,             0.44214,             0.28358,              0.2348,            0.065275,            0.054386,            0.010784,            0.015659,             0.20972,                   0,             0.00667,             0.00667,             0.00667
                 113,            0.037197,            0.011294,            0.013533,             0.23444,                   0,             0.22064,             0.22065,             0.15383,            0.043463,            0.054226,            0.010856,            0.015729,             0.20557,                   0,             0.00664,             0.00664,             0.00664
                 114,            0.037171,            0.011206,             0.01358,             0.22459,                   0,             0.40727,             0.21993,             0.13535,            0.037847,            0.053951,            0.010813,            0.015814,             0.21008,                   0,             0.00661,             0.00661,             0.00661
                 115,            0.035403,            0.011142,            0.013628,              0.2167,                   0,             0.41265,             0.20976,             0.13505,            0.033051,            0.053439,            0.010797,            0.015967,             0.20935,                   0,             0.00658,             0.00658,             0.00658
                 116,            0.036295,            0.011051,            0.013605,             0.20991,                   0,             0.20185,             0.26855,             0.18055,            0.049876,            0.050694,            0.011055,            0.015952,             0.18811,                   0,             0.00655,             0.00655,             0.00655
                 117,            0.036449,            0.011105,            0.013482,             0.21646,                   0,             0.20875,             0.22631,             0.18327,            0.052236,            0.055364,            0.010926,            0.015674,             0.19067,                   0,             0.00652,             0.00652,             0.00652
                 118,            0.036424,            0.011078,            0.013513,              0.2029,                   0,             0.24055,             0.21328,             0.21613,            0.054981,            0.053817,            0.010947,            0.015723,             0.19592,                   0,             0.00649,             0.00649,             0.00649
                 119,            0.035281,             0.01098,            0.013504,             0.20855,                   0,             0.53898,             0.28808,             0.24941,            0.065872,            0.051693,             0.01096,            0.015607,             0.19067,                   0,             0.00646,             0.00646,             0.00646
                 120,            0.035248,            0.011024,            0.013623,             0.19851,                   0,             0.41409,             0.25796,             0.24642,            0.068204,            0.052143,            0.010856,            0.015567,              0.1991,                   0,             0.00643,             0.00643,             0.00643
                 121,             0.03535,            0.011048,            0.013437,              0.1908,                   0,             0.33129,             0.29753,             0.22159,            0.061029,            0.051043,            0.010844,            0.015613,             0.17383,                   0,              0.0064,              0.0064,              0.0064
                 122,            0.035151,            0.010893,             0.01331,             0.19623,                   0,              0.5456,             0.25617,             0.25263,             0.07119,            0.051781,            0.010707,            0.015546,             0.17529,                   0,             0.00637,             0.00637,             0.00637
                 123,            0.036226,             0.01095,             0.01349,             0.19874,                   0,             0.50079,             0.22952,             0.19419,            0.056523,            0.054858,            0.010827,            0.015918,             0.18127,                   0,             0.00634,             0.00634,             0.00634
                 124,             0.03568,            0.010866,            0.013437,             0.18444,                   0,             0.32291,             0.23873,             0.19371,            0.052234,            0.051451,            0.010873,            0.015894,             0.19177,                   0,             0.00631,             0.00631,             0.00631
                 125,            0.036009,            0.010968,            0.013574,             0.18853,                   0,             0.19712,             0.25215,             0.21694,            0.063846,            0.052764,            0.010713,            0.015836,             0.19128,                   0,             0.00628,             0.00628,             0.00628
                 126,            0.034539,            0.010797,            0.013571,             0.17761,                   0,             0.25012,             0.25341,             0.20848,            0.059261,            0.051986,            0.010678,            0.015741,             0.18054,                   0,             0.00625,             0.00625,             0.00625
                 127,            0.033843,             0.01086,            0.013396,              0.1832,                   0,             0.26369,             0.26312,             0.18443,            0.046258,            0.051953,            0.010758,            0.015945,              0.1792,                   0,             0.00622,             0.00622,             0.00622
                 128,            0.033175,            0.010752,            0.013298,             0.16629,                   0,             0.36316,             0.32135,             0.25926,            0.066129,            0.052389,            0.010781,            0.015646,             0.18164,                   0,             0.00619,             0.00619,             0.00619
                 129,            0.032977,            0.010667,            0.013454,             0.17323,                   0,             0.32603,             0.22981,             0.20619,            0.053847,            0.051007,            0.010819,            0.015573,             0.16162,                   0,             0.00616,             0.00616,             0.00616
                 130,            0.033896,            0.010639,            0.013325,             0.15205,                   0,             0.26566,              0.2308,             0.23863,            0.063385,             0.05108,             0.01084,            0.015683,             0.17664,                   0,             0.00613,             0.00613,             0.00613
                 131,            0.033863,            0.010679,            0.013433,             0.15733,                   0,             0.33626,             0.25521,             0.22829,            0.057752,            0.052671,            0.010657,            0.015494,             0.16528,                   0,              0.0061,              0.0061,              0.0061
                 132,            0.033937,            0.010652,            0.013333,             0.15784,                   0,             0.37965,             0.30103,             0.22829,             0.06378,            0.050477,            0.010673,            0.015375,             0.16187,                   0,             0.00607,             0.00607,             0.00607
                 133,            0.032915,            0.010578,            0.013425,             0.15921,                   0,             0.36779,             0.34495,             0.27796,            0.075212,            0.052115,            0.010821,            0.015842,             0.16553,                   0,             0.00604,             0.00604,             0.00604
                 134,            0.032135,            0.010605,            0.013352,              0.1596,                   0,             0.53349,             0.26885,             0.27525,            0.070646,            0.050253,            0.010768,            0.015536,             0.16736,                   0,             0.00601,             0.00601,             0.00601
                 135,            0.033099,            0.010615,            0.013444,             0.16125,                   0,             0.48335,             0.29796,             0.22693,            0.060557,            0.050638,            0.010829,            0.015717,             0.16602,                   0,             0.00598,             0.00598,             0.00598
                 136,            0.033281,            0.010588,            0.013373,             0.16022,                   0,             0.31388,             0.33548,             0.24919,             0.07223,            0.051294,            0.010724,            0.015494,             0.15332,                   0,             0.00595,             0.00595,             0.00595
                 137,            0.032757,            0.010622,             0.01349,             0.15014,                   0,             0.41806,             0.37303,             0.32735,            0.099633,            0.049948,             0.01076,            0.015399,             0.15833,                   0,             0.00592,             0.00592,             0.00592
                 138,            0.032189,            0.010558,            0.013392,             0.15385,                   0,              0.6507,             0.34279,             0.30523,            0.094931,             0.05415,            0.010705,             0.01579,             0.17883,                   0,             0.00589,             0.00589,             0.00589
                 139,            0.032768,            0.010485,            0.013522,             0.16087,                   0,             0.56535,             0.34984,             0.31695,            0.081023,            0.049556,              0.0107,            0.015494,             0.16956,                   0,             0.00586,             0.00586,             0.00586
                 140,            0.032771,            0.010544,            0.013375,             0.14781,                   0,             0.60353,             0.35184,             0.38083,             0.10782,            0.053015,            0.010787,            0.015622,             0.15344,                   0,             0.00583,             0.00583,             0.00583
                 141,            0.033865,            0.010576,            0.013443,             0.15164,                   0,             0.52635,             0.32529,             0.31129,            0.090204,            0.050834,            0.010736,            0.015784,             0.17004,                   0,              0.0058,              0.0058,              0.0058
                 142,            0.032243,            0.010538,            0.013454,             0.14534,                   0,             0.56864,             0.32653,             0.30971,             0.10146,            0.052617,            0.010786,            0.015829,             0.15186,                   0,             0.00577,             0.00577,             0.00577
                 143,            0.032114,            0.010472,            0.013319,             0.14493,                   0,             0.51706,             0.43329,             0.36291,             0.10022,              0.0512,            0.010847,            0.015717,             0.14905,                   0,             0.00574,             0.00574,             0.00574
                 144,            0.032305,            0.010418,            0.013301,             0.13665,                   0,             0.58093,             0.34169,             0.36256,             0.10861,            0.050042,            0.010803,            0.015884,             0.16089,                   0,             0.00571,             0.00571,             0.00571
                 145,            0.032137,            0.010465,            0.013376,             0.14102,                   0,             0.59726,             0.31939,             0.31031,            0.081523,            0.050019,             0.01085,            0.016016,             0.14697,                   0,             0.00568,             0.00568,             0.00568
                 146,            0.031165,            0.010436,            0.013345,             0.12741,                   0,             0.63616,             0.34085,             0.32052,            0.089788,            0.052189,            0.010834,            0.015845,             0.14832,                   0,             0.00565,             0.00565,             0.00565
                 147,            0.030931,             0.01043,            0.013373,             0.13019,                   0,             0.54897,             0.29798,             0.24934,            0.075226,            0.050085,            0.010837,            0.015845,             0.14734,                   0,             0.00562,             0.00562,             0.00562
                 148,            0.031958,            0.010485,            0.013421,             0.12859,                   0,             0.57525,             0.29305,             0.23251,            0.061811,            0.050314,            0.010908,            0.015857,             0.15649,                   0,             0.00559,             0.00559,             0.00559
                 149,            0.031204,            0.010413,            0.013416,             0.13476,                   0,             0.46289,             0.34213,              0.2741,            0.072115,            0.050749,            0.010789,            0.016016,             0.15796,                   0,             0.00556,             0.00556,             0.00556
                 150,            0.030911,            0.010396,             0.01336,              0.1329,                   0,             0.55384,             0.33304,              0.3002,            0.083058,            0.050816,            0.010723,            0.016129,             0.15002,                   0,             0.00553,             0.00553,             0.00553
                 151,            0.032288,            0.010395,            0.013469,             0.13261,                   0,             0.59869,             0.39612,             0.41117,              0.1345,            0.054598,            0.010657,            0.015714,             0.15076,                   0,              0.0055,              0.0055,              0.0055
                 152,            0.031464,            0.010425,            0.013301,             0.13207,                   0,             0.53205,             0.41984,             0.39698,             0.12159,            0.050173,             0.01067,            0.015558,             0.15332,                   0,             0.00547,             0.00547,             0.00547
                 153,            0.031223,            0.010364,            0.013369,             0.12823,                   0,             0.57441,             0.41888,             0.44124,             0.13953,             0.05084,            0.010757,            0.015793,             0.14673,                   0,             0.00544,             0.00544,             0.00544
                 154,            0.030832,            0.010277,            0.013314,             0.12614,                   0,             0.59893,             0.46395,              0.4635,             0.14457,            0.051338,            0.010798,            0.015836,             0.14673,                   0,             0.00541,             0.00541,             0.00541
                 155,            0.031694,             0.01032,            0.013486,             0.13683,                   0,             0.68291,             0.44586,             0.47748,             0.16286,            0.053326,            0.010805,            0.016058,              0.1438,                   0,             0.00538,             0.00538,             0.00538
                 156,            0.031682,            0.010328,            0.013431,             0.12095,                   0,              0.4734,             0.42984,             0.36912,             0.11022,            0.052415,            0.010816,            0.015839,             0.13843,                   0,             0.00535,             0.00535,             0.00535
                 157,            0.029997,            0.010302,            0.013373,             0.12333,                   0,              0.3298,              0.3226,             0.23967,            0.070934,            0.051052,            0.010937,            0.016162,             0.13953,                   0,             0.00532,             0.00532,             0.00532
                 158,            0.031445,            0.010299,            0.013311,             0.11632,                   0,             0.54138,             0.34404,             0.29968,            0.089698,            0.051474,            0.010931,            0.016388,             0.15613,                   0,             0.00529,             0.00529,             0.00529
                 159,            0.030716,             0.01034,            0.013359,             0.12653,                   0,             0.69176,             0.44316,             0.42398,             0.12935,            0.054133,            0.010908,            0.016187,             0.13464,                   0,             0.00526,             0.00526,             0.00526
                 160,             0.03102,            0.010275,            0.013324,             0.12864,                   0,             0.65012,             0.45833,              0.4454,             0.13466,             0.04994,            0.010952,            0.016199,             0.14587,                   0,             0.00523,             0.00523,             0.00523
                 161,            0.030454,            0.010325,            0.013353,             0.13011,                   0,             0.54732,             0.38321,             0.35868,             0.10951,             0.05168,            0.010876,            0.016052,             0.15784,                   0,              0.0052,              0.0052,              0.0052
                 162,            0.029932,            0.010216,            0.013299,             0.11644,                   0,             0.58801,             0.42511,             0.35594,             0.11182,            0.053103,            0.010794,            0.015924,             0.13232,                   0,             0.00517,             0.00517,             0.00517
                 163,             0.03066,             0.01035,            0.013399,             0.12003,                   0,             0.67698,             0.41655,             0.41577,             0.13767,            0.051921,            0.010763,            0.015921,             0.14575,                   0,             0.00514,             0.00514,             0.00514
                 164,            0.032098,             0.01024,            0.013382,             0.11744,                   0,             0.65315,             0.38722,             0.40799,             0.13697,             0.05189,            0.010848,            0.016077,             0.14392,                   0,             0.00511,             0.00511,             0.00511
                 165,            0.030469,             0.01023,            0.013371,             0.11318,                   0,             0.57801,             0.34687,             0.32269,             0.10186,            0.051695,            0.010781,            0.015936,              0.1377,                   0,             0.00508,             0.00508,             0.00508
                 166,            0.030062,            0.010265,            0.013305,             0.11215,                   0,             0.53286,             0.32794,             0.32225,            0.095838,            0.052184,            0.010745,            0.015927,             0.14233,                   0,             0.00505,             0.00505,             0.00505
                 167,            0.029565,            0.010192,            0.013374,             0.11843,                   0,             0.49899,             0.34634,             0.34045,             0.10331,            0.053977,            0.010658,            0.016074,             0.13879,                   0,             0.00502,             0.00502,             0.00502
                 168,            0.029989,            0.010133,            0.013332,             0.12911,                   0,             0.50847,             0.37692,             0.32793,             0.10605,             0.05052,            0.010769,               0.016,             0.13318,                   0,             0.00499,             0.00499,             0.00499
                 169,            0.029865,            0.010081,             0.01321,             0.11746,                   0,             0.57811,             0.32127,             0.34095,            0.099363,            0.051822,            0.010877,            0.016278,              0.1311,                   0,             0.00496,             0.00496,             0.00496
                 170,            0.029639,            0.010122,            0.013292,              0.1109,                   0,              0.5274,             0.37497,             0.35981,             0.11168,             0.05227,            0.011039,            0.016272,             0.13562,                   0,             0.00493,             0.00493,             0.00493
                 171,            0.030147,            0.010173,            0.013341,             0.11452,                   0,             0.59595,             0.43806,             0.42249,             0.13352,            0.051503,            0.010979,            0.016348,             0.14917,                   0,              0.0049,              0.0049,              0.0049
                 172,            0.029374,            0.010078,            0.013409,             0.11599,                   0,             0.66373,             0.34889,             0.38942,             0.12272,            0.052556,              0.0109,            0.016287,             0.15442,                   0,             0.00487,             0.00487,             0.00487
                 173,            0.028937,            0.010028,            0.013383,             0.12061,                   0,             0.51077,             0.34719,              0.3206,            0.098313,            0.051233,            0.010889,            0.016217,             0.14758,                   0,             0.00484,             0.00484,             0.00484
                 174,            0.028558,            0.010076,            0.013302,             0.11403,                   0,              0.6672,             0.41493,              0.4662,             0.14537,            0.051816,            0.010786,            0.015964,             0.13806,                   0,             0.00481,             0.00481,             0.00481
                 175,             0.02879,            0.010148,            0.013352,             0.11395,                   0,             0.69706,             0.48614,             0.49434,             0.16395,            0.050935,            0.010815,            0.015854,             0.13391,                   0,             0.00478,             0.00478,             0.00478
                 176,            0.028428,             0.01006,            0.013385,             0.11795,                   0,             0.67697,             0.48438,             0.49752,             0.16201,            0.050894,            0.010853,            0.016025,             0.15015,                   0,             0.00475,             0.00475,             0.00475
                 177,            0.028021,            0.010085,            0.013298,             0.10275,                   0,              0.6385,             0.41964,              0.3992,             0.12158,             0.05173,            0.010819,            0.016202,             0.13416,                   0,             0.00472,             0.00472,             0.00472
                 178,            0.028223,            0.010031,            0.013368,             0.11711,                   0,             0.59747,              0.4115,             0.43204,             0.13751,            0.051056,            0.010739,            0.015753,             0.12854,                   0,             0.00469,             0.00469,             0.00469
                 179,            0.028139,           0.0099545,            0.013202,             0.10787,                   0,             0.55404,             0.38963,             0.38949,              0.1257,            0.051135,            0.010895,            0.016006,             0.13879,                   0,             0.00466,             0.00466,             0.00466
                 180,            0.029318,            0.010051,            0.013297,              0.1021,                   0,             0.63305,             0.41584,             0.43349,             0.13463,            0.051095,            0.010736,            0.016031,             0.12939,                   0,             0.00463,             0.00463,             0.00463
                 181,            0.028046,            0.010081,            0.013321,              0.1099,                   0,             0.53006,             0.38399,             0.38123,             0.12085,            0.051925,            0.010705,            0.015936,             0.13196,                   0,              0.0046,              0.0046,              0.0046
                 182,            0.028664,            0.009948,            0.013312,                0.12,                   0,             0.55361,             0.39469,             0.35444,             0.10969,            0.051017,              0.0108,            0.016129,             0.13599,                   0,             0.00457,             0.00457,             0.00457
                 183,            0.027019,             0.00994,            0.013346,             0.11169,                   0,             0.58763,             0.45675,             0.42873,             0.14598,             0.05114,            0.010908,            0.016431,             0.13416,                   0,             0.00454,             0.00454,             0.00454
                 184,            0.028482,           0.0099374,            0.013357,              0.1045,                   0,             0.52825,             0.47358,             0.43374,             0.13926,            0.049749,            0.010903,            0.016019,             0.13416,                   0,             0.00451,             0.00451,             0.00451
                 185,            0.027379,           0.0099193,            0.013347,             0.10291,                   0,             0.65035,             0.45121,             0.48735,             0.16694,            0.051229,            0.010815,            0.015967,             0.14099,                   0,             0.00448,             0.00448,             0.00448
                 186,            0.029302,           0.0099245,            0.013159,             0.10404,                   0,             0.66728,             0.47258,             0.48372,             0.15791,            0.051048,            0.010879,            0.015967,             0.13843,                   0,             0.00445,             0.00445,             0.00445
                 187,            0.027599,           0.0099066,             0.01329,             0.10138,                   0,             0.67942,             0.47828,             0.50023,             0.16676,             0.05182,             0.01094,            0.016107,              0.1344,                   0,             0.00442,             0.00442,             0.00442
                 188,            0.027511,           0.0099209,            0.013326,              0.1075,                   0,             0.61354,             0.43415,             0.46685,             0.15027,            0.052367,            0.010913,            0.016351,             0.13513,                   0,             0.00439,             0.00439,             0.00439
                 189,            0.028245,           0.0099361,            0.013234,             0.11108,                   0,             0.57998,             0.44839,             0.48043,             0.14278,            0.050076,            0.010881,            0.016284,             0.12927,                   0,             0.00436,             0.00436,             0.00436
                 190,            0.027395,           0.0099003,            0.013291,             0.10343,                   0,             0.56259,             0.45092,             0.47001,             0.14643,            0.049011,             0.01084,            0.016077,             0.13245,                   0,             0.00433,             0.00433,             0.00433
                 191,            0.028497,           0.0098916,             0.01328,            0.098617,                   0,             0.52115,             0.38785,             0.39525,             0.12134,            0.050711,            0.010852,               0.016,             0.13843,                   0,              0.0043,              0.0043,              0.0043
                 192,            0.026622,           0.0098498,            0.013285,            0.092415,                   0,             0.67713,             0.49239,             0.52365,             0.16621,            0.051333,            0.010876,            0.016098,             0.14478,                   0,             0.00427,             0.00427,             0.00427
                 193,            0.026268,           0.0098556,            0.013332,             0.09844,                   0,             0.69075,             0.42584,             0.43231,             0.14841,            0.051631,            0.010989,            0.016367,             0.13831,                   0,             0.00424,             0.00424,             0.00424
                 194,            0.027332,            0.009903,            0.013304,            0.099952,                   0,             0.68288,             0.48871,             0.50674,             0.16758,            0.050174,            0.010911,             0.01658,             0.12927,                   0,             0.00421,             0.00421,             0.00421
                 195,            0.028397,           0.0099288,            0.013249,             0.10272,                   0,             0.73778,             0.44218,               0.476,              0.1638,            0.050518,            0.010889,            0.016522,             0.13147,                   0,             0.00418,             0.00418,             0.00418
                 196,             0.02745,           0.0098266,            0.013202,            0.098756,                   0,             0.59795,             0.41131,             0.41957,             0.13542,            0.051871,            0.010974,            0.016534,             0.12781,                   0,             0.00415,             0.00415,             0.00415
                 197,            0.026591,           0.0098031,            0.013239,            0.097032,                   0,             0.72947,             0.44878,             0.47561,             0.16686,            0.052298,            0.010968,            0.016562,             0.12549,                   0,             0.00412,             0.00412,             0.00412
                 198,             0.02688,           0.0098361,            0.013341,            0.094197,                   0,             0.67051,             0.53197,              0.5193,             0.18577,            0.051639,            0.011006,            0.016434,             0.12299,                   0,             0.00409,             0.00409,             0.00409
                 199,            0.026228,           0.0098603,            0.013211,             0.09678,                   0,             0.61536,              0.4716,             0.51303,             0.15988,            0.051466,            0.010966,             0.01666,             0.13379,                   0,             0.00406,             0.00406,             0.00406
                 200,            0.027127,           0.0098559,            0.013252,             0.10105,                   0,              0.7005,             0.54844,              0.5779,             0.20429,            0.051373,            0.010955,            0.016599,             0.12915,                   0,             0.00403,             0.00403,             0.00403
                 201,            0.026242,           0.0097787,            0.013278,            0.095526,                   0,             0.60737,             0.42575,             0.44255,             0.14615,            0.050055,            0.011024,            0.016815,             0.14111,                   0,               0.004,               0.004,               0.004
                 202,            0.026573,           0.0098137,            0.013238,            0.092499,                   0,             0.67014,             0.46779,             0.50708,             0.17141,            0.051117,            0.010981,            0.016934,             0.14404,                   0,             0.00397,             0.00397,             0.00397
                 203,            0.026398,           0.0098173,            0.013244,            0.094344,                   0,              0.7312,             0.39165,             0.45817,             0.16247,            0.051292,            0.011071,            0.016638,             0.13867,                   0,             0.00394,             0.00394,             0.00394
                 204,            0.027445,           0.0097997,            0.013399,            0.088868,                   0,             0.72775,             0.47354,             0.51968,             0.18461,             0.05051,            0.011103,            0.016629,             0.13367,                   0,             0.00391,             0.00391,             0.00391
                 205,            0.025321,           0.0097626,            0.013204,            0.087733,                   0,             0.74861,             0.60769,             0.63991,             0.22401,            0.050364,            0.010923,            0.016623,              0.1366,                   0,             0.00388,             0.00388,             0.00388
                 206,            0.027886,           0.0098393,            0.013381,              0.1104,                   0,             0.76291,              0.5891,              0.6446,               0.226,            0.052073,            0.010876,            0.016376,             0.13477,                   0,             0.00385,             0.00385,             0.00385
                 207,            0.027228,           0.0097526,            0.013276,            0.090949,                   0,             0.67262,             0.47013,             0.46402,              0.1631,            0.051043,            0.010873,            0.016245,             0.13354,                   0,             0.00382,             0.00382,             0.00382
                 208,            0.027724,           0.0097655,            0.013219,            0.093507,                   0,             0.70607,             0.41741,             0.44498,             0.14564,             0.05055,            0.010871,            0.016486,             0.13135,                   0,             0.00379,             0.00379,             0.00379
                 209,            0.025231,           0.0097783,            0.013239,             0.10418,                   0,             0.64177,             0.47697,             0.48644,             0.15653,             0.05051,            0.010979,            0.016373,             0.12305,                   0,             0.00376,             0.00376,             0.00376
                 210,            0.025456,           0.0096724,            0.013143,            0.089567,                   0,             0.68713,             0.48271,             0.51041,             0.16284,            0.051104,             0.01106,             0.01651,             0.12622,                   0,             0.00373,             0.00373,             0.00373
                 211,            0.025651,           0.0097399,            0.013249,             0.09279,                   0,             0.74857,             0.51059,              0.5368,             0.17448,            0.050753,            0.010987,            0.016354,             0.12854,                   0,              0.0037,              0.0037,              0.0037
                 212,            0.028075,           0.0097558,            0.013251,             0.10328,                   0,             0.71828,             0.62582,             0.61489,              0.2206,            0.050201,            0.010861,            0.016263,             0.13306,                   0,             0.00367,             0.00367,             0.00367
                 213,            0.025171,           0.0097059,            0.013202,             0.10402,                   0,             0.71826,             0.65326,              0.6204,             0.22607,            0.050312,            0.010942,            0.016418,             0.12854,                   0,             0.00364,             0.00364,             0.00364
                 214,              0.0257,           0.0096397,            0.013221,              0.0943,                   0,             0.70813,             0.59262,             0.59198,              0.2357,            0.050325,            0.011035,            0.016495,             0.12073,                   0,             0.00361,             0.00361,             0.00361
                 215,            0.024077,           0.0096516,            0.013238,            0.093594,                   0,               0.661,             0.57579,             0.58829,             0.20866,            0.050339,            0.011097,            0.016504,             0.11835,                   0,             0.00358,             0.00358,             0.00358
                 216,            0.025286,           0.0096347,            0.013201,            0.093942,                   0,             0.76172,             0.53924,             0.55976,             0.19806,             0.05057,            0.011006,            0.016418,             0.13245,                   0,             0.00355,             0.00355,             0.00355
                 217,            0.025155,           0.0096728,            0.013243,            0.099151,                   0,             0.73281,             0.56782,             0.57684,             0.20568,            0.050776,             0.01095,            0.016739,             0.13147,                   0,             0.00352,             0.00352,             0.00352
                 218,            0.025847,           0.0096899,            0.013236,             0.10135,                   0,             0.67889,             0.56698,             0.59391,             0.22538,            0.051509,            0.011013,            0.016422,             0.12585,                   0,             0.00349,             0.00349,             0.00349
                 219,            0.025817,           0.0096884,            0.013248,            0.093112,                   0,             0.74077,              0.5782,             0.60826,             0.23059,            0.049841,            0.011037,            0.016412,             0.12451,                   0,             0.00346,             0.00346,             0.00346
                 220,            0.025882,           0.0097282,            0.013291,            0.093201,                   0,             0.69071,             0.61307,             0.59183,             0.21346,            0.050794,            0.011113,            0.016354,             0.12366,                   0,             0.00343,             0.00343,             0.00343
                 221,            0.025637,            0.009728,            0.013193,            0.087925,                   0,             0.71133,             0.58435,             0.58625,             0.20259,            0.049869,            0.011235,            0.016486,             0.12817,                   0,              0.0034,              0.0034,              0.0034
                 222,            0.024389,           0.0095771,            0.013219,             0.10057,                   0,              0.7423,             0.52367,             0.60524,             0.21565,            0.050445,            0.011332,            0.016656,             0.13879,                   0,             0.00337,             0.00337,             0.00337
                 223,            0.024919,           0.0095795,            0.013309,            0.093992,                   0,             0.73183,             0.60541,             0.62372,             0.23253,            0.051059,            0.011051,            0.016403,             0.13074,                   0,             0.00334,             0.00334,             0.00334
                 224,            0.024835,           0.0095732,            0.013189,            0.085179,                   0,             0.70315,             0.59765,             0.60404,             0.21617,            0.050825,             0.01109,            0.016455,             0.13147,                   0,             0.00331,             0.00331,             0.00331
                 225,             0.02507,            0.009629,            0.013164,            0.084741,                   0,             0.70742,             0.61642,              0.6095,             0.23336,             0.05071,             0.01105,            0.016748,             0.13147,                   0,             0.00328,             0.00328,             0.00328
                 226,            0.025435,           0.0095488,            0.013158,            0.087578,                   0,             0.66747,              0.6061,             0.56492,             0.21869,            0.050503,            0.011077,            0.016678,             0.12659,                   0,             0.00325,             0.00325,             0.00325
                 227,            0.024993,           0.0096649,            0.013172,            0.092293,                   0,             0.71031,             0.59231,             0.60294,             0.23289,             0.05058,            0.011101,            0.016806,              0.1217,                   0,             0.00322,             0.00322,             0.00322
                 228,            0.024542,           0.0096237,            0.013239,            0.086876,                   0,             0.71367,             0.62702,             0.64465,             0.25184,            0.049986,            0.010997,            0.016611,             0.13025,                   0,             0.00319,             0.00319,             0.00319
                 229,            0.024027,           0.0096056,            0.013171,            0.088966,                   0,             0.73488,             0.42962,             0.51914,             0.18542,            0.050177,             0.01099,            0.016809,              0.1322,                   0,             0.00316,             0.00316,             0.00316
                 230,            0.024189,           0.0095328,            0.013171,            0.085677,                   0,             0.75931,             0.66638,              0.6699,             0.26631,            0.050818,            0.011129,            0.016968,             0.12781,                   0,             0.00313,             0.00313,             0.00313
                 231,            0.023623,           0.0095882,             0.01326,            0.090021,                   0,             0.70881,             0.59962,             0.62859,             0.23635,            0.050618,            0.011064,            0.016806,             0.12451,                   0,              0.0031,              0.0031,              0.0031
                 232,            0.023564,           0.0094793,            0.013162,            0.092731,                   0,             0.72996,             0.62883,             0.64999,              0.2445,             0.04983,            0.011142,            0.016489,              0.1322,                   0,             0.00307,             0.00307,             0.00307
                 233,            0.024699,            0.009547,            0.013188,             0.10423,                   0,             0.77943,             0.64523,             0.65533,             0.24228,            0.049982,            0.011174,            0.016605,             0.13135,                   0,             0.00304,             0.00304,             0.00304
                 234,            0.023683,            0.009476,            0.013125,            0.095609,                   0,             0.73193,             0.56947,             0.58648,             0.21776,            0.050929,            0.011139,            0.016782,              0.1322,                   0,             0.00301,             0.00301,             0.00301
                 235,              0.0231,           0.0094768,            0.013202,            0.086842,                   0,             0.68543,              0.5875,             0.58436,             0.21463,             0.05147,            0.011208,            0.016718,              0.1333,                   0,             0.00298,             0.00298,             0.00298
                 236,             0.02325,           0.0094591,            0.013203,            0.086486,                   0,             0.77624,             0.57391,             0.62264,             0.22613,            0.050955,            0.011277,            0.016882,             0.12732,                   0,             0.00295,             0.00295,             0.00295
                 237,            0.023915,            0.009453,            0.013117,            0.080159,                   0,             0.72705,             0.62293,             0.59934,             0.22238,            0.050943,            0.011226,            0.016821,             0.12323,                   0,             0.00292,             0.00292,             0.00292
                 238,            0.024161,           0.0094729,            0.013163,              0.0874,                   0,             0.74418,             0.63042,             0.65977,             0.24294,            0.051416,            0.011282,            0.016965,             0.12384,                   0,             0.00289,             0.00289,             0.00289
                 239,            0.023918,           0.0094938,             0.01327,            0.088551,                   0,             0.81726,             0.66699,             0.72571,             0.27637,            0.050763,            0.011205,            0.016675,             0.11945,                   0,             0.00286,             0.00286,             0.00286
                 240,            0.024525,           0.0095111,            0.013146,            0.087844,                   0,             0.76591,             0.62925,             0.65757,             0.25589,            0.049556,            0.011156,            0.016772,             0.10913,                   0,             0.00283,             0.00283,             0.00283
                 241,            0.023861,           0.0094821,             0.01322,            0.086216,                   0,             0.75806,             0.70816,             0.71183,             0.27419,            0.050008,            0.011101,            0.016653,             0.11414,                   0,              0.0028,              0.0028,              0.0028
                 242,            0.024264,           0.0094086,            0.013159,            0.085532,                   0,             0.76547,             0.74441,             0.73432,             0.28407,            0.050797,            0.011148,            0.016684,             0.11975,                   0,             0.00277,             0.00277,             0.00277
                 243,            0.023856,           0.0094083,            0.013139,              0.0855,                   0,             0.73788,             0.66508,             0.65279,             0.25281,              0.0512,            0.011148,            0.016895,             0.12769,                   0,             0.00274,             0.00274,             0.00274
                 244,            0.022473,           0.0094166,            0.013199,             0.08763,                   0,             0.73494,             0.67523,             0.65293,             0.26441,            0.050236,            0.011221,            0.016946,             0.12512,                   0,             0.00271,             0.00271,             0.00271
                 245,            0.024053,           0.0094832,            0.013188,            0.089487,                   0,             0.76889,             0.63276,             0.61285,             0.22059,            0.051441,            0.011314,            0.017197,             0.11926,                   0,             0.00268,             0.00268,             0.00268
                 246,            0.022923,           0.0095117,            0.013111,            0.084575,                   0,             0.73551,             0.61357,             0.61225,             0.23577,            0.050795,            0.011303,            0.017004,               0.125,                   0,             0.00265,             0.00265,             0.00265
                 247,            0.021858,           0.0093869,            0.013139,            0.087313,                   0,             0.77813,             0.67434,              0.6763,             0.25122,            0.050889,            0.011209,            0.016785,             0.12708,                   0,             0.00262,             0.00262,             0.00262
                 248,            0.022276,            0.009424,            0.013177,            0.085069,                   0,             0.75028,             0.71451,              0.6771,              0.2605,            0.050533,            0.011206,             0.01669,             0.12451,                   0,             0.00259,             0.00259,             0.00259
                 249,            0.024459,           0.0094883,             0.01327,            0.088237,                   0,             0.79427,              0.7103,              0.6867,              0.2457,            0.051407,             0.01118,            0.016837,             0.13049,                   0,             0.00256,             0.00256,             0.00256
                 250,             0.02227,           0.0094047,            0.013243,            0.087857,                   0,              0.7115,             0.63137,             0.63216,             0.25062,            0.051171,            0.011263,            0.016959,             0.12445,                   0,             0.00253,             0.00253,             0.00253
                 251,            0.024462,           0.0094356,            0.013212,             0.09218,                   0,             0.69268,             0.58556,             0.57647,             0.21355,            0.050963,              0.0113,            0.016873,             0.12439,                   0,              0.0025,              0.0025,              0.0025
                 252,            0.023551,           0.0094368,            0.013147,              0.1047,                   0,             0.68899,             0.57741,             0.55931,             0.21986,            0.052204,            0.011314,            0.016922,             0.12598,                   0,             0.00247,             0.00247,             0.00247
                 253,            0.022904,           0.0094038,            0.013178,            0.087176,                   0,             0.73356,             0.61574,             0.61057,             0.24215,            0.051787,            0.011313,             0.01701,             0.12695,                   0,             0.00244,             0.00244,             0.00244
                 254,            0.021929,           0.0093931,            0.013158,            0.091217,                   0,              0.8079,             0.62844,             0.64851,             0.24741,            0.051514,            0.011247,            0.016998,             0.12085,                   0,             0.00241,             0.00241,             0.00241
                 255,            0.022729,           0.0093642,            0.013178,            0.084869,                   0,             0.75715,             0.69309,             0.65178,             0.26235,            0.051497,             0.01125,            0.017123,             0.12268,                   0,             0.00238,             0.00238,             0.00238
                 256,            0.022097,           0.0094297,            0.013247,            0.092577,                   0,             0.76193,             0.68983,             0.65234,             0.26654,            0.051622,             0.01143,            0.017224,             0.11743,                   0,             0.00235,             0.00235,             0.00235
                 257,            0.022717,           0.0093489,            0.013169,            0.085286,                   0,             0.77969,             0.65076,             0.64738,             0.25556,            0.050159,            0.011359,            0.017154,             0.11475,                   0,             0.00232,             0.00232,             0.00232
                 258,            0.022382,           0.0093006,            0.013105,            0.086781,                   0,              0.7783,             0.66022,              0.6567,             0.24871,            0.051844,            0.011322,            0.016983,             0.11914,                   0,             0.00229,             0.00229,             0.00229
                 259,            0.022211,           0.0093592,            0.013179,            0.078644,                   0,             0.79103,             0.76069,             0.74123,              0.2894,            0.051576,            0.011366,             0.01683,             0.12018,                   0,             0.00226,             0.00226,             0.00226
                 260,            0.022479,           0.0093703,            0.013196,            0.091328,                   0,             0.80368,             0.72021,             0.71899,             0.28917,            0.051117,            0.011329,            0.016925,             0.12207,                   0,             0.00223,             0.00223,             0.00223
                 261,            0.021894,           0.0093436,            0.013105,            0.088133,                   0,             0.77884,             0.73855,             0.73194,             0.30559,            0.050441,            0.011303,            0.016876,             0.11969,                   0,              0.0022,              0.0022,              0.0022
                 262,             0.02216,           0.0093664,            0.013194,            0.084825,                   0,             0.79619,             0.63992,             0.67195,             0.26723,            0.052248,            0.011364,            0.017239,             0.13159,                   0,             0.00217,             0.00217,             0.00217
                 263,            0.022077,           0.0093274,            0.013214,            0.093254,                   0,             0.79555,             0.67845,             0.66709,             0.24753,             0.05143,            0.011384,            0.017191,             0.12683,                   0,             0.00214,             0.00214,             0.00214
                 264,            0.020722,           0.0092646,            0.013247,            0.092315,                   0,             0.81073,              0.7243,             0.70977,             0.26384,            0.051765,            0.011422,            0.017126,                0.12,                   0,             0.00211,             0.00211,             0.00211
                 265,            0.022635,           0.0093395,            0.013253,            0.085166,                   0,             0.74675,             0.62962,              0.6489,             0.24371,            0.052271,            0.011459,            0.017245,             0.12744,                   0,             0.00208,             0.00208,             0.00208
                 266,            0.021531,           0.0093235,            0.013155,            0.086126,                   0,             0.74118,             0.65796,             0.65916,             0.25106,             0.05166,            0.011356,            0.016962,              0.1261,                   0,             0.00205,             0.00205,             0.00205
                 267,             0.02127,           0.0092641,            0.013128,            0.090531,                   0,             0.73847,               0.563,             0.60368,             0.24399,            0.051341,            0.011353,            0.016995,             0.12524,                   0,             0.00202,             0.00202,             0.00202
                 268,            0.021671,           0.0092959,            0.013174,              0.0915,                   0,             0.75186,             0.64474,             0.65999,             0.25364,            0.051619,            0.011385,            0.017117,              0.1236,                   0,             0.00199,             0.00199,             0.00199
                 269,            0.021819,           0.0093167,            0.013192,            0.087553,                   0,             0.75253,             0.69267,              0.6876,             0.28355,            0.050628,            0.011296,            0.016983,             0.12073,                   0,             0.00196,             0.00196,             0.00196
                 270,             0.02175,           0.0092973,            0.013243,            0.086355,                   0,             0.78631,             0.58259,             0.61598,             0.24377,            0.051755,            0.011392,            0.017142,             0.11816,                   0,             0.00193,             0.00193,             0.00193
                 271,            0.021573,           0.0093045,            0.013124,            0.081924,                   0,             0.77183,             0.68337,             0.68165,             0.27351,            0.051994,            0.011472,            0.017026,             0.11884,                   0,              0.0019,              0.0019,              0.0019
                 272,            0.021089,           0.0092315,            0.013141,            0.087886,                   0,             0.76245,             0.71235,             0.70058,             0.28185,            0.050947,            0.011398,            0.016891,             0.12115,                   0,             0.00187,             0.00187,             0.00187
                 273,            0.019807,           0.0091743,            0.013098,            0.081788,                   0,             0.78696,             0.68406,             0.69705,             0.29273,            0.050641,            0.011413,            0.016919,             0.12079,                   0,             0.00184,             0.00184,             0.00184
                 274,            0.021153,           0.0092805,            0.013131,            0.085191,                   0,             0.82565,             0.73109,             0.73663,             0.29008,            0.050334,            0.011332,            0.016748,             0.11896,                   0,             0.00181,             0.00181,             0.00181
                 275,            0.020723,           0.0092496,            0.013184,            0.084327,                   0,             0.78907,             0.72118,             0.70367,             0.28716,            0.050678,            0.011416,            0.016852,             0.11646,                   0,             0.00178,             0.00178,             0.00178
                 276,            0.019773,           0.0091827,            0.013118,            0.085485,                   0,             0.80462,             0.73929,              0.7136,             0.27398,            0.051243,            0.011453,            0.017087,             0.11945,                   0,             0.00175,             0.00175,             0.00175
                 277,            0.021211,           0.0092129,            0.013213,            0.086195,                   0,             0.78237,             0.72155,             0.71567,             0.28783,            0.050399,            0.011461,            0.017093,             0.11517,                   0,             0.00172,             0.00172,             0.00172
                 278,            0.019653,           0.0091448,            0.013082,            0.081845,                   0,             0.79597,             0.68048,             0.70757,             0.29396,            0.050261,            0.011466,            0.017249,             0.11749,                   0,             0.00169,             0.00169,             0.00169
                 279,            0.020387,           0.0091604,            0.013161,            0.086852,                   0,              0.7757,             0.74473,             0.70372,             0.26339,            0.051112,            0.011435,            0.017496,             0.11908,                   0,             0.00166,             0.00166,             0.00166
                 280,            0.019962,           0.0091813,            0.013193,            0.089537,                   0,             0.79395,             0.71461,             0.71959,             0.26604,            0.051239,            0.011433,            0.017255,             0.12122,                   0,             0.00163,             0.00163,             0.00163
                 281,            0.019415,           0.0091114,            0.013074,            0.084005,                   0,             0.74826,             0.73662,             0.69484,             0.27806,            0.051207,            0.011406,            0.017126,             0.12781,                   0,              0.0016,              0.0016,              0.0016
                 282,            0.022096,           0.0092651,            0.013205,            0.088975,                   0,             0.79064,             0.73708,              0.7166,             0.28294,            0.051382,            0.011393,            0.017084,             0.12524,                   0,             0.00157,             0.00157,             0.00157
                 283,            0.020788,           0.0091747,             0.01316,            0.089595,                   0,             0.81384,             0.76269,              0.7409,             0.28499,              0.0511,            0.011354,            0.017065,             0.12384,                   0,             0.00154,             0.00154,             0.00154
                 284,            0.019377,           0.0091278,            0.013105,            0.083584,                   0,              0.8355,             0.77069,             0.77448,             0.28459,             0.05136,            0.011417,            0.017105,             0.11932,                   0,             0.00151,             0.00151,             0.00151
                 285,            0.019224,           0.0091078,            0.013114,            0.083653,                   0,             0.83433,             0.78099,             0.76838,             0.29939,             0.05062,            0.011371,             0.01712,             0.11975,                   0,             0.00148,             0.00148,             0.00148
                 286,            0.019519,           0.0091492,             0.01316,            0.082291,                   0,             0.81663,             0.73621,             0.73552,              0.2825,            0.051257,             0.01148,            0.017114,             0.12421,                   0,             0.00145,             0.00145,             0.00145
                 287,            0.019858,           0.0091661,            0.013098,            0.080735,                   0,             0.81639,             0.70157,             0.70592,             0.25687,            0.052019,            0.011596,            0.017148,             0.12268,                   0,             0.00142,             0.00142,             0.00142
                 288,            0.020911,           0.0091335,             0.01309,            0.087173,                   0,             0.82938,              0.7843,             0.76475,             0.29797,            0.050898,            0.011548,            0.017096,             0.12408,                   0,             0.00139,             0.00139,             0.00139
                 289,            0.019091,           0.0090567,            0.013059,            0.084989,                   0,             0.82005,             0.70651,             0.71428,             0.26632,            0.051697,            0.011521,            0.017191,             0.12213,                   0,             0.00136,             0.00136,             0.00136
                 290,            0.019076,            0.009069,            0.013089,            0.078636,                   0,             0.81223,             0.72946,             0.72633,             0.28973,            0.051137,            0.011482,            0.017169,             0.11987,                   0,             0.00133,             0.00133,             0.00133
                 291,            0.019418,           0.0090885,            0.013216,            0.087564,                   0,             0.78659,             0.72505,             0.69494,             0.28554,            0.050969,            0.011529,            0.017075,              0.1178,                   0,              0.0013,              0.0013,              0.0013
                 292,            0.018737,           0.0090748,            0.013113,            0.083811,                   0,             0.80226,             0.75913,             0.73688,             0.28431,            0.051025,             0.01158,            0.017145,             0.11584,                   0,             0.00127,             0.00127,             0.00127
                 293,            0.019172,           0.0090974,             0.01309,            0.082083,                   0,             0.85073,             0.73953,               0.747,             0.28567,            0.051047,            0.011561,            0.017169,             0.11804,                   0,             0.00124,             0.00124,             0.00124
                 294,            0.019421,           0.0090928,            0.013241,             0.08831,                   0,             0.81503,             0.75347,             0.73416,             0.27425,            0.051472,            0.011519,            0.017218,             0.11945,                   0,             0.00121,             0.00121,             0.00121
                 295,            0.018822,           0.0090029,            0.013071,            0.079421,                   0,             0.80941,             0.75161,             0.73424,             0.27331,            0.051992,            0.011546,            0.017303,              0.1203,                   0,             0.00118,             0.00118,             0.00118
                 296,            0.019333,           0.0091769,            0.013265,             0.08545,                   0,             0.80266,             0.73265,             0.71265,             0.25445,             0.05167,            0.011595,            0.017374,             0.12152,                   0,             0.00115,             0.00115,             0.00115
                 297,            0.019356,           0.0090734,            0.013084,            0.079907,                   0,             0.83027,             0.76865,             0.75259,             0.26207,            0.052014,            0.011546,            0.017346,             0.12067,                   0,             0.00112,             0.00112,             0.00112
                 298,            0.019223,           0.0090716,            0.013119,            0.082648,                   0,             0.78157,             0.71948,             0.68902,             0.24731,            0.052168,            0.011519,            0.017264,             0.12256,                   0,             0.00109,             0.00109,             0.00109
                 299,            0.019673,           0.0090358,            0.013071,             0.08189,                   0,             0.81858,             0.73666,             0.72906,             0.27314,            0.051922,            0.011561,            0.017337,             0.11792,                   0,             0.00106,             0.00106,             0.00106
