               epoch,      train/box_loss,      train/obj_loss,      train/cls_loss, train/cls_task_loss,train/constraint_loss,   metrics/precision,      metrics/recall,     metrics/mAP_0.5,metrics/mAP_0.5:0.95,        val/box_loss,        val/obj_loss,        val/cls_loss,   val/cls_task_loss, val/constraint_loss,               x/lr0,               x/lr1,               x/lr2
                   0,              0.1138,            0.014145,            0.051254,              1.1244,                   0,          9.6685e-05,            0.059322,          6.2578e-05,          1.1592e-05,             0.11823,            0.011057,            0.052454,              1.1221,                   0,              0.0937,              0.0007,              0.0007
                   1,             0.11431,            0.014011,            0.051365,              1.1208,                   0,          9.8658e-05,            0.059322,          7.9117e-05,          1.4709e-05,             0.11813,            0.011092,            0.052429,              1.1191,                   0,            0.086496,           0.0014955,           0.0014955
                   2,             0.11376,            0.014149,            0.051018,              1.1182,                   0,          0.00011442,            0.059322,           7.252e-05,           1.335e-05,             0.11714,            0.011195,            0.052173,              1.1201,                   0,            0.079286,           0.0022862,           0.0022862
                   3,              0.1134,            0.014161,            0.051452,              1.1146,                   0,          0.00011442,            0.059322,          8.6065e-05,          1.5462e-05,             0.11728,            0.011156,            0.051965,              1.1191,                   0,            0.072072,           0.0030721,           0.0030721
                   4,             0.11395,            0.014056,            0.051593,              1.1123,                   0,          0.00010625,            0.055085,          6.5609e-05,          1.2205e-05,             0.11645,            0.011217,            0.051904,              1.1201,                   0,            0.064853,           0.0038532,           0.0038532
                   5,             0.11254,            0.014183,            0.051014,              1.1152,                   0,          0.00029676,              0.1196,          0.00018818,          3.9688e-05,             0.11604,            0.011259,            0.051965,              1.1152,                   0,             0.05763,           0.0046295,           0.0046295
                   6,             0.11193,            0.014274,            0.050675,              1.1231,                   0,          9.8074e-05,            0.050847,          5.9838e-05,          1.0686e-05,             0.11434,            0.011435,            0.051794,              1.1123,                   0,            0.050401,            0.005401,            0.005401
                   7,             0.11114,            0.014314,            0.050505,              1.1141,                   0,          0.00040128,             0.15972,           0.0002905,          6.6773e-05,             0.11388,            0.011453,            0.051184,              1.1182,                   0,            0.043168,           0.0061677,           0.0061677
                   8,             0.11005,            0.014369,             0.05034,              1.1186,                   0,          0.00035226,             0.15548,          0.00026803,          6.0523e-05,             0.11254,            0.011562,            0.051453,              1.1182,                   0,             0.03593,           0.0069296,           0.0069296
                   9,             0.10975,            0.014353,            0.050356,              1.1122,                   0,          0.00026793,             0.12562,           0.0002143,          4.9752e-05,             0.11121,            0.011635,            0.050745,              1.1162,                   0,            0.028687,           0.0076867,           0.0076867
                  10,             0.10843,            0.014482,            0.049695,              1.1205,                   0,          0.00040058,             0.16799,          0.00031045,           6.968e-05,             0.10928,            0.011862,            0.049976,              1.1143,                   0,            0.021439,            0.008439,            0.008439
                  11,             0.10734,            0.014558,            0.048977,              1.1082,                   0,          0.00022884,              0.1129,          0.00019717,          4.8798e-05,             0.10798,            0.011981,            0.049536,              1.1104,                   0,            0.014186,           0.0091865,           0.0091865
                  12,             0.10596,            0.014692,            0.048649,              1.1112,                   0,          0.00049709,             0.18049,          0.00038373,          8.3442e-05,             0.10664,            0.012181,            0.048926,              1.1104,                   0,             0.00964,             0.00964,             0.00964
                  13,              0.1048,            0.014781,            0.048239,              1.1098,                   0,          0.00027459,             0.12924,          0.00025263,           5.798e-05,             0.10525,            0.012289,            0.048511,              1.1094,                   0,             0.00964,             0.00964,             0.00964
                  14,              0.1045,            0.014761,            0.048046,              1.1065,                   0,          0.00026153,             0.12903,          0.00025426,          5.8366e-05,             0.10378,            0.012507,            0.048132,              1.1104,                   0,             0.00961,             0.00961,             0.00961
                  15,             0.10305,            0.014904,            0.047683,              1.1051,                   0,           0.0002697,             0.13306,          0.00028511,          6.5795e-05,             0.10263,            0.012608,            0.047974,              1.1104,                   0,             0.00958,             0.00958,             0.00958
                  16,             0.10212,            0.015048,            0.047412,              1.1037,                   0,          0.00026988,             0.13306,          0.00034035,          7.9641e-05,             0.10167,             0.01266,            0.047339,              1.1094,                   0,             0.00955,             0.00955,             0.00955
                  17,             0.10104,            0.015099,            0.046976,               1.102,                   0,          0.00030539,             0.16835,          0.00091316,          0.00016804,              0.1007,            0.012784,            0.047424,              1.1094,                   0,             0.00952,             0.00952,             0.00952
                  18,             0.10079,            0.015116,            0.047013,              1.1018,                   0,          0.00031753,             0.18397,          0.00036042,          8.7186e-05,            0.099521,            0.012868,            0.046912,              1.1094,                   0,             0.00949,             0.00949,             0.00949
                  19,            0.099427,            0.015289,            0.046536,              1.1071,                   0,          0.00034317,             0.14557,          0.00053911,          0.00015071,            0.098833,            0.012947,            0.046509,              1.1113,                   0,             0.00946,             0.00946,             0.00946
                  20,            0.099204,            0.015277,             0.04659,              1.0994,                   0,          0.00045356,             0.19668,          0.00072454,          0.00017127,            0.097928,            0.013011,            0.046545,              1.1094,                   0,             0.00943,             0.00943,             0.00943
                  21,            0.098315,            0.015334,             0.04631,              1.1017,                   0,           0.0008899,              0.2066,           0.0012243,          0.00040593,            0.095877,            0.013213,            0.046545,              1.1084,                   0,              0.0094,              0.0094,              0.0094
                  22,            0.096476,            0.015514,            0.046041,              1.0947,                   0,          0.00040193,             0.20807,           0.0020761,           0.0003557,            0.093373,            0.013519,            0.046204,              1.1055,                   0,             0.00937,             0.00937,             0.00937
                  23,            0.095201,            0.015688,            0.045915,              1.0977,                   0,           0.0014567,             0.23877,           0.0068417,           0.0015676,            0.090869,            0.013849,            0.045789,              1.0996,                   0,             0.00934,             0.00934,             0.00934
                  24,            0.092597,            0.015967,            0.045682,              1.1006,                   0,           0.0023488,             0.25384,           0.0049692,          0.00082016,             0.08876,            0.014109,            0.045288,              1.0947,                   0,             0.00931,             0.00931,             0.00931
                  25,            0.090107,            0.016248,            0.045321,               1.092,                   0,           0.0037047,             0.23086,           0.0034143,           0.0011169,             0.08598,            0.014438,            0.044922,              1.0908,                   0,             0.00928,             0.00928,             0.00928
                  26,            0.087665,            0.016617,            0.045031,              1.0928,                   0,           0.0084629,             0.25608,           0.0053577,           0.0018182,            0.082761,            0.014826,            0.044507,              1.0869,                   0,             0.00925,             0.00925,             0.00925
                  27,            0.084976,            0.016872,            0.044477,               1.091,                   0,           0.0054557,             0.32526,           0.0072219,           0.0019294,            0.079935,            0.015142,            0.043579,              1.0811,                   0,             0.00922,             0.00922,             0.00922
                  28,            0.082027,            0.017117,            0.044022,              1.0858,                   0,           0.0033189,             0.33485,            0.006809,           0.0024748,            0.077922,             0.01534,            0.042957,              1.0781,                   0,             0.00919,             0.00919,             0.00919
                  29,            0.080456,            0.017234,            0.043404,              1.0845,                   0,           0.0017416,             0.31354,           0.0096669,           0.0025132,            0.076496,            0.015363,            0.042175,              1.0742,                   0,             0.00916,             0.00916,             0.00916
                  30,            0.078162,            0.017385,            0.042518,              1.0808,                   0,            0.002406,             0.34051,            0.015499,           0.0041924,            0.075101,            0.015334,             0.04126,              1.0703,                   0,             0.00913,             0.00913,             0.00913
                  31,            0.075436,            0.017556,            0.041664,              1.0764,                   0,           0.0029259,             0.45645,            0.012778,           0.0031087,            0.073234,            0.015334,            0.040167,              1.0684,                   0,              0.0091,              0.0091,              0.0091
                  32,            0.073919,            0.017458,            0.040623,               1.067,                   0,           0.0032069,             0.63942,            0.014087,           0.0031035,            0.071913,            0.015237,            0.038873,              1.0596,                   0,             0.00907,             0.00907,             0.00907
                  33,            0.071822,            0.017408,            0.039427,              1.0649,                   0,           0.0028991,             0.72347,            0.023898,           0.0060503,            0.070118,            0.015144,            0.037659,              1.0498,                   0,             0.00904,             0.00904,             0.00904
                  34,            0.070687,            0.017054,            0.038241,              1.0565,                   0,            0.002811,             0.75655,            0.028078,           0.0088909,            0.068743,            0.014957,            0.036328,              1.0352,                   0,             0.00901,             0.00901,             0.00901
                  35,            0.066988,             0.01708,            0.036947,              1.0544,                   0,             0.28821,              0.1255,            0.032405,           0.0098313,            0.067304,            0.014702,            0.034674,              1.0225,                   0,             0.00898,             0.00898,             0.00898
                  36,            0.066134,            0.016874,            0.035674,              1.0403,                   0,             0.29586,            0.072991,            0.033365,            0.010469,            0.066981,             0.01457,            0.033606,              1.0078,                   0,             0.00895,             0.00895,             0.00895
                  37,            0.064628,            0.016729,            0.034541,               1.023,                   0,             0.31543,             0.10266,            0.044567,            0.013946,            0.064936,            0.014641,            0.032343,             0.99268,                   0,             0.00892,             0.00892,             0.00892
                  38,            0.064351,            0.016563,            0.033711,              1.0077,                   0,             0.30402,             0.11578,             0.04331,            0.013713,            0.065674,             0.01437,            0.031384,             0.98633,                   0,             0.00889,             0.00889,             0.00889
                  39,            0.062236,            0.016518,            0.032578,             0.99701,                   0,             0.31259,             0.14336,            0.046361,            0.012084,            0.067033,            0.013946,            0.030432,             0.95166,                   0,             0.00886,             0.00886,             0.00886
                  40,            0.061961,            0.016226,            0.032061,              0.9802,                   0,             0.30181,             0.13324,            0.039747,           0.0099345,            0.062491,            0.014173,            0.029614,              0.9541,                   0,             0.00883,             0.00883,             0.00883
                  41,            0.060335,            0.016126,            0.030908,             0.95952,                   0,             0.29372,            0.090036,            0.033184,           0.0073075,            0.061822,            0.014038,            0.028473,             0.94727,                   0,              0.0088,              0.0088,              0.0088
                  42,             0.05992,             0.01603,            0.030194,             0.93988,                   0,             0.31033,            0.094273,            0.034797,           0.0091798,            0.062494,            0.013745,            0.027246,             0.91113,                   0,             0.00877,             0.00877,             0.00877
                  43,            0.059924,             0.01578,             0.02917,              0.9112,                   0,             0.34393,             0.10542,            0.056826,            0.014838,            0.065436,            0.013368,            0.025928,             0.87061,                   0,             0.00874,             0.00874,             0.00874
                  44,            0.058647,            0.015674,            0.027741,               0.895,                   0,              0.3206,            0.077505,             0.04033,           0.0084806,            0.062482,            0.013392,            0.024408,             0.83838,                   0,             0.00871,             0.00871,             0.00871
                  45,            0.057471,            0.015512,            0.026364,             0.87266,                   0,             0.31958,            0.062329,            0.038097,           0.0078174,            0.062439,            0.013371,            0.023566,             0.84814,                   0,             0.00868,             0.00868,             0.00868
                  46,            0.057478,            0.015397,            0.025318,             0.85175,                   0,             0.30705,            0.029251,            0.023857,           0.0049421,             0.06196,            0.013184,            0.022223,             0.80273,                   0,             0.00865,             0.00865,             0.00865
                  47,            0.057211,            0.015153,             0.02464,             0.82668,                   0,             0.28257,            0.058921,            0.020057,           0.0043877,            0.060167,            0.013145,            0.021527,             0.75146,                   0,             0.00862,             0.00862,             0.00862
                  48,            0.056429,            0.015058,            0.023727,             0.80049,                   0,             0.38233,            0.059741,            0.061238,            0.013264,            0.063517,            0.012837,            0.020966,             0.72998,                   0,             0.00859,             0.00859,             0.00859
                  49,            0.055499,            0.014928,            0.022623,             0.77418,                   0,             0.32984,            0.029456,            0.039717,            0.009016,            0.060977,            0.012768,             0.02066,             0.72754,                   0,             0.00856,             0.00856,             0.00856
                  50,            0.054355,            0.014826,            0.021658,              0.7637,                   0,             0.33114,            0.022329,            0.043945,           0.0094897,            0.062296,            0.012605,            0.020099,              0.6875,                   0,             0.00853,             0.00853,             0.00853
                  51,            0.054209,            0.014779,            0.021178,             0.72159,                   0,              0.4125,             0.03118,            0.078588,             0.01561,            0.060245,            0.012584,            0.019934,              0.6792,                   0,              0.0085,              0.0085,              0.0085
                  52,            0.053966,            0.014552,            0.020265,             0.69344,                   0,             0.60098,            0.041143,            0.060326,             0.01396,            0.059043,            0.012575,             0.01908,             0.63135,                   0,             0.00847,             0.00847,             0.00847
                  53,            0.053339,             0.01445,            0.019517,             0.67303,                   0,             0.79333,           0.0084746,            0.059466,            0.013387,            0.060919,            0.012363,             0.01832,             0.60742,                   0,             0.00844,             0.00844,             0.00844
                  54,            0.052739,            0.014272,            0.019159,             0.65118,                   0,             0.56273,           0.0099191,            0.027611,           0.0057918,            0.058203,            0.012378,            0.018448,             0.56934,                   0,             0.00841,             0.00841,             0.00841
                  55,            0.051826,            0.014202,            0.018654,             0.61516,                   0,           0.0031778,             0.88587,            0.032927,           0.0075471,            0.056744,            0.012318,            0.018185,              0.5542,                   0,             0.00838,             0.00838,             0.00838
                  56,            0.052192,            0.013986,            0.018286,             0.60995,                   0,           0.0052846,             0.89265,            0.047708,            0.010086,            0.056446,            0.012209,            0.017221,             0.52783,                   0,             0.00835,             0.00835,             0.00835
                  57,            0.051174,            0.013982,            0.017844,             0.57573,                   0,             0.32893,            0.067893,            0.068039,            0.014714,            0.058831,            0.012052,            0.017538,             0.51953,                   0,             0.00832,             0.00832,             0.00832
                  58,             0.05066,            0.013869,            0.017283,             0.55491,                   0,            0.003258,             0.92078,            0.051836,            0.012421,            0.059218,            0.011899,            0.016998,             0.48267,                   0,             0.00829,             0.00829,             0.00829
                  59,            0.049784,            0.013791,            0.017412,             0.54155,                   0,             0.62685,            0.038232,            0.067842,            0.014621,            0.061003,            0.011838,            0.017154,             0.47119,                   0,             0.00826,             0.00826,             0.00826
                  60,            0.049694,            0.013657,            0.016859,             0.51991,                   0,            0.013503,             0.70476,            0.059662,            0.013066,            0.058156,            0.011812,            0.016537,             0.45361,                   0,             0.00823,             0.00823,             0.00823
                  61,            0.049424,            0.013527,            0.016978,             0.50973,                   0,           0.0034274,             0.93714,            0.051787,            0.011509,            0.055597,            0.011811,            0.016376,             0.44019,                   0,              0.0082,              0.0082,              0.0082
                  62,            0.049079,            0.013519,            0.016198,             0.47833,                   0,           0.0034614,             0.91989,             0.04907,            0.012285,            0.055938,            0.011709,            0.016205,             0.42993,                   0,             0.00817,             0.00817,             0.00817
                  63,            0.048817,            0.013394,            0.016218,             0.47545,                   0,           0.0034575,             0.92651,            0.052504,            0.012952,            0.054664,            0.011717,            0.016193,             0.42358,                   0,             0.00814,             0.00814,             0.00814
                  64,            0.048055,            0.013247,            0.015653,             0.45325,                   0,           0.0035703,             0.91545,            0.058143,            0.012826,            0.054629,            0.011583,            0.016403,             0.39941,                   0,             0.00811,             0.00811,             0.00811
                  65,            0.047876,            0.013171,            0.015848,             0.43961,                   0,            0.003751,             0.91527,            0.041859,           0.0093675,            0.054317,            0.011603,             0.01673,             0.38403,                   0,             0.00808,             0.00808,             0.00808
                  66,            0.048279,            0.013075,            0.015704,             0.43019,                   0,           0.0036515,             0.87557,            0.037345,           0.0081854,            0.054341,            0.011587,              0.0164,             0.38818,                   0,             0.00805,             0.00805,             0.00805
                  67,            0.047227,            0.013042,            0.015596,             0.42318,                   0,           0.0036344,             0.90789,            0.054121,            0.013425,            0.055367,            0.011475,            0.016031,             0.38525,                   0,             0.00802,             0.00802,             0.00802
                  68,            0.046538,            0.013045,            0.015479,             0.42301,                   0,           0.0034773,             0.90365,            0.039193,           0.0099856,            0.051155,            0.011408,            0.015936,             0.36768,                   0,             0.00799,             0.00799,             0.00799
                  69,            0.045996,            0.012832,            0.015372,             0.39419,                   0,           0.0035189,             0.90003,             0.05422,            0.012422,            0.055729,            0.011334,            0.016513,             0.36914,                   0,             0.00796,             0.00796,             0.00796
                  70,            0.046314,             0.01273,            0.014965,             0.37487,                   0,             0.10337,             0.16237,            0.071365,            0.017945,            0.057284,            0.011209,            0.016095,             0.35938,                   0,             0.00793,             0.00793,             0.00793
                  71,            0.044747,            0.012755,            0.015032,             0.36572,                   0,           0.0037456,             0.90933,            0.077807,            0.018893,            0.056003,            0.011108,            0.016342,             0.33618,                   0,              0.0079,              0.0079,              0.0079
                  72,            0.045295,            0.012651,            0.014913,             0.37501,                   0,              0.3274,            0.035439,            0.070341,            0.017662,            0.052153,            0.011327,            0.015366,             0.33789,                   0,             0.00787,             0.00787,             0.00787
                  73,             0.04418,            0.012549,            0.014505,             0.36063,                   0,             0.30596,             0.02552,            0.069617,            0.016548,            0.051472,            0.011327,            0.015411,             0.32031,                   0,             0.00784,             0.00784,             0.00784
                  74,            0.045615,            0.012506,            0.014886,             0.34814,                   0,             0.42735,            0.036797,             0.12264,            0.029142,            0.052149,            0.011401,            0.015881,             0.32788,                   0,             0.00781,             0.00781,             0.00781
                  75,            0.044526,            0.012499,            0.014677,             0.34684,                   0,             0.50906,            0.048679,            0.098992,            0.024321,            0.054671,            0.011168,            0.015933,             0.31689,                   0,             0.00778,             0.00778,             0.00778
                  76,            0.044321,            0.012336,            0.014561,             0.33471,                   0,           0.0036089,             0.92349,            0.077011,            0.021853,            0.056668,            0.010993,            0.015512,             0.29883,                   0,             0.00775,             0.00775,             0.00775
                  77,            0.043803,            0.012338,            0.014454,             0.31125,                   0,           0.0037419,             0.91522,            0.062166,            0.014605,            0.052906,            0.011113,             0.01557,             0.28735,                   0,             0.00772,             0.00772,             0.00772
                  78,            0.042868,            0.012275,             0.01421,             0.31082,                   0,           0.0036703,             0.90789,            0.061662,            0.015883,            0.054111,            0.011037,            0.015656,             0.29077,                   0,             0.00769,             0.00769,             0.00769
                  79,            0.043063,            0.012185,             0.01458,              0.3032,                   0,             0.52612,           0.0080645,            0.073663,            0.021391,            0.049641,            0.011042,            0.015469,             0.29199,                   0,             0.00766,             0.00766,             0.00766
                  80,            0.042747,            0.012153,            0.014356,             0.28646,                   0,              0.4321,            0.085192,            0.074093,            0.018973,            0.053894,            0.010927,            0.015421,             0.26001,                   0,             0.00763,             0.00763,             0.00763
                  81,            0.042147,            0.012066,            0.014291,              0.2824,                   0,             0.45384,             0.11234,            0.066952,             0.01615,             0.05129,            0.010952,            0.015573,             0.26025,                   0,              0.0076,              0.0076,              0.0076
                  82,            0.042562,            0.011977,            0.014111,             0.28373,                   0,              0.3993,            0.026723,            0.087569,             0.02178,            0.050935,            0.011066,            0.016232,              0.2478,                   0,             0.00757,             0.00757,             0.00757
                  83,            0.042063,            0.011955,            0.014137,             0.27708,                   0,             0.36896,            0.034339,            0.090084,            0.023585,            0.053132,            0.011021,             0.01572,             0.24451,                   0,             0.00754,             0.00754,             0.00754
                  84,            0.041326,            0.011933,            0.014193,             0.26348,                   0,             0.38133,            0.021078,              0.1049,            0.028545,            0.053912,              0.0109,            0.015723,             0.24146,                   0,             0.00751,             0.00751,             0.00751
                  85,            0.041396,            0.011896,            0.014149,             0.26206,                   0,             0.32578,             0.16387,             0.13502,            0.034522,             0.05271,            0.010755,            0.015176,             0.23657,                   0,             0.00748,             0.00748,             0.00748
                  86,            0.040525,            0.011898,            0.013981,             0.25559,                   0,             0.42363,             0.14326,             0.11265,            0.030546,            0.052047,            0.010813,            0.015588,             0.24146,                   0,             0.00745,             0.00745,             0.00745
                  87,            0.040692,            0.011797,            0.014093,             0.24745,                   0,             0.50401,            0.049919,             0.14034,            0.040614,            0.053546,             0.01089,            0.015515,             0.23364,                   0,             0.00742,             0.00742,             0.00742
                  88,            0.040059,            0.011767,            0.014074,             0.26114,                   0,             0.49636,             0.12542,             0.15373,            0.041828,            0.050975,            0.010776,            0.015106,             0.21777,                   0,             0.00739,             0.00739,             0.00739
                  89,            0.039064,            0.011659,            0.013842,             0.23447,                   0,             0.55084,             0.11332,             0.14088,            0.038992,            0.052626,            0.010831,            0.015344,             0.22229,                   0,             0.00736,             0.00736,             0.00736
                  90,            0.040096,            0.011634,            0.014096,             0.23667,                   0,             0.51321,            0.087358,             0.12556,            0.034415,            0.057285,            0.010782,            0.015323,             0.22632,                   0,             0.00733,             0.00733,             0.00733
                  91,            0.040275,            0.011734,            0.013968,             0.23036,                   0,             0.50642,             0.06181,             0.12442,             0.03212,            0.050927,            0.010769,            0.014636,             0.22974,                   0,              0.0073,              0.0073,              0.0073
                  92,            0.040118,            0.011577,            0.013755,             0.23691,                   0,             0.48004,             0.10234,             0.18349,            0.049089,            0.053808,             0.01086,            0.015137,             0.22009,                   0,             0.00727,             0.00727,             0.00727
                  93,            0.038613,            0.011479,            0.013949,               0.216,                   0,             0.48759,            0.095877,             0.17106,            0.040046,            0.053236,            0.010752,            0.015134,             0.22205,                   0,             0.00724,             0.00724,             0.00724
                  94,            0.039191,            0.011575,            0.013776,             0.22377,                   0,             0.44802,            0.032897,             0.10006,            0.028032,            0.053461,            0.010769,            0.015356,             0.21533,                   0,             0.00721,             0.00721,             0.00721
                  95,            0.039268,            0.011374,            0.013698,             0.20826,                   0,             0.50682,            0.025284,             0.10924,             0.03137,             0.05614,            0.010597,            0.014749,              0.2002,                   0,             0.00718,             0.00718,             0.00718
                  96,            0.037832,            0.011362,            0.013747,             0.19639,                   0,             0.41842,            0.046091,            0.087231,            0.021648,            0.051881,            0.010747,            0.015057,             0.20532,                   0,             0.00715,             0.00715,             0.00715
                  97,            0.038326,            0.011351,            0.013846,             0.20229,                   0,             0.49971,            0.044852,             0.10102,            0.026868,            0.052651,            0.010721,            0.015259,             0.20618,                   0,             0.00712,             0.00712,             0.00712
                  98,             0.03898,            0.011422,            0.013912,              0.1982,                   0,             0.34565,            0.066448,             0.10359,            0.024728,            0.051902,            0.010918,            0.015189,             0.20605,                   0,             0.00709,             0.00709,             0.00709
                  99,            0.038375,             0.01134,            0.013835,             0.20049,                   0,             0.48731,            0.094037,             0.11145,            0.027268,            0.050685,            0.010789,            0.014957,             0.20117,                   0,             0.00706,             0.00706,             0.00706
                 100,            0.038754,            0.011327,             0.01376,             0.20048,                   0,             0.47625,            0.022016,            0.089607,            0.025062,            0.053854,            0.010686,            0.015414,             0.20007,                   0,             0.00703,             0.00703,             0.00703
                 101,             0.03703,            0.011157,            0.013607,             0.17831,                   0,             0.40341,            0.070361,              0.1051,            0.027679,            0.050695,            0.010858,            0.015271,             0.20581,                   0,               0.007,               0.007,               0.007
                 102,            0.037659,            0.011191,            0.013729,             0.18695,                   0,             0.32223,            0.032258,            0.094821,            0.025877,            0.052184,            0.010671,            0.015076,             0.19727,                   0,             0.00697,             0.00697,             0.00697
                 103,            0.036731,            0.011154,             0.01361,              0.1795,                   0,             0.42111,             0.10493,             0.11347,            0.029986,            0.055878,            0.010512,            0.015253,             0.18799,                   0,             0.00694,             0.00694,             0.00694
                 104,            0.036948,            0.011145,            0.013666,             0.19248,                   0,             0.53255,            0.066986,             0.13291,            0.032941,            0.051659,            0.010652,            0.015192,             0.18762,                   0,             0.00691,             0.00691,             0.00691
                 105,             0.03611,             0.01104,            0.013561,             0.18999,                   0,             0.45233,            0.067057,             0.12815,            0.031987,            0.052111,            0.010745,            0.015085,             0.17249,                   0,             0.00688,             0.00688,             0.00688
                 106,            0.037126,            0.011113,            0.013498,              0.1601,                   0,             0.48575,             0.13365,             0.17771,            0.046631,             0.05092,            0.010695,            0.015012,             0.17175,                   0,             0.00685,             0.00685,             0.00685
                 107,            0.035846,            0.010966,            0.013573,             0.17857,                   0,             0.50187,            0.052904,             0.13871,            0.040899,            0.053895,            0.010705,            0.015088,             0.17896,                   0,             0.00682,             0.00682,             0.00682
                 108,            0.036759,            0.010981,             0.01351,             0.16744,                   0,             0.53127,            0.075869,             0.13215,            0.034047,            0.052561,            0.010631,             0.01492,             0.17969,                   0,             0.00679,             0.00679,             0.00679
                 109,            0.036435,            0.010927,            0.013639,             0.16266,                   0,             0.49336,             0.15027,             0.15887,            0.040231,            0.053529,            0.010776,            0.015161,             0.18384,                   0,             0.00676,             0.00676,             0.00676
                 110,            0.035382,            0.010894,            0.013612,             0.16295,                   0,             0.42848,            0.054292,             0.11643,            0.036496,            0.051978,             0.01074,             0.01496,              0.1825,                   0,             0.00673,             0.00673,             0.00673
                 111,            0.036477,            0.010965,            0.013658,             0.16857,                   0,             0.50534,             0.11156,             0.13871,            0.037484,             0.05162,            0.010821,            0.014935,             0.18274,                   0,              0.0067,              0.0067,              0.0067
                 112,             0.03679,            0.010951,            0.013621,             0.16454,                   0,             0.48244,            0.045886,             0.12508,             0.03636,            0.051326,            0.010705,            0.014725,             0.18591,                   0,             0.00667,             0.00667,             0.00667
                 113,            0.036442,            0.010901,            0.013749,             0.16523,                   0,              0.4452,             0.11424,             0.10753,            0.028138,            0.053005,            0.010732,            0.015338,             0.18872,                   0,             0.00664,             0.00664,             0.00664
                 114,            0.035077,            0.010857,            0.013559,             0.15548,                   0,             0.44749,             0.15402,             0.12107,            0.033894,            0.050687,            0.010755,            0.015253,             0.17944,                   0,             0.00661,             0.00661,             0.00661
                 115,            0.034455,            0.010816,            0.013459,             0.15454,                   0,              0.5278,             0.16309,             0.16418,            0.041614,            0.053919,            0.010574,            0.015353,             0.17957,                   0,             0.00658,             0.00658,             0.00658
                 116,            0.035473,            0.010784,             0.01342,             0.14872,                   0,             0.50267,             0.20992,             0.20648,             0.04635,              0.0496,             0.01079,            0.015253,             0.18225,                   0,             0.00655,             0.00655,             0.00655
                 117,            0.036492,            0.010788,            0.013552,             0.16146,                   0,             0.50477,             0.15711,             0.17522,            0.042066,            0.053786,            0.010582,            0.015048,             0.17737,                   0,             0.00652,             0.00652,             0.00652
                 118,            0.034806,            0.010684,            0.013375,             0.16211,                   0,             0.55754,             0.18437,             0.20399,            0.048599,            0.052308,            0.010687,             0.01568,             0.18762,                   0,             0.00649,             0.00649,             0.00649
                 119,             0.03406,            0.010693,            0.013444,             0.15485,                   0,             0.48044,             0.15555,             0.12773,            0.037923,            0.052646,            0.010692,              0.0155,             0.18311,                   0,             0.00646,             0.00646,             0.00646
                 120,            0.034911,            0.010733,            0.013637,             0.15027,                   0,             0.48713,             0.17273,             0.15004,            0.040355,            0.054459,            0.010684,             0.01557,             0.18237,                   0,             0.00643,             0.00643,             0.00643
                 121,            0.034337,             0.01072,            0.013535,             0.14671,                   0,             0.50094,             0.18634,             0.16131,            0.047562,            0.055485,            0.010692,            0.015219,             0.17407,                   0,              0.0064,              0.0064,              0.0064
                 122,            0.035129,            0.010586,            0.013449,             0.14611,                   0,             0.50848,             0.24585,             0.24345,            0.073985,            0.051488,            0.010784,            0.015347,             0.17822,                   0,             0.00637,             0.00637,             0.00637
                 123,            0.033719,            0.010676,            0.013671,             0.15389,                   0,             0.57225,             0.28009,             0.34527,             0.10561,            0.051806,            0.010689,            0.015353,             0.16333,                   0,             0.00634,             0.00634,             0.00634
                 124,             0.03393,            0.010627,            0.013472,             0.14154,                   0,             0.60496,             0.22737,             0.26502,            0.077951,            0.049651,            0.010771,            0.015472,             0.16406,                   0,             0.00631,             0.00631,             0.00631
                 125,            0.035422,            0.010624,            0.013504,             0.16004,                   0,             0.63148,             0.20206,             0.25951,            0.086627,            0.051016,            0.010737,            0.015286,             0.16809,                   0,             0.00628,             0.00628,             0.00628
                 126,            0.032665,            0.010637,            0.013568,             0.14463,                   0,             0.58023,             0.28936,             0.36818,             0.11646,            0.051673,            0.010616,             0.01517,             0.17004,                   0,             0.00625,             0.00625,             0.00625
                 127,             0.03271,            0.010496,            0.013494,             0.16585,                   0,             0.60466,              0.2059,             0.24715,            0.071466,            0.050806,            0.010763,            0.015671,             0.17139,                   0,             0.00622,             0.00622,             0.00622
                 128,            0.034069,            0.010507,            0.013405,             0.13999,                   0,             0.54767,             0.14195,             0.15686,            0.038808,             0.05335,            0.010703,            0.015472,             0.16553,                   0,             0.00619,             0.00619,             0.00619
                 129,            0.032049,            0.010483,            0.013361,             0.12413,                   0,             0.53261,             0.19011,             0.15374,            0.039478,            0.050652,            0.010615,            0.015552,             0.16492,                   0,             0.00616,             0.00616,             0.00616
                 130,             0.03184,            0.010456,            0.013409,             0.13263,                   0,             0.59214,             0.11362,             0.13712,            0.040894,            0.051791,            0.010605,            0.015372,             0.15564,                   0,             0.00613,             0.00613,             0.00613
                 131,            0.033695,            0.010585,            0.013673,             0.13444,                   0,             0.52115,             0.17081,             0.17335,            0.049343,            0.050837,            0.010621,            0.015558,             0.14661,                   0,              0.0061,              0.0061,              0.0061
                 132,            0.034282,            0.010499,            0.013397,              0.1361,                   0,             0.52168,             0.17219,             0.16339,            0.043808,            0.049716,            0.010555,            0.015485,             0.15515,                   0,             0.00607,             0.00607,             0.00607
                 133,            0.033453,            0.010595,            0.013509,             0.13369,                   0,             0.60572,             0.27801,             0.26727,            0.075619,            0.050317,            0.010763,            0.015353,             0.15381,                   0,             0.00604,             0.00604,             0.00604
                 134,            0.032864,            0.010478,            0.013557,             0.13283,                   0,             0.56104,             0.20804,              0.2348,            0.059661,            0.050245,            0.010716,            0.015213,             0.15625,                   0,             0.00601,             0.00601,             0.00601
                 135,            0.032058,            0.010378,            0.013394,             0.13197,                   0,             0.52892,              0.1537,             0.20574,            0.055141,            0.049679,            0.010707,            0.014975,             0.16199,                   0,             0.00598,             0.00598,             0.00598
                 136,            0.032825,            0.010372,            0.013447,             0.13087,                   0,             0.50387,             0.29069,             0.27925,            0.068798,            0.049014,            0.010889,             0.01506,             0.16357,                   0,             0.00595,             0.00595,             0.00595
                 137,            0.031632,            0.010307,            0.013313,             0.13108,                   0,              0.5897,             0.29954,             0.33738,             0.10031,            0.049019,            0.010652,            0.015347,             0.17371,                   0,             0.00592,             0.00592,             0.00592
                 138,             0.03269,            0.010331,            0.013487,             0.13612,                   0,             0.57605,             0.30393,             0.33884,             0.10582,            0.055546,            0.010416,            0.015158,             0.15002,                   0,             0.00589,             0.00589,             0.00589
                 139,            0.032442,            0.010437,             0.01372,             0.13514,                   0,             0.49418,             0.28298,             0.15922,            0.041456,            0.048201,            0.010616,            0.015378,             0.14783,                   0,             0.00586,             0.00586,             0.00586
                 140,            0.032043,            0.010326,            0.013435,             0.12958,                   0,             0.49087,             0.23214,             0.14914,            0.037953,            0.052263,            0.010811,            0.015378,             0.15283,                   0,             0.00583,             0.00583,             0.00583
                 141,            0.031902,              0.0103,            0.013325,              0.1381,                   0,             0.48166,             0.21198,             0.17307,            0.041937,            0.051975,            0.010513,            0.015231,             0.16199,                   0,              0.0058,              0.0058,              0.0058
                 142,            0.031984,            0.010293,            0.013477,             0.12617,                   0,             0.58167,             0.25514,             0.29356,            0.085757,            0.051045,            0.010697,            0.015567,             0.16077,                   0,             0.00577,             0.00577,             0.00577
                 143,            0.030174,            0.010221,            0.013331,             0.11794,                   0,             0.62271,             0.37892,             0.41629,             0.11088,            0.052046,            0.010753,            0.015683,             0.15186,                   0,             0.00574,             0.00574,             0.00574
                 144,            0.031778,             0.01025,             0.01339,             0.12079,                   0,             0.58467,             0.39873,             0.42638,             0.14377,            0.052698,            0.010678,            0.015668,             0.15588,                   0,             0.00571,             0.00571,             0.00571
                 145,            0.032574,            0.010158,            0.013299,              0.1133,                   0,             0.63384,             0.33029,             0.38869,             0.11901,            0.051685,            0.010628,            0.015808,             0.15503,                   0,             0.00568,             0.00568,             0.00568
                 146,            0.031392,            0.010216,            0.013421,             0.12004,                   0,             0.59649,             0.30638,             0.35731,             0.11239,            0.051848,            0.010679,            0.015729,             0.15576,                   0,             0.00565,             0.00565,             0.00565
                 147,            0.030835,            0.010167,            0.013401,             0.12743,                   0,             0.56963,             0.35738,             0.35602,            0.093433,            0.048973,            0.010774,            0.015826,             0.15222,                   0,             0.00562,             0.00562,             0.00562
                 148,            0.031038,            0.010133,             0.01333,             0.12644,                   0,             0.62193,             0.30224,              0.3508,             0.10018,             0.05099,            0.010753,            0.015775,              0.1438,                   0,             0.00559,             0.00559,             0.00559
                 149,             0.03033,            0.010165,            0.013225,             0.12372,                   0,             0.61472,             0.29937,             0.32607,            0.099527,            0.050448,            0.010699,            0.015466,             0.14709,                   0,             0.00556,             0.00556,             0.00556
                 150,             0.03049,            0.010115,            0.013322,             0.13668,                   0,             0.68805,             0.28759,             0.31308,            0.096162,             0.05228,            0.010737,            0.015988,             0.15271,                   0,             0.00553,             0.00553,             0.00553
                 151,            0.031665,            0.010259,            0.013404,             0.11117,                   0,             0.70602,             0.38713,             0.41152,             0.12685,            0.049691,            0.010724,            0.015475,             0.14685,                   0,              0.0055,              0.0055,              0.0055
                 152,            0.029911,            0.010064,            0.013403,             0.12675,                   0,             0.63822,              0.5058,             0.48151,             0.13596,            0.049837,            0.010652,            0.015414,             0.14526,                   0,             0.00547,             0.00547,             0.00547
                 153,            0.030778,             0.01013,            0.013388,             0.13142,                   0,             0.64919,             0.41416,              0.4463,             0.12589,            0.053105,            0.010721,            0.015244,             0.14966,                   0,             0.00544,             0.00544,             0.00544
                 154,            0.030254,            0.010057,            0.013392,             0.12148,                   0,             0.57503,             0.30022,             0.33099,            0.087594,             0.05102,            0.010795,            0.015762,             0.14478,                   0,             0.00541,             0.00541,             0.00541
                 155,            0.030176,            0.010163,            0.013354,             0.12531,                   0,             0.64529,             0.24617,             0.25685,            0.085108,            0.050542,            0.010765,            0.015912,               0.151,                   0,             0.00538,             0.00538,             0.00538
                 156,            0.031302,             0.01006,            0.013407,             0.12385,                   0,             0.65698,             0.40304,              0.4077,             0.11728,            0.050885,            0.010776,            0.016467,             0.15918,                   0,             0.00535,             0.00535,             0.00535
                 157,            0.030233,            0.010072,             0.01347,             0.12613,                   0,              0.6027,             0.38992,             0.41183,             0.13332,            0.051022,            0.010726,            0.015912,             0.16333,                   0,             0.00532,             0.00532,             0.00532
                 158,            0.029683,           0.0099992,            0.013297,             0.11832,                   0,             0.64907,             0.35432,             0.37603,             0.11306,            0.050487,            0.010697,            0.015869,             0.15125,                   0,             0.00529,             0.00529,             0.00529
                 159,            0.030644,            0.010104,            0.013255,             0.11209,                   0,             0.65616,             0.41841,             0.45671,             0.13193,             0.05048,            0.010679,            0.015732,             0.14478,                   0,             0.00526,             0.00526,             0.00526
                 160,            0.030127,            0.010068,            0.013364,             0.12102,                   0,             0.56151,             0.43346,             0.44162,             0.12769,            0.050405,            0.010721,            0.015659,             0.14771,                   0,             0.00523,             0.00523,             0.00523
                 161,            0.030142,            0.010011,            0.013249,             0.11533,                   0,             0.59671,             0.40278,             0.37675,             0.10501,            0.051034,            0.010716,            0.015906,             0.15125,                   0,              0.0052,              0.0052,              0.0052
                 162,            0.029762,            0.010001,            0.013243,             0.12099,                   0,             0.56261,             0.34072,             0.31987,            0.090562,            0.054613,             0.01069,            0.016003,             0.15186,                   0,             0.00517,             0.00517,             0.00517
                 163,            0.029515,            0.010072,            0.013379,             0.12593,                   0,             0.70666,             0.27464,             0.28658,            0.084061,             0.05065,            0.010728,            0.015744,             0.15515,                   0,             0.00514,             0.00514,             0.00514
                 164,            0.029189,            0.010007,            0.013322,             0.11638,                   0,             0.59718,             0.26717,             0.27849,            0.084916,            0.050218,            0.010798,            0.015976,             0.14417,                   0,             0.00511,             0.00511,             0.00511
                 165,            0.028986,           0.0099624,            0.013391,             0.11272,                   0,             0.56484,             0.24774,             0.26119,            0.084817,            0.050565,            0.010658,            0.015842,             0.14661,                   0,             0.00508,             0.00508,             0.00508
                 166,             0.03039,                0.01,            0.013485,             0.10573,                   0,             0.60685,             0.43095,             0.41143,             0.12943,            0.052331,            0.010774,            0.015988,             0.14429,                   0,             0.00505,             0.00505,             0.00505
                 167,            0.028981,           0.0099467,            0.013386,             0.11114,                   0,             0.58977,             0.36805,             0.37361,             0.11561,            0.051945,            0.010708,            0.015833,             0.14502,                   0,             0.00502,             0.00502,             0.00502
                 168,            0.028638,           0.0099034,            0.013386,             0.10596,                   0,             0.70337,              0.3592,              0.4207,             0.12638,            0.049525,            0.010692,            0.015256,             0.14478,                   0,             0.00499,             0.00499,             0.00499
                 169,            0.029067,           0.0098738,            0.013305,              0.1065,                   0,             0.66077,             0.24544,             0.28602,            0.094198,            0.055056,            0.010761,            0.016019,             0.14246,                   0,             0.00496,             0.00496,             0.00496
                 170,             0.03068,           0.0099362,            0.013296,             0.10666,                   0,             0.63843,              0.3106,             0.32739,            0.099982,            0.052204,            0.010844,            0.016354,             0.15259,                   0,             0.00493,             0.00493,             0.00493
                 171,            0.029158,            0.009958,            0.013372,               0.114,                   0,             0.69112,             0.34762,             0.40019,             0.12152,            0.051974,              0.0108,            0.015778,             0.14563,                   0,              0.0049,              0.0049,              0.0049
                 172,             0.02941,            0.009988,            0.013472,             0.12072,                   0,             0.61245,             0.47689,             0.50883,             0.15918,            0.051854,            0.010826,            0.015536,             0.14758,                   0,             0.00487,             0.00487,             0.00487
                 173,             0.03113,           0.0099292,            0.013294,             0.11311,                   0,             0.50412,             0.47084,             0.43836,             0.12526,            0.051627,            0.010839,            0.015842,             0.15063,                   0,             0.00484,             0.00484,             0.00484
                 174,            0.028819,           0.0099277,            0.013311,             0.10829,                   0,             0.61482,             0.42593,             0.45342,             0.12184,            0.051586,            0.010752,            0.015887,             0.15259,                   0,             0.00481,             0.00481,             0.00481
                 175,            0.028717,           0.0098752,            0.013323,             0.11167,                   0,              0.5995,             0.45737,             0.48557,             0.13535,            0.049014,            0.010729,            0.015555,             0.15039,                   0,             0.00478,             0.00478,             0.00478
                 176,            0.027838,           0.0098741,            0.013402,              0.1118,                   0,             0.70513,             0.55579,             0.54924,             0.19652,            0.051773,            0.010623,            0.015689,             0.14453,                   0,             0.00475,             0.00475,             0.00475
                 177,            0.027539,           0.0098237,            0.013239,              0.1106,                   0,             0.72514,             0.58175,             0.59734,             0.22154,             0.05246,             0.01076,            0.015793,             0.13513,                   0,             0.00472,             0.00472,             0.00472
                 178,            0.029328,           0.0097994,            0.013443,             0.11962,                   0,             0.68178,              0.5149,               0.531,             0.17772,             0.05119,            0.010776,            0.016214,              0.1438,                   0,             0.00469,             0.00469,             0.00469
                 179,            0.028451,           0.0097997,            0.013269,              0.1108,                   0,             0.67861,             0.50596,              0.5071,             0.16986,            0.049931,            0.010631,            0.016406,             0.14441,                   0,             0.00466,             0.00466,             0.00466
                 180,            0.027967,           0.0098652,            0.013312,             0.11438,                   0,             0.70668,              0.4578,             0.48623,             0.14896,            0.050653,            0.010721,            0.016306,              0.1416,                   0,             0.00463,             0.00463,             0.00463
                 181,            0.028348,            0.009904,            0.013408,             0.12451,                   0,             0.68187,              0.5131,             0.53466,             0.17843,             0.05177,            0.010953,            0.016605,             0.14954,                   0,              0.0046,              0.0046,              0.0046
                 182,            0.028544,           0.0098186,            0.013273,             0.11364,                   0,             0.71849,             0.55267,             0.56643,             0.20826,            0.052278,            0.010919,            0.016473,             0.14551,                   0,             0.00457,             0.00457,             0.00457
                 183,            0.026616,           0.0096977,            0.013264,             0.11444,                   0,              0.7644,              0.5577,             0.60165,             0.21336,            0.050511,            0.010782,            0.015845,             0.14746,                   0,             0.00454,             0.00454,             0.00454
                 184,            0.027041,           0.0097321,            0.013322,             0.11508,                   0,              0.7376,             0.56907,             0.62256,              0.2329,            0.051198,            0.010818,             0.01593,             0.15649,                   0,             0.00451,             0.00451,             0.00451
                 185,            0.027142,           0.0097035,             0.01327,             0.10821,                   0,             0.74155,              0.5377,             0.57083,             0.21371,            0.050999,            0.010805,            0.016003,             0.14124,                   0,             0.00448,             0.00448,             0.00448
                 186,            0.028651,           0.0097935,            0.013355,             0.10841,                   0,             0.64309,             0.38985,             0.41579,             0.13087,            0.052037,            0.010824,            0.016089,             0.14111,                   0,             0.00445,             0.00445,             0.00445
                 187,             0.02777,           0.0098398,            0.013334,              0.1051,                   0,             0.64434,             0.38739,              0.3876,             0.11972,            0.051095,            0.010853,            0.015948,             0.14282,                   0,             0.00442,             0.00442,             0.00442
                 188,            0.026909,           0.0097401,            0.013192,             0.10825,                   0,             0.64895,             0.41293,             0.44396,             0.14845,            0.051354,            0.010761,            0.015756,              0.1427,                   0,             0.00439,             0.00439,             0.00439
                 189,            0.027332,           0.0097127,             0.01327,              0.1108,                   0,             0.75401,              0.5695,             0.58612,             0.19254,            0.050263,            0.010773,            0.015738,             0.14307,                   0,             0.00436,             0.00436,             0.00436
                 190,            0.026908,            0.009721,            0.013328,             0.11563,                   0,             0.70888,             0.58287,             0.59018,             0.19509,            0.051196,            0.010763,            0.016415,             0.14624,                   0,             0.00433,             0.00433,             0.00433
                 191,             0.02842,           0.0097297,            0.013237,             0.10555,                   0,             0.69508,             0.48701,             0.51384,             0.17811,            0.049285,            0.010816,            0.015848,             0.15198,                   0,              0.0043,              0.0043,              0.0043
                 192,            0.027851,           0.0097382,             0.01326,              0.1135,                   0,             0.73337,             0.46758,             0.53493,             0.17268,            0.050591,            0.010692,            0.016458,             0.14856,                   0,             0.00427,             0.00427,             0.00427
                 193,            0.026708,           0.0097221,            0.013342,             0.11301,                   0,             0.70815,             0.52906,             0.53988,             0.18853,            0.051023,            0.010715,             0.01633,             0.14111,                   0,             0.00424,             0.00424,             0.00424
                 194,            0.027622,           0.0097945,            0.013295,             0.10636,                   0,             0.75255,             0.46446,             0.52818,              0.1774,            0.050143,            0.010858,            0.016498,             0.13953,                   0,             0.00421,             0.00421,             0.00421
                 195,            0.027796,           0.0096396,            0.013357,             0.10734,                   0,             0.82761,             0.49586,             0.57952,              0.1922,            0.049331,            0.010821,            0.016302,             0.13782,                   0,             0.00418,             0.00418,             0.00418
                 196,            0.028397,           0.0096717,            0.013346,             0.10401,                   0,             0.79168,             0.41812,             0.49381,             0.17882,            0.049561,            0.010821,            0.015762,             0.13721,                   0,             0.00415,             0.00415,             0.00415
                 197,            0.026886,           0.0097303,            0.013337,            0.096787,                   0,             0.67521,             0.47256,             0.54109,             0.17247,            0.050754,            0.010866,            0.015976,             0.13818,                   0,             0.00412,             0.00412,             0.00412
                 198,            0.027348,           0.0096923,            0.013271,             0.10034,                   0,             0.67842,              0.5769,             0.58016,             0.20175,            0.048489,            0.010773,             0.01579,             0.14001,                   0,             0.00409,             0.00409,             0.00409
                 199,            0.025497,           0.0096194,            0.013201,             0.11166,                   0,              0.8161,             0.65943,             0.72143,             0.25921,            0.050095,            0.010766,            0.016241,             0.13391,                   0,             0.00406,             0.00406,             0.00406
                 200,            0.026962,           0.0096436,            0.013323,             0.11703,                   0,             0.71417,              0.6787,             0.67672,             0.25488,            0.050122,            0.010771,            0.016437,             0.14075,                   0,             0.00403,             0.00403,             0.00403
                 201,            0.025067,           0.0094923,            0.013235,             0.10569,                   0,             0.74646,             0.66725,             0.63562,             0.25339,            0.048828,            0.010731,            0.016599,             0.15332,                   0,               0.004,               0.004,               0.004
                 202,            0.025721,           0.0095772,            0.013258,            0.099122,                   0,             0.77613,             0.62374,              0.6346,              0.2524,            0.051699,            0.010902,            0.016617,             0.15027,                   0,             0.00397,             0.00397,             0.00397
                 203,            0.026083,           0.0095395,            0.013191,             0.11078,                   0,             0.73027,             0.62781,             0.63572,             0.23397,            0.051257,            0.010871,            0.016367,             0.15125,                   0,             0.00394,             0.00394,             0.00394
                 204,            0.027805,            0.009611,            0.013201,             0.10281,                   0,             0.74429,             0.50505,             0.56643,             0.18306,            0.049996,            0.010798,            0.016464,             0.14136,                   0,             0.00391,             0.00391,             0.00391
                 205,            0.026704,           0.0095875,            0.013222,             0.10525,                   0,             0.79678,             0.56649,             0.60256,             0.22994,            0.049534,            0.010732,            0.016351,             0.13843,                   0,             0.00388,             0.00388,             0.00388
                 206,            0.024882,           0.0096169,              0.0133,             0.10878,                   0,             0.76437,             0.61362,             0.61719,             0.22156,            0.050661,            0.010802,            0.016312,             0.14111,                   0,             0.00385,             0.00385,             0.00385
                 207,            0.024813,           0.0095371,            0.013301,             0.10436,                   0,             0.78763,             0.66233,             0.64555,              0.2273,            0.049306,             0.01085,            0.015811,             0.14697,                   0,             0.00382,             0.00382,             0.00382
                 208,             0.02623,           0.0095322,            0.013214,             0.10502,                   0,             0.79502,             0.60303,             0.61909,              0.2202,            0.049508,            0.010944,            0.016019,             0.14465,                   0,             0.00379,             0.00379,             0.00379
                 209,             0.02565,           0.0095521,            0.013278,            0.096242,                   0,              0.8053,             0.59991,             0.63411,             0.23573,            0.048377,            0.010913,               0.016,             0.15027,                   0,             0.00376,             0.00376,             0.00376
                 210,            0.026954,           0.0095425,            0.013156,             0.10292,                   0,             0.73839,             0.63023,             0.62297,             0.22147,            0.051328,            0.010914,            0.016394,             0.14551,                   0,             0.00373,             0.00373,             0.00373
                 211,            0.026924,           0.0095925,            0.013182,             0.11227,                   0,              0.8111,             0.59077,             0.63904,             0.24495,            0.049561,            0.010948,            0.016901,             0.14136,                   0,              0.0037,              0.0037,              0.0037
                 212,            0.026172,           0.0095507,            0.013186,             0.10276,                   0,             0.82156,             0.58338,             0.63337,              0.2319,            0.050802,            0.010924,            0.016714,             0.14856,                   0,             0.00367,             0.00367,             0.00367
                 213,            0.025323,           0.0094901,            0.013234,             0.10125,                   0,             0.82193,             0.54684,             0.61631,             0.22774,            0.051241,            0.011082,            0.016937,             0.15039,                   0,             0.00364,             0.00364,             0.00364
                 214,            0.025212,           0.0095068,            0.013226,             0.10389,                   0,             0.74885,             0.55741,             0.58896,             0.21057,            0.051048,            0.010966,            0.017245,             0.14246,                   0,             0.00361,             0.00361,             0.00361
                 215,            0.025317,           0.0095275,            0.013264,             0.10327,                   0,             0.81156,             0.57229,             0.63588,             0.22084,            0.051471,            0.010935,            0.016876,             0.14478,                   0,             0.00358,             0.00358,             0.00358
                 216,            0.025697,           0.0095533,            0.013241,            0.095686,                   0,             0.74708,             0.51352,             0.56853,             0.20652,            0.050259,            0.010911,            0.016367,             0.15027,                   0,             0.00355,             0.00355,             0.00355
                 217,            0.024755,           0.0094697,            0.013309,             0.11075,                   0,              0.7893,             0.51005,             0.53775,             0.18691,            0.050733,            0.010937,            0.016583,             0.14954,                   0,             0.00352,             0.00352,             0.00352
                 218,            0.025522,           0.0095095,            0.013279,             0.11721,                   0,             0.76776,             0.55059,             0.59208,             0.20857,            0.050051,            0.010926,            0.016507,             0.15466,                   0,             0.00349,             0.00349,             0.00349
                 219,            0.025911,           0.0094817,             0.01322,             0.10339,                   0,               0.811,             0.54594,             0.61839,             0.22449,             0.05084,            0.010869,             0.01651,             0.15222,                   0,             0.00346,             0.00346,             0.00346
                 220,            0.025115,           0.0094424,            0.013151,            0.097856,                   0,             0.78819,             0.58079,             0.58692,             0.21605,            0.051255,            0.010982,            0.016211,             0.14771,                   0,             0.00343,             0.00343,             0.00343
                 221,            0.026266,           0.0094604,            0.013217,             0.10092,                   0,             0.77484,             0.60206,             0.61855,             0.24215,            0.051837,            0.010876,            0.016299,             0.14893,                   0,              0.0034,              0.0034,              0.0034
                 222,            0.024196,           0.0094664,            0.013402,             0.10194,                   0,             0.75157,             0.56496,             0.55287,             0.19379,            0.052018,            0.010998,            0.016678,             0.15088,                   0,             0.00337,             0.00337,             0.00337
                 223,            0.025195,           0.0094267,            0.013322,             0.10602,                   0,             0.73496,             0.55754,             0.56162,              0.1943,            0.050285,            0.010913,            0.016473,             0.15308,                   0,             0.00334,             0.00334,             0.00334
                 224,            0.024939,           0.0094366,            0.013283,             0.10112,                   0,             0.79567,             0.62241,              0.6382,             0.22709,            0.051035,            0.010947,            0.016583,             0.14917,                   0,             0.00331,             0.00331,             0.00331
                 225,            0.022872,            0.009415,            0.013203,             0.10434,                   0,             0.82089,             0.64246,             0.67605,             0.26349,            0.050835,            0.011056,            0.016925,             0.13977,                   0,             0.00328,             0.00328,             0.00328
                 226,            0.024996,           0.0093452,            0.013226,             0.11363,                   0,             0.78412,             0.66931,             0.70376,             0.26786,            0.051347,            0.011079,            0.016754,             0.13928,                   0,             0.00325,             0.00325,             0.00325
                 227,            0.024308,           0.0094079,            0.013204,            0.096537,                   0,             0.80873,             0.60004,             0.64217,             0.24702,            0.049762,            0.011034,            0.017343,             0.14514,                   0,             0.00322,             0.00322,             0.00322
                 228,            0.025811,           0.0094552,             0.01316,             0.10321,                   0,             0.86069,             0.60543,             0.66728,             0.23947,            0.051037,            0.011019,            0.016943,              0.1416,                   0,             0.00319,             0.00319,             0.00319
                 229,            0.025243,           0.0094169,            0.013164,             0.09353,                   0,             0.85607,             0.66606,             0.69601,              0.2521,            0.050635,            0.011043,            0.016547,             0.13977,                   0,             0.00316,             0.00316,             0.00316
                 230,            0.024976,           0.0094733,            0.013277,            0.099378,                   0,             0.80844,             0.65147,             0.70154,             0.26809,            0.050667,            0.011145,            0.016696,             0.14783,                   0,             0.00313,             0.00313,             0.00313
                 231,            0.025477,           0.0095101,             0.01327,            0.095458,                   0,             0.74463,             0.60881,             0.65348,             0.25318,            0.053032,            0.011018,             0.01684,             0.14355,                   0,              0.0031,              0.0031,              0.0031
                 232,              0.0239,           0.0094106,             0.01324,            0.095471,                   0,             0.74408,             0.67482,             0.67108,             0.23702,            0.051423,            0.011077,            0.016858,             0.14392,                   0,             0.00307,             0.00307,             0.00307
                 233,            0.024171,           0.0093615,            0.013183,             0.10107,                   0,             0.80758,             0.65392,              0.6888,             0.23941,            0.049619,            0.011226,            0.016931,             0.14709,                   0,             0.00304,             0.00304,             0.00304
                 234,            0.024132,           0.0093297,            0.013244,            0.097943,                   0,             0.81834,             0.63837,             0.64976,             0.23837,            0.050848,            0.011295,            0.017041,             0.14172,                   0,             0.00301,             0.00301,             0.00301
                 235,            0.023291,           0.0094282,            0.013413,            0.099523,                   0,             0.84448,             0.63625,             0.65995,             0.25732,            0.051387,             0.01105,            0.016937,             0.14209,                   0,             0.00298,             0.00298,             0.00298
                 236,            0.024015,           0.0093796,            0.013204,             0.10755,                   0,             0.82373,             0.61512,             0.63964,             0.24615,            0.049794,            0.011006,            0.016745,             0.14709,                   0,             0.00295,             0.00295,             0.00295
                 237,            0.022778,           0.0093357,            0.013123,              0.1003,                   0,             0.84209,             0.65161,             0.67131,              0.2475,            0.049946,            0.011288,             0.01716,             0.14209,                   0,             0.00292,             0.00292,             0.00292
                 238,            0.023805,           0.0093368,            0.013174,             0.10812,                   0,             0.82811,             0.66682,             0.70152,             0.27191,            0.050296,            0.011285,            0.016687,             0.14636,                   0,             0.00289,             0.00289,             0.00289
                 239,            0.023321,           0.0093388,            0.013261,            0.097438,                   0,              0.8029,             0.64025,             0.68411,             0.27671,            0.050789,            0.011211,            0.016705,               0.146,                   0,             0.00286,             0.00286,             0.00286
                 240,            0.024956,           0.0093971,             0.01318,             0.10339,                   0,             0.84857,             0.70351,             0.70827,              0.2694,            0.050219,            0.011119,            0.016992,             0.14722,                   0,             0.00283,             0.00283,             0.00283
                 241,            0.024178,           0.0093486,            0.013222,             0.10736,                   0,             0.82078,             0.67642,             0.70952,             0.28517,            0.050602,            0.011076,            0.017084,             0.14331,                   0,              0.0028,              0.0028,              0.0028
                 242,            0.022992,           0.0093397,            0.013181,             0.10948,                   0,             0.78554,             0.73734,             0.74397,              0.2971,              0.0505,            0.011179,            0.016879,             0.14246,                   0,             0.00277,             0.00277,             0.00277
                 243,            0.022592,           0.0092986,            0.013147,            0.096323,                   0,             0.83608,             0.70822,              0.7347,             0.27426,            0.049704,            0.011045,            0.016345,             0.13989,                   0,             0.00274,             0.00274,             0.00274
                 244,              0.0234,            0.009265,            0.013178,            0.097659,                   0,             0.75515,             0.67198,              0.6883,             0.26229,            0.050479,            0.011145,            0.017053,             0.14038,                   0,             0.00271,             0.00271,             0.00271
                 245,            0.023514,           0.0092761,            0.013298,             0.09945,                   0,              0.7724,             0.65799,             0.67917,              0.2819,            0.050413,             0.01125,            0.017032,             0.14258,                   0,             0.00268,             0.00268,             0.00268
                 246,             0.02318,           0.0092381,            0.013163,            0.098705,                   0,             0.82595,             0.65946,             0.68846,             0.29254,            0.050983,            0.011197,            0.017148,             0.14355,                   0,             0.00265,             0.00265,             0.00265
                 247,            0.022515,           0.0092011,            0.013171,              0.1016,                   0,              0.8088,             0.71606,             0.71565,             0.28125,            0.049628,            0.011237,            0.017108,              0.1416,                   0,             0.00262,             0.00262,             0.00262
                 248,            0.022978,           0.0092006,            0.013169,            0.095644,                   0,               0.852,             0.65654,             0.72605,              0.2912,            0.049427,            0.011182,            0.016513,             0.14038,                   0,             0.00259,             0.00259,             0.00259
                 249,            0.022954,           0.0092331,            0.013292,             0.10387,                   0,             0.83758,             0.63838,             0.65616,             0.26959,            0.051542,            0.011267,            0.017029,             0.14209,                   0,             0.00256,             0.00256,             0.00256
                 250,            0.022163,           0.0091685,            0.013161,            0.097636,                   0,             0.76385,             0.65417,             0.69152,             0.26559,            0.052279,            0.011319,            0.017081,             0.14734,                   0,             0.00253,             0.00253,             0.00253
                 251,            0.023961,           0.0093448,             0.01321,             0.10688,                   0,              0.8284,             0.71393,             0.73218,             0.29483,            0.050991,            0.011242,            0.017084,             0.14502,                   0,              0.0025,              0.0025,              0.0025
                 252,            0.023475,           0.0092682,            0.013229,              0.0996,                   0,             0.80194,             0.72404,             0.72461,             0.28676,            0.050446,            0.011206,            0.016489,             0.14331,                   0,             0.00247,             0.00247,             0.00247
                 253,            0.022677,           0.0092481,            0.013224,             0.10366,                   0,             0.79769,             0.72581,             0.73511,             0.27491,             0.05122,            0.011124,             0.01644,             0.14941,                   0,             0.00244,             0.00244,             0.00244
                 254,            0.021467,           0.0091593,            0.013157,            0.097428,                   0,             0.85319,             0.64101,             0.67529,             0.26108,            0.051756,            0.011234,            0.016898,             0.15002,                   0,             0.00241,             0.00241,             0.00241
                 255,            0.022126,           0.0092004,            0.013237,             0.10508,                   0,             0.78017,              0.6372,             0.66555,             0.26581,            0.051206,            0.011122,            0.016608,             0.15369,                   0,             0.00238,             0.00238,             0.00238
                 256,            0.021688,           0.0092164,            0.013168,             0.10251,                   0,             0.81235,             0.72772,             0.74226,             0.30899,            0.050719,             0.01114,            0.016617,             0.15039,                   0,             0.00235,             0.00235,             0.00235
                 257,            0.021516,           0.0092171,            0.013187,             0.10413,                   0,             0.85495,             0.69466,             0.73082,             0.30428,            0.050961,            0.011103,            0.016599,             0.14722,                   0,             0.00232,             0.00232,             0.00232
                 258,            0.023518,           0.0092235,            0.013185,             0.10251,                   0,             0.87816,             0.69389,             0.72815,             0.28606,            0.050487,            0.011237,            0.016617,             0.14417,                   0,             0.00229,             0.00229,             0.00229
                 259,            0.022111,           0.0091698,            0.013198,             0.10088,                   0,             0.88439,             0.67493,             0.70929,             0.28723,             0.05202,            0.011234,            0.016806,             0.14856,                   0,             0.00226,             0.00226,             0.00226
                 260,             0.02154,           0.0091311,            0.013129,            0.097423,                   0,              0.8264,              0.6979,             0.71207,               0.284,            0.051497,            0.011147,            0.017059,             0.14929,                   0,             0.00223,             0.00223,             0.00223
                 261,            0.021119,           0.0090687,            0.013088,            0.097201,                   0,             0.81454,             0.69675,             0.69941,             0.29668,            0.050335,             0.01119,            0.017212,             0.15515,                   0,              0.0022,              0.0022,              0.0022
                 262,            0.022099,           0.0092277,            0.013284,              0.1055,                   0,             0.80117,             0.73269,             0.72268,             0.31721,              0.0501,            0.011243,            0.017154,             0.15271,                   0,             0.00217,             0.00217,             0.00217
                 263,            0.021058,           0.0091251,            0.013237,             0.10636,                   0,             0.78501,             0.74838,             0.72895,             0.30673,            0.050558,            0.011192,             0.01709,             0.14502,                   0,             0.00214,             0.00214,             0.00214
                 264,            0.021129,            0.009122,            0.013143,             0.09944,                   0,             0.84664,             0.71509,             0.73469,             0.30885,            0.050615,            0.011198,            0.017084,             0.14417,                   0,             0.00211,             0.00211,             0.00211
                 265,            0.022994,           0.0091601,            0.013165,              0.1045,                   0,             0.84202,             0.73007,              0.7475,             0.30535,            0.051343,            0.011282,            0.017059,             0.14307,                   0,             0.00208,             0.00208,             0.00208
                 266,             0.02027,           0.0090757,            0.013104,            0.099585,                   0,             0.85275,             0.67521,             0.72261,              0.3104,            0.050782,            0.011313,            0.017233,             0.14514,                   0,             0.00205,             0.00205,             0.00205
                 267,            0.020726,            0.009062,            0.013094,            0.098642,                   0,             0.79671,             0.72702,             0.71683,              0.2984,             0.05152,            0.011446,            0.017139,             0.14612,                   0,             0.00202,             0.00202,             0.00202
                 268,            0.020832,           0.0091099,            0.013227,             0.10342,                   0,             0.80218,              0.6884,             0.70615,              0.2846,            0.049983,            0.011346,            0.016989,             0.14465,                   0,             0.00199,             0.00199,             0.00199
                 269,            0.022256,           0.0092255,            0.013249,             0.10762,                   0,              0.8329,             0.71661,             0.71963,             0.29244,            0.048977,            0.011377,            0.017026,             0.14648,                   0,             0.00196,             0.00196,             0.00196
                 270,            0.022277,           0.0091959,            0.013181,             0.10507,                   0,             0.79112,             0.71817,             0.70425,             0.28925,            0.050702,            0.011276,            0.016827,             0.15161,                   0,             0.00193,             0.00193,             0.00193
                 271,            0.022118,           0.0091389,            0.013184,             0.10292,                   0,             0.79252,             0.68751,             0.66608,             0.26121,            0.052043,             0.01134,            0.017178,             0.15198,                   0,              0.0019,              0.0019,              0.0019
                 272,            0.021076,           0.0091263,            0.013179,             0.10054,                   0,             0.78796,             0.71146,             0.68471,             0.28474,            0.050999,            0.011335,            0.017374,             0.14673,                   0,             0.00187,             0.00187,             0.00187
                 273,            0.020628,           0.0091111,            0.013116,            0.095568,                   0,             0.81045,             0.77352,             0.76987,             0.32348,            0.050341,            0.011277,            0.017355,             0.15002,                   0,             0.00184,             0.00184,             0.00184
                 274,            0.020983,           0.0091203,            0.013212,             0.10025,                   0,             0.82195,             0.74187,              0.7441,             0.31722,            0.049234,            0.011305,            0.017154,             0.15076,                   0,             0.00181,             0.00181,             0.00181
                 275,            0.020689,           0.0091394,            0.013197,             0.10376,                   0,             0.78695,             0.75302,             0.74372,             0.31228,            0.050688,            0.011301,            0.016846,             0.14758,                   0,             0.00178,             0.00178,             0.00178
                 276,            0.019921,           0.0090785,            0.013125,             0.10246,                   0,             0.77856,             0.69213,             0.71514,              0.2999,            0.051526,            0.011319,             0.01694,             0.14404,                   0,             0.00175,             0.00175,             0.00175
                 277,            0.020272,           0.0089848,            0.013106,            0.096462,                   0,             0.84384,             0.78272,             0.75838,             0.30433,            0.050487,            0.011322,            0.016983,             0.14197,                   0,             0.00172,             0.00172,             0.00172
                 278,            0.020053,           0.0089585,            0.013064,            0.099455,                   0,             0.84972,             0.74757,              0.7695,             0.32552,            0.050412,            0.011377,            0.017566,             0.14209,                   0,             0.00169,             0.00169,             0.00169
                 279,            0.019804,           0.0090194,            0.013147,             0.09372,                   0,             0.80873,             0.76193,             0.76143,             0.32414,            0.051504,            0.011411,            0.017468,             0.14441,                   0,             0.00166,             0.00166,             0.00166
                 280,            0.020667,           0.0090447,            0.013145,            0.089675,                   0,             0.80686,             0.73317,             0.76013,             0.31817,            0.051949,             0.01138,            0.017355,             0.14075,                   0,             0.00163,             0.00163,             0.00163
                 281,             0.01953,           0.0089649,             0.01311,             0.09243,                   0,             0.82955,             0.74721,             0.76535,             0.31785,            0.050608,            0.011395,            0.017252,             0.14038,                   0,              0.0016,              0.0016,              0.0016
                 282,             0.02065,           0.0090185,            0.013165,            0.097872,                   0,             0.81386,             0.72109,             0.70708,              0.2924,            0.051507,            0.011504,            0.017267,              0.1416,                   0,             0.00157,             0.00157,             0.00157
                 283,            0.020903,           0.0090022,            0.013226,            0.095648,                   0,             0.79547,             0.73957,             0.73562,             0.30935,            0.052324,             0.01155,            0.017294,             0.14197,                   0,             0.00154,             0.00154,             0.00154
                 284,            0.020056,           0.0090039,             0.01315,            0.099583,                   0,             0.83296,             0.78183,             0.78816,              0.3243,             0.05151,            0.011488,            0.017145,             0.14221,                   0,             0.00151,             0.00151,             0.00151
                 285,            0.019162,           0.0089574,            0.013207,               0.103,                   0,             0.85218,             0.77564,             0.78072,             0.32497,            0.050175,            0.011366,            0.017029,             0.13879,                   0,             0.00148,             0.00148,             0.00148
                 286,            0.019031,            0.008931,            0.013052,            0.097558,                   0,             0.82253,             0.75865,             0.75793,             0.32188,            0.049906,             0.01139,             0.01716,             0.14075,                   0,             0.00145,             0.00145,             0.00145
                 287,            0.020384,           0.0089885,            0.013197,            0.098294,                   0,             0.76982,              0.7037,             0.69722,             0.27469,            0.052627,            0.011471,            0.017267,             0.14221,                   0,             0.00142,             0.00142,             0.00142
                 288,            0.018874,           0.0088705,             0.01313,             0.09517,                   0,             0.80172,             0.73082,              0.7479,             0.30737,            0.050254,             0.01138,            0.017126,             0.14526,                   0,             0.00139,             0.00139,             0.00139
                 289,            0.019104,           0.0089027,            0.013089,            0.095818,                   0,             0.88833,             0.67156,             0.74112,             0.29565,            0.051847,            0.011416,            0.017294,             0.14282,                   0,             0.00136,             0.00136,             0.00136
                 290,            0.019217,           0.0089617,            0.013192,            0.094706,                   0,             0.82838,             0.73998,             0.76258,             0.31863,            0.050732,            0.011433,             0.01716,             0.14282,                   0,             0.00133,             0.00133,             0.00133
                 291,            0.020631,           0.0089526,            0.013233,            0.097359,                   0,             0.84676,             0.72199,             0.76026,             0.31319,            0.050694,            0.011442,            0.017258,              0.1416,                   0,              0.0013,              0.0013,              0.0013
                 292,            0.018248,           0.0088758,            0.013169,             0.09266,                   0,             0.85766,             0.67586,             0.72674,             0.30936,            0.051073,            0.011398,            0.017188,              0.1449,                   0,             0.00127,             0.00127,             0.00127
                 293,             0.01946,           0.0089641,            0.013168,            0.099263,                   0,             0.85139,             0.65508,             0.69942,             0.30773,            0.051232,            0.011472,            0.017447,             0.14734,                   0,             0.00124,             0.00124,             0.00124
                 294,            0.018376,           0.0089226,            0.013107,             0.10184,                   0,             0.79673,             0.69134,             0.71367,             0.30671,            0.051339,            0.011511,            0.017346,             0.14685,                   0,             0.00121,             0.00121,             0.00121
                 295,            0.019037,           0.0088774,            0.013043,            0.093483,                   0,              0.7809,             0.63575,              0.6515,             0.24307,            0.051771,            0.011524,            0.017413,             0.14709,                   0,             0.00118,             0.00118,             0.00118
                 296,            0.019836,           0.0090288,            0.013139,            0.098282,                   0,             0.76121,              0.7161,             0.72945,             0.29402,            0.052339,            0.011561,            0.017422,             0.14673,                   0,             0.00115,             0.00115,             0.00115
                 297,            0.018181,           0.0089175,            0.013132,            0.098604,                   0,             0.74827,             0.69549,             0.69244,             0.27597,            0.052065,            0.011538,             0.01756,               0.146,                   0,             0.00112,             0.00112,             0.00112
                 298,            0.018013,           0.0088522,             0.01307,             0.10004,                   0,             0.83029,             0.75011,              0.7642,             0.31823,            0.051294,            0.011558,            0.017667,             0.14502,                   0,             0.00109,             0.00109,             0.00109
                 299,             0.01975,           0.0088468,            0.013081,            0.089545,                   0,             0.79325,             0.74909,             0.75692,             0.31161,            0.051967,             0.01163,            0.017883,             0.14624,                   0,             0.00106,             0.00106,             0.00106
