               epoch,      train/box_loss,      train/obj_loss,      train/cls_loss, train/cls_task_loss,train/constraint_loss,   metrics/precision,      metrics/recall,     metrics/mAP_0.5,metrics/mAP_0.5:0.95,        val/box_loss,        val/obj_loss,        val/cls_loss,   val/cls_task_loss, val/constraint_loss,               x/lr0,               x/lr1,               x/lr2
                   0,             0.11691,            0.013741,            0.050146,              1.1014,                   0,                   0,                   0,                   0,                   0,             0.11996,            0.010756,            0.050513,              1.0977,                   0,              0.0937,              0.0007,              0.0007
                   1,             0.11709,            0.013742,            0.050422,              1.1018,                   0,                   0,                   0,                   0,                   0,             0.12036,            0.010739,            0.050928,              1.0986,                   0,            0.086496,           0.0014955,           0.0014955
                   2,             0.11705,            0.013718,            0.050803,              1.1012,                   0,                   0,                   0,                   0,                   0,             0.11931,            0.010847,            0.050635,              1.0967,                   0,            0.079286,           0.0022862,           0.0022862
                   3,             0.11662,            0.013757,            0.050396,              1.1034,                   0,                   0,                   0,                   0,                   0,              0.1195,            0.010787,            0.050061,              1.0986,                   0,            0.072072,           0.0030721,           0.0030721
                   4,             0.11647,            0.013722,            0.050148,              1.1001,                   0,                   0,                   0,                   0,                   0,             0.11896,            0.010835,            0.050146,              1.0977,                   0,            0.064853,           0.0038532,           0.0038532
                   5,             0.11575,            0.013799,            0.050011,              1.1012,                   0,                   0,                   0,                   0,                   0,             0.11831,            0.010854,            0.049609,              1.0977,                   0,             0.05763,           0.0046295,           0.0046295
                   6,             0.11471,            0.013898,            0.049544,              1.1022,                   0,                   0,                   0,                   0,                   0,             0.11673,             0.01101,            0.049561,              1.0986,                   0,            0.050401,            0.005401,            0.005401
                   7,             0.11389,             0.01399,             0.04961,              1.1005,                   0,                   0,                   0,                   0,                   0,             0.11558,            0.011072,            0.049377,              1.0996,                   0,            0.043168,           0.0061677,           0.0061677
                   8,             0.11285,            0.013998,            0.048985,              1.1012,                   0,                   0,                   0,                   0,                   0,             0.11468,            0.011114,            0.049023,              1.0967,                   0,             0.03593,           0.0069296,           0.0069296
                   9,             0.11161,            0.014116,            0.049062,              1.1015,                   0,                   0,                   0,                   0,                   0,             0.11317,            0.011292,            0.048572,              1.0967,                   0,            0.028687,           0.0076867,           0.0076867
                  10,             0.11025,            0.014241,             0.04886,              1.1005,                   0,                   0,                   0,                   0,                   0,             0.11096,            0.011509,            0.049146,              1.0957,                   0,            0.021439,            0.008439,            0.008439
                  11,             0.10805,            0.014473,              0.0484,              1.0998,                   0,                   0,                   0,                   0,                   0,             0.10882,            0.011812,            0.048975,              1.0977,                   0,            0.014186,           0.0091865,           0.0091865
                  12,             0.10703,            0.014561,            0.048482,              1.0996,                   0,                   0,                   0,                   0,                   0,             0.10666,            0.012023,            0.049023,              1.0938,                   0,             0.00964,             0.00964,             0.00964
                  13,             0.10556,            0.014696,            0.048298,              1.0995,                   0,                   0,                   0,                   0,                   0,             0.10593,            0.012081,            0.048486,              1.0938,                   0,             0.00964,             0.00964,             0.00964
                  14,             0.10446,            0.014799,            0.047994,              1.0971,                   0,                   0,                   0,                   0,                   0,             0.10424,            0.012263,            0.048193,              1.0889,                   0,             0.00961,             0.00961,             0.00961
                  15,             0.10306,            0.014869,            0.047544,              1.0991,                   0,                   0,                   0,                   0,                   0,              0.1034,            0.012289,            0.047534,              1.0908,                   0,             0.00958,             0.00958,             0.00958
                  16,             0.10219,            0.014938,            0.047578,              1.0953,                   0,                   0,                   0,                   0,                   0,             0.10139,            0.012505,            0.047522,              1.0908,                   0,             0.00955,             0.00955,             0.00955
                  17,             0.10133,            0.015076,            0.047288,              1.0969,                   0,                   0,                   0,                   0,                   0,             0.10042,            0.012605,              0.0474,              1.0908,                   0,             0.00952,             0.00952,             0.00952
                  18,             0.10053,            0.015089,            0.047094,              1.0939,                   0,          0.00038973,            0.029167,          0.00031449,          6.2899e-05,            0.099784,            0.012707,            0.047119,              1.0928,                   0,             0.00949,             0.00949,             0.00949
                  19,            0.099776,            0.015204,            0.046952,               1.094,                   0,          0.00063839,            0.092708,           0.0012931,          0.00037363,            0.098451,            0.012852,            0.046875,              1.0918,                   0,             0.00946,             0.00946,             0.00946
                  20,            0.098797,             0.01532,            0.046559,              1.0943,                   0,           0.0011544,             0.10133,           0.0026881,          0.00081704,            0.097176,            0.012981,            0.046631,              1.0908,                   0,             0.00943,             0.00943,             0.00943
                  21,            0.097054,            0.015541,            0.046388,              1.0906,                   0,           0.0014876,             0.18807,            0.002712,          0.00062039,            0.095459,            0.013177,            0.046045,              1.0879,                   0,              0.0094,              0.0094,              0.0094
                  22,            0.096399,            0.015562,            0.046197,              1.0919,                   0,           0.0015539,             0.20237,           0.0013941,          0.00040331,            0.093775,            0.013366,            0.045837,              1.0869,                   0,             0.00937,             0.00937,             0.00937
                  23,            0.094629,            0.015731,            0.046039,              1.0923,                   0,           0.0013907,             0.20568,           0.0018862,          0.00050883,            0.091766,            0.013585,            0.045496,               1.083,                   0,             0.00934,             0.00934,             0.00934
                  24,            0.093074,            0.015929,            0.045551,              1.0907,                   0,           0.0014912,             0.27074,           0.0028806,           0.0006772,            0.089253,            0.013906,              0.0453,              1.0801,                   0,             0.00931,             0.00931,             0.00931
                  25,            0.090997,             0.01615,            0.045399,              1.0883,                   0,           0.0016033,             0.30909,           0.0037765,          0.00076992,            0.086787,            0.014207,            0.045154,              1.0781,                   0,             0.00928,             0.00928,             0.00928
                  26,            0.089372,            0.016366,            0.045089,              1.0859,                   0,           0.0033005,             0.39223,           0.0049702,           0.0011449,            0.084396,            0.014473,            0.044885,              1.0742,                   0,             0.00925,             0.00925,             0.00925
                  27,            0.087326,            0.016486,            0.044745,              1.0828,                   0,           0.0049092,             0.49081,           0.0085934,            0.001836,            0.081761,            0.014723,             0.04458,              1.0684,                   0,             0.00922,             0.00922,             0.00922
                  28,            0.084823,            0.016784,            0.044425,              1.0799,                   0,           0.0060929,             0.52595,            0.011609,           0.0024827,            0.080001,            0.014852,            0.044153,              1.0625,                   0,             0.00919,             0.00919,             0.00919
                  29,            0.083294,            0.016873,            0.043935,              1.0759,                   0,           0.0056563,             0.45369,            0.011693,           0.0024649,             0.07737,              0.0151,            0.043726,              1.0586,                   0,             0.00916,             0.00916,             0.00916
                  30,            0.080597,             0.01717,            0.043442,              1.0764,                   0,            0.004936,             0.55199,            0.010734,           0.0024781,            0.075551,             0.01525,            0.042969,              1.0576,                   0,             0.00913,             0.00913,             0.00913
                  31,            0.078785,            0.017345,            0.042808,              1.0725,                   0,           0.0037689,             0.61174,            0.011017,           0.0022756,            0.074541,            0.015227,            0.041797,              1.0518,                   0,              0.0091,              0.0091,              0.0091
                  32,            0.076815,            0.017393,            0.041934,              1.0675,                   0,           0.0035071,             0.68513,            0.013029,           0.0029105,            0.073223,             0.01514,            0.040747,              1.0449,                   0,             0.00907,             0.00907,             0.00907
                  33,            0.075113,             0.01743,            0.040712,              1.0644,                   0,           0.0034404,               0.716,            0.013662,           0.0029147,            0.071222,            0.015256,            0.039868,               1.042,                   0,             0.00904,             0.00904,             0.00904
                  34,            0.072646,            0.017418,            0.039744,              1.0634,                   0,           0.0036159,             0.77576,            0.015772,           0.0035402,            0.069713,            0.015158,            0.038586,              1.0391,                   0,             0.00901,             0.00901,             0.00901
                  35,            0.070356,            0.017369,            0.038524,              1.0624,                   0,           0.0033929,             0.80511,            0.018638,           0.0044855,             0.06798,            0.014978,            0.037299,              1.0312,                   0,             0.00898,             0.00898,             0.00898
                  36,            0.068483,             0.01715,            0.037201,              1.0554,                   0,           0.0032259,             0.81127,            0.029769,           0.0073215,            0.067678,            0.014679,             0.03595,              1.0205,                   0,             0.00895,             0.00895,             0.00895
                  37,            0.066849,            0.017078,            0.035715,              1.0467,                   0,           0.0029613,             0.83419,            0.026106,           0.0073944,             0.06547,            0.014636,            0.034857,              1.0107,                   0,             0.00892,             0.00892,             0.00892
                  38,            0.066144,            0.016792,            0.034589,              1.0421,                   0,             0.32154,             0.07017,            0.029178,           0.0078088,            0.064613,            0.014513,            0.033643,              1.0088,                   0,             0.00889,             0.00889,             0.00889
                  39,            0.063987,            0.016647,            0.033293,              1.0403,                   0,             0.34441,            0.095076,            0.036658,           0.0089174,            0.065346,             0.01431,            0.032538,             0.99512,                   0,             0.00886,             0.00886,             0.00886
                  40,            0.063375,            0.016538,            0.032646,              1.0302,                   0,               0.294,             0.10114,            0.043826,            0.012075,            0.063609,            0.014241,            0.031482,             0.98242,                   0,             0.00883,             0.00883,             0.00883
                  41,            0.062214,            0.016402,            0.031498,              1.0198,                   0,               0.312,             0.12973,            0.043777,             0.01259,            0.062725,            0.014067,            0.030273,             0.96924,                   0,              0.0088,              0.0088,              0.0088
                  42,            0.061222,            0.016206,            0.030358,              1.0069,                   0,             0.33174,             0.13485,            0.057309,            0.013231,            0.061716,            0.014014,            0.029291,             0.95654,                   0,             0.00877,             0.00877,             0.00877
                  43,            0.061215,            0.016147,            0.029329,             0.99653,                   0,             0.34805,             0.14186,             0.08063,            0.018948,            0.063164,            0.013654,            0.028009,             0.94678,                   0,             0.00874,             0.00874,             0.00874
                  44,              0.0602,            0.016071,            0.028488,             0.98815,                   0,             0.34141,             0.17064,            0.052899,             0.01377,            0.062289,            0.013708,            0.026947,             0.92432,                   0,             0.00871,             0.00871,             0.00871
                  45,             0.05974,            0.015815,            0.027208,             0.97445,                   0,             0.33828,             0.18589,            0.054074,            0.013002,            0.060904,            0.013638,             0.02569,             0.90479,                   0,             0.00868,             0.00868,             0.00868
                  46,            0.057533,            0.015882,            0.026415,             0.94839,                   0,             0.39542,             0.18291,            0.089413,            0.020293,            0.061222,            0.013484,            0.024567,             0.88965,                   0,             0.00865,             0.00865,             0.00865
                  47,            0.057523,            0.015657,            0.025387,             0.93738,                   0,             0.34068,             0.14195,            0.048231,            0.013598,              0.0607,            0.013329,            0.023987,             0.87012,                   0,             0.00862,             0.00862,             0.00862
                  48,            0.057598,            0.015459,            0.024145,             0.92203,                   0,             0.35542,             0.10862,            0.060784,            0.012087,            0.060143,              0.0133,            0.022516,             0.85205,                   0,             0.00859,             0.00859,             0.00859
                  49,            0.056609,            0.015524,            0.023409,              0.9114,                   0,             0.34146,             0.10549,            0.050557,           0.0091718,            0.059369,             0.01324,            0.022369,             0.84375,                   0,             0.00856,             0.00856,             0.00856
                  50,            0.055935,            0.015325,            0.021883,             0.89217,                   0,             0.30726,             0.07642,            0.034429,           0.0077035,            0.060438,              0.0131,            0.021539,             0.81738,                   0,             0.00853,             0.00853,             0.00853
                  51,            0.055345,            0.015154,            0.021573,             0.86921,                   0,             0.32072,             0.08608,            0.035079,           0.0082113,            0.059766,            0.012924,            0.020673,             0.79541,                   0,              0.0085,              0.0085,              0.0085
                  52,            0.053866,            0.015064,             0.02011,             0.84915,                   0,             0.37696,            0.048528,            0.038861,           0.0078791,            0.059941,            0.012784,            0.020288,             0.77197,                   0,             0.00847,             0.00847,             0.00847
                  53,            0.053993,            0.014973,             0.01991,              0.8374,                   0,             0.36926,            0.083144,            0.046545,           0.0095969,            0.057458,            0.012768,            0.019504,             0.75684,                   0,             0.00844,             0.00844,             0.00844
                  54,            0.052859,            0.014784,            0.018847,             0.81565,                   0,             0.28306,            0.027273,            0.030296,           0.0067327,             0.05888,            0.012541,            0.019775,             0.73633,                   0,             0.00841,             0.00841,             0.00841
                  55,            0.052304,            0.014748,            0.018615,             0.79553,                   0,             0.41596,            0.046686,            0.046504,           0.0096882,            0.058986,            0.012462,            0.019022,             0.70312,                   0,             0.00838,             0.00838,             0.00838
                  56,            0.052006,            0.014608,            0.018219,             0.77928,                   0,             0.33172,            0.043282,            0.046912,           0.0098315,            0.058666,             0.01232,            0.018134,              0.6875,                   0,             0.00835,             0.00835,             0.00835
                  57,            0.051822,            0.014456,            0.017515,             0.75846,                   0,              0.3425,            0.063734,            0.047263,            0.010236,             0.05834,            0.012244,            0.018274,             0.66406,                   0,             0.00832,             0.00832,             0.00832
                  58,             0.05051,            0.014336,            0.017075,             0.72378,                   0,             0.43707,            0.047407,            0.044394,           0.0094436,            0.058261,            0.012104,            0.017606,             0.64062,                   0,             0.00829,             0.00829,             0.00829
                  59,            0.049767,            0.014172,            0.016726,             0.71727,                   0,             0.29857,            0.044508,            0.033281,           0.0073951,            0.056105,            0.012156,            0.017743,             0.62988,                   0,             0.00826,             0.00826,             0.00826
                  60,            0.049524,            0.014141,            0.016541,             0.70463,                   0,             0.32539,            0.029571,            0.033802,           0.0070706,            0.056728,             0.01201,            0.017511,             0.61475,                   0,             0.00823,             0.00823,             0.00823
                  61,            0.049242,             0.01398,            0.016364,             0.67713,                   0,             0.33706,            0.085227,            0.041256,           0.0088188,            0.055438,             0.01211,            0.017194,              0.5874,                   0,              0.0082,              0.0082,              0.0082
                  62,            0.049409,             0.01389,            0.016053,             0.65592,                   0,             0.32847,            0.038352,            0.050929,            0.011077,            0.055916,            0.011941,            0.017285,             0.57715,                   0,             0.00817,             0.00817,             0.00817
                  63,             0.04877,            0.013886,            0.015913,             0.63554,                   0,             0.43216,            0.065271,            0.067938,            0.014634,            0.059224,            0.011812,            0.017035,             0.55518,                   0,             0.00814,             0.00814,             0.00814
                  64,            0.047889,            0.013755,            0.015795,             0.62574,                   0,             0.41483,            0.054261,            0.062324,            0.013496,            0.061839,            0.011554,            0.016953,             0.54199,                   0,             0.00811,             0.00811,             0.00811
                  65,            0.047592,            0.013589,             0.01561,             0.60559,                   0,             0.02727,             0.29593,            0.043683,           0.0096757,            0.057969,            0.011587,            0.016971,             0.51025,                   0,             0.00808,             0.00808,             0.00808
                  66,            0.048048,            0.013589,            0.015397,             0.59367,                   0,             0.33148,            0.082386,              0.0584,            0.011152,            0.055603,            0.011677,            0.017368,             0.50195,                   0,             0.00805,             0.00805,             0.00805
                  67,            0.046966,            0.013412,             0.01529,             0.58687,                   0,             0.29992,            0.079034,            0.045311,           0.0091127,             0.05414,            0.011669,            0.016656,               0.479,                   0,             0.00802,             0.00802,             0.00802
                  68,            0.047362,            0.013307,              0.0152,             0.57106,                   0,             0.32894,             0.12129,             0.05618,            0.013103,             0.05774,            0.011525,            0.017059,             0.45776,                   0,             0.00799,             0.00799,             0.00799
                  69,            0.047106,            0.013374,            0.015077,             0.54431,                   0,             0.31129,            0.089299,            0.038573,           0.0090359,            0.056257,            0.011625,            0.016357,             0.43848,                   0,             0.00796,             0.00796,             0.00796
                  70,            0.045935,             0.01323,            0.014953,             0.52871,                   0,           0.0035818,             0.90445,            0.050847,            0.011062,            0.053615,            0.011453,             0.01629,             0.43433,                   0,             0.00793,             0.00793,             0.00793
                  71,               0.046,            0.013114,            0.014898,             0.52435,                   0,           0.0036851,             0.92973,            0.041241,           0.0089902,            0.055872,            0.011479,            0.016479,             0.42944,                   0,              0.0079,              0.0079,              0.0079
                  72,            0.046621,            0.013045,            0.014702,             0.49918,                   0,             0.31575,            0.085985,            0.042408,           0.0095292,            0.056132,            0.011288,             0.01582,             0.41016,                   0,             0.00787,             0.00787,             0.00787
                  73,            0.044648,            0.013025,            0.014721,             0.48429,                   0,            0.051366,             0.17973,            0.050587,            0.010941,            0.052992,            0.011398,            0.015982,             0.39893,                   0,             0.00784,             0.00784,             0.00784
                  74,            0.045749,            0.012927,            0.014443,             0.47239,                   0,             0.32221,             0.10947,            0.064186,            0.014382,             0.05218,            0.011445,            0.015762,             0.38428,                   0,             0.00781,             0.00781,             0.00781
                  75,            0.044077,            0.012829,            0.014319,             0.46444,                   0,             0.46523,           0.0089962,            0.071082,             0.01668,            0.052113,             0.01134,            0.015897,             0.37085,                   0,             0.00778,             0.00778,             0.00778
                  76,            0.045028,            0.012789,            0.014211,             0.45366,                   0,             0.31171,            0.088542,            0.070511,            0.017035,            0.052994,            0.011261,            0.016116,             0.35864,                   0,             0.00775,             0.00775,             0.00775
                  77,            0.042434,            0.012694,            0.014068,             0.42635,                   0,            0.067819,             0.12481,             0.07778,            0.017845,            0.053449,            0.011168,            0.016187,             0.34546,                   0,             0.00772,             0.00772,             0.00772
                  78,            0.043601,            0.012632,            0.014286,              0.4188,                   0,             0.34174,            0.024148,            0.074086,            0.016923,            0.052465,            0.011227,            0.015915,             0.34497,                   0,             0.00769,             0.00769,             0.00769
                  79,            0.043292,            0.012591,            0.014295,             0.40102,                   0,           0.0039771,             0.94337,             0.05503,            0.013014,            0.050763,            0.011269,            0.015839,             0.32446,                   0,             0.00766,             0.00766,             0.00766
                  80,            0.043217,             0.01254,            0.014114,             0.38971,                   0,            0.003782,             0.92907,             0.05532,            0.011865,            0.050796,            0.011213,            0.015839,             0.31714,                   0,             0.00763,             0.00763,             0.00763
                  81,            0.041908,            0.012507,            0.014188,             0.38467,                   0,             0.39704,             0.05255,             0.07098,            0.016371,            0.052629,            0.011082,            0.015845,             0.30249,                   0,              0.0076,              0.0076,              0.0076
                  82,            0.042739,            0.012369,            0.014015,              0.3697,                   0,            0.023907,             0.73977,            0.073607,            0.017219,            0.051164,            0.011163,            0.015616,             0.30737,                   0,             0.00757,             0.00757,             0.00757
                  83,            0.042374,            0.012336,             0.01404,             0.36866,                   0,             0.29333,             0.03125,            0.097788,            0.024418,            0.054779,             0.01109,             0.01608,             0.30005,                   0,             0.00754,             0.00754,             0.00754
                  84,              0.0422,            0.012218,            0.013827,             0.36615,                   0,             0.35822,            0.030433,             0.08203,            0.020339,            0.051133,             0.01115,            0.015869,             0.29834,                   0,             0.00751,             0.00751,             0.00751
                  85,             0.04128,            0.012243,            0.014205,             0.35603,                   0,             0.43496,            0.068753,             0.10564,            0.025204,            0.052882,            0.011081,            0.016266,             0.28394,                   0,             0.00748,             0.00748,             0.00748
                  86,            0.042008,            0.012272,            0.014064,             0.35372,                   0,             0.34189,              0.2089,            0.085961,            0.022692,             0.05109,            0.011224,            0.016678,             0.28931,                   0,             0.00745,             0.00745,             0.00745
                  87,            0.041391,            0.012173,            0.013941,             0.34124,                   0,             0.05394,             0.25824,            0.079887,            0.018704,            0.053293,            0.010945,            0.015842,             0.27563,                   0,             0.00742,             0.00742,             0.00742
                  88,            0.040652,            0.012139,            0.013931,             0.33338,                   0,            0.018468,             0.74896,             0.07107,            0.017063,            0.050051,            0.011113,            0.015811,             0.26685,                   0,             0.00739,             0.00739,             0.00739
                  89,             0.04124,            0.012047,            0.013833,             0.32272,                   0,            0.098845,             0.11771,            0.074548,            0.018111,            0.050679,             0.01099,            0.015643,             0.26392,                   0,             0.00736,             0.00736,             0.00736
                  90,            0.040138,            0.012068,            0.014044,             0.32577,                   0,             0.40915,            0.083756,             0.08892,            0.022597,            0.051623,            0.011035,            0.015878,             0.25854,                   0,             0.00733,             0.00733,             0.00733
                  91,             0.04033,            0.011923,            0.013787,             0.31286,                   0,             0.21968,             0.11278,             0.12078,            0.031327,            0.050136,            0.010926,             0.01571,              0.2627,                   0,              0.0073,              0.0073,              0.0073
                  92,            0.039665,            0.011837,            0.013628,             0.30381,                   0,             0.45333,            0.087721,              0.1271,            0.034333,            0.051748,            0.010895,            0.015671,             0.25366,                   0,             0.00727,             0.00727,             0.00727
                  93,            0.039042,            0.011865,            0.013686,             0.30886,                   0,             0.44895,             0.12045,              0.1317,            0.032861,            0.053243,            0.010836,            0.015802,             0.24731,                   0,             0.00724,             0.00724,             0.00724
                  94,            0.038805,            0.011825,            0.013815,             0.30176,                   0,             0.36383,             0.11236,            0.085917,            0.021897,            0.051913,              0.0108,            0.015915,             0.24219,                   0,             0.00721,             0.00721,             0.00721
                  95,            0.038378,             0.01173,            0.013837,              0.2937,                   0,             0.33959,             0.10682,            0.092739,            0.024182,            0.051287,             0.01074,            0.015897,             0.23352,                   0,             0.00718,             0.00718,             0.00718
                  96,            0.038237,            0.011722,            0.013679,             0.28181,                   0,              0.3485,            0.085511,            0.077457,            0.017045,            0.049814,            0.010794,            0.015948,             0.23547,                   0,             0.00715,             0.00715,             0.00715
                  97,            0.037796,            0.011646,            0.013615,             0.26737,                   0,              0.3563,             0.09375,            0.088115,            0.021649,            0.051036,            0.010947,             0.01611,             0.23694,                   0,             0.00712,             0.00712,             0.00712
                  98,            0.039125,            0.011532,            0.013786,             0.27577,                   0,             0.41936,             0.10019,            0.086585,            0.021359,            0.051358,            0.010827,            0.016013,             0.23474,                   0,             0.00709,             0.00709,             0.00709
                  99,            0.038046,            0.011535,            0.013703,             0.27533,                   0,             0.38767,             0.12481,            0.082495,            0.020406,            0.049404,            0.010819,            0.015814,             0.22729,                   0,             0.00706,             0.00706,             0.00706
                 100,             0.03848,            0.011566,            0.013821,              0.2679,                   0,             0.38429,             0.13646,            0.096403,             0.02473,            0.049828,            0.010858,            0.016266,             0.22803,                   0,             0.00703,             0.00703,             0.00703
                 101,            0.036987,            0.011457,            0.013578,             0.25081,                   0,             0.41628,             0.13307,             0.11599,            0.033197,             0.04941,            0.010789,            0.015814,             0.21692,                   0,               0.007,               0.007,               0.007
                 102,            0.037689,            0.011436,            0.013563,              0.2458,                   0,             0.44951,             0.17936,             0.14969,            0.040242,            0.050375,            0.010819,            0.016071,             0.21838,                   0,             0.00697,             0.00697,             0.00697
                 103,            0.037488,            0.011386,            0.013629,             0.24267,                   0,             0.51736,             0.20009,             0.15851,            0.046056,            0.054314,            0.010678,            0.016043,             0.22205,                   0,             0.00694,             0.00694,             0.00694
                 104,            0.037483,            0.011397,            0.013754,             0.24782,                   0,             0.64195,             0.19744,             0.14156,            0.036483,            0.052172,             0.01085,            0.015884,             0.22949,                   0,             0.00691,             0.00691,             0.00691
                 105,            0.036487,            0.011385,            0.013603,             0.24214,                   0,             0.39792,             0.13949,              0.1076,            0.026965,            0.051305,            0.010903,             0.01622,             0.21582,                   0,             0.00688,             0.00688,             0.00688
                 106,            0.037474,              0.0114,            0.013607,             0.23737,                   0,             0.41808,             0.16316,              0.1165,            0.029052,            0.051138,             0.01079,            0.015765,             0.21472,                   0,             0.00685,             0.00685,             0.00685
                 107,             0.03634,            0.011275,            0.013625,             0.23497,                   0,               0.435,             0.16596,             0.10548,            0.023747,            0.050122,            0.010769,            0.016077,             0.21484,                   0,             0.00682,             0.00682,             0.00682
                 108,            0.036445,             0.01128,            0.013577,             0.21306,                   0,             0.36387,              0.1447,            0.093069,              0.0216,            0.048439,            0.010707,            0.015585,             0.21021,                   0,             0.00679,             0.00679,             0.00679
                 109,            0.037287,            0.011186,            0.013481,             0.21038,                   0,             0.39858,             0.17622,             0.11577,            0.028088,            0.049482,            0.010723,            0.015952,             0.20251,                   0,             0.00676,             0.00676,             0.00676
                 110,            0.034707,            0.011064,            0.013438,             0.22154,                   0,              0.4957,            0.045739,             0.11389,             0.02819,            0.054149,            0.010832,             0.01644,             0.18921,                   0,             0.00673,             0.00673,             0.00673
                 111,            0.035802,            0.011106,            0.013632,             0.21591,                   0,             0.39855,             0.14564,             0.10421,             0.02575,            0.050533,            0.010876,            0.016229,             0.19128,                   0,              0.0067,              0.0067,              0.0067
                 112,             0.03584,            0.011014,            0.013457,             0.19856,                   0,               0.242,            0.092614,             0.15736,            0.041107,             0.05058,            0.010836,            0.015793,             0.18896,                   0,             0.00667,             0.00667,             0.00667
                 113,            0.034543,            0.011008,            0.013377,             0.20021,                   0,             0.27785,             0.22955,             0.18889,            0.045587,            0.048752,            0.010778,            0.015826,             0.18689,                   0,             0.00664,             0.00664,             0.00664
                 114,            0.035401,            0.011019,            0.013496,             0.21567,                   0,             0.52564,             0.18356,             0.18296,            0.047214,            0.051092,            0.010789,            0.016083,              0.1803,                   0,             0.00661,             0.00661,             0.00661
                 115,            0.035119,            0.011032,             0.01344,             0.20115,                   0,             0.45862,             0.18741,             0.16436,            0.042523,            0.051968,            0.010813,            0.015982,             0.18372,                   0,             0.00658,             0.00658,             0.00658
                 116,            0.034215,            0.010981,            0.013415,             0.19338,                   0,             0.47458,             0.20363,             0.19605,            0.046994,            0.049428,            0.010742,            0.015744,             0.18335,                   0,             0.00655,             0.00655,             0.00655
                 117,            0.035309,            0.011011,            0.013458,             0.19224,                   0,             0.49592,             0.20254,             0.17387,            0.042177,            0.050922,            0.010803,            0.015945,             0.18054,                   0,             0.00652,             0.00652,             0.00652
                 118,            0.034009,            0.010904,            0.013456,             0.18715,                   0,             0.50303,             0.24918,             0.24387,            0.075444,            0.051639,            0.010697,             0.01586,             0.16187,                   0,             0.00649,             0.00649,             0.00649
                 119,            0.034261,             0.01089,            0.013459,              0.1822,                   0,             0.50636,             0.19078,             0.19543,             0.05404,            0.054776,            0.010649,            0.016043,             0.17334,                   0,             0.00646,             0.00646,             0.00646
                 120,            0.035128,            0.010968,            0.013759,              0.1928,                   0,              0.3996,              0.2053,              0.1366,            0.037279,            0.050057,            0.010647,            0.015799,             0.16248,                   0,             0.00643,             0.00643,             0.00643
                 121,            0.034465,            0.010868,            0.013572,             0.18167,                   0,             0.41361,              0.1772,              0.1164,            0.027306,            0.047686,             0.01067,             0.01579,              0.1615,                   0,              0.0064,              0.0064,              0.0064
                 122,            0.033552,            0.010733,            0.013387,             0.17578,                   0,             0.43437,             0.17274,             0.13751,            0.037855,            0.048247,             0.01069,            0.015787,             0.14844,                   0,             0.00637,             0.00637,             0.00637
                 123,            0.034364,            0.010799,            0.013381,             0.16469,                   0,             0.43357,             0.16534,             0.13057,             0.03299,            0.050919,            0.010671,            0.015552,             0.15088,                   0,             0.00634,             0.00634,             0.00634
                 124,            0.034908,             0.01086,            0.013587,             0.16409,                   0,             0.20084,             0.17727,             0.16358,             0.03905,            0.050326,            0.010716,            0.016043,             0.14648,                   0,             0.00631,             0.00631,             0.00631
                 125,            0.034865,            0.010887,            0.013518,             0.16318,                   0,              0.2838,              0.2766,              0.2596,             0.06624,            0.050471,            0.010687,            0.016061,             0.14148,                   0,             0.00628,             0.00628,             0.00628
                 126,            0.033076,            0.010756,            0.013342,             0.16517,                   0,             0.19612,             0.22604,             0.19842,            0.051847,            0.050288,            0.010794,            0.015924,              0.1543,                   0,             0.00625,             0.00625,             0.00625
                 127,            0.033727,            0.010773,            0.013363,             0.15446,                   0,             0.49676,             0.20767,             0.17529,            0.049206,            0.053827,            0.010776,            0.016141,             0.14551,                   0,             0.00622,             0.00622,             0.00622
                 128,            0.034637,            0.010829,            0.013499,             0.16072,                   0,             0.43776,             0.22037,             0.13316,            0.035363,            0.049964,            0.010826,             0.01582,             0.13843,                   0,             0.00619,             0.00619,             0.00619
                 129,            0.032583,            0.010703,             0.01339,             0.16125,                   0,             0.42217,             0.17234,             0.14934,            0.038105,             0.04926,            0.010748,            0.015683,             0.14062,                   0,             0.00616,             0.00616,             0.00616
                 130,            0.033398,             0.01059,            0.013339,             0.15225,                   0,             0.49517,             0.20995,             0.15209,            0.039884,            0.049185,            0.010802,             0.01615,             0.15234,                   0,             0.00613,             0.00613,             0.00613
                 131,            0.033521,            0.010671,            0.013406,             0.15185,                   0,             0.48283,              0.1983,             0.17688,            0.051249,            0.048976,            0.010703,            0.015674,             0.14868,                   0,              0.0061,              0.0061,              0.0061
                 132,            0.032643,            0.010559,            0.013414,             0.14812,                   0,             0.47209,             0.23155,             0.18241,            0.049985,            0.048956,            0.010748,            0.015802,             0.14258,                   0,             0.00607,             0.00607,             0.00607
                 133,            0.033119,             0.01063,            0.013477,             0.14453,                   0,             0.40981,             0.20508,             0.14243,            0.037428,            0.049449,            0.010768,            0.016098,             0.14111,                   0,             0.00604,             0.00604,             0.00604
                 134,            0.034179,            0.010635,            0.013494,              0.1512,                   0,             0.49222,             0.26525,             0.18115,            0.054182,            0.049462,            0.010649,            0.015781,             0.13452,                   0,             0.00601,             0.00601,             0.00601
                 135,            0.032797,            0.010597,            0.013345,             0.14048,                   0,             0.52263,             0.28262,             0.21794,            0.061833,            0.048185,            0.010711,            0.015918,             0.13184,                   0,             0.00598,             0.00598,             0.00598
                 136,            0.033532,            0.010619,            0.013654,             0.15678,                   0,             0.51917,             0.25143,             0.23245,            0.067328,             0.04901,            0.010674,            0.015912,             0.13672,                   0,             0.00595,             0.00595,             0.00595
                 137,            0.031923,            0.010525,            0.013341,             0.14026,                   0,             0.67354,             0.26468,             0.27706,             0.08032,            0.051194,            0.010692,            0.015857,             0.13171,                   0,             0.00592,             0.00592,             0.00592
                 138,            0.032144,              0.0105,            0.013326,             0.12994,                   0,             0.43737,             0.23222,             0.17032,            0.048882,            0.047618,            0.010739,            0.015915,             0.14307,                   0,             0.00589,             0.00589,             0.00589
                 139,            0.032169,            0.010657,            0.013578,             0.14898,                   0,             0.24282,              0.2715,             0.22532,            0.056022,            0.049666,            0.010658,            0.016034,              0.1427,                   0,             0.00586,             0.00586,             0.00586
                 140,            0.032606,            0.010505,            0.013434,             0.13885,                   0,             0.25866,             0.27727,              0.2182,            0.059906,            0.049785,            0.010708,            0.015991,             0.13721,                   0,             0.00583,             0.00583,             0.00583
                 141,            0.032873,            0.010513,             0.01338,             0.12067,                   0,              0.3241,             0.29091,             0.28205,            0.084018,            0.050192,            0.010723,            0.015903,             0.12927,                   0,              0.0058,              0.0058,              0.0058
                 142,             0.03271,             0.01053,            0.013453,             0.12938,                   0,             0.51244,             0.38561,             0.37838,             0.11613,            0.049736,            0.010729,            0.015823,             0.12976,                   0,             0.00577,             0.00577,             0.00577
                 143,            0.031555,             0.01047,            0.013296,             0.11477,                   0,             0.56558,             0.38379,             0.37202,             0.10085,            0.049474,            0.010687,            0.016098,             0.12201,                   0,             0.00574,             0.00574,             0.00574
                 144,            0.031408,            0.010448,            0.013344,             0.11938,                   0,              0.3862,             0.28111,             0.31747,            0.096033,            0.048932,            0.010779,             0.01622,             0.12537,                   0,             0.00571,             0.00571,             0.00571
                 145,            0.031214,            0.010432,            0.013498,             0.13488,                   0,             0.54703,             0.24243,             0.23847,             0.07434,            0.048914,            0.010761,            0.016129,             0.13318,                   0,             0.00568,             0.00568,             0.00568
                 146,            0.030728,             0.01038,            0.013454,             0.12844,                   0,             0.59023,             0.25605,             0.26184,            0.082381,            0.048954,            0.010719,            0.015936,             0.13086,                   0,             0.00565,             0.00565,             0.00565
                 147,            0.030767,            0.010366,            0.013386,             0.13448,                   0,             0.71516,             0.32324,             0.33832,            0.094467,            0.050206,            0.010653,            0.015778,             0.12964,                   0,             0.00562,             0.00562,             0.00562
                 148,            0.032264,            0.010446,            0.013497,             0.12133,                   0,             0.53832,             0.32306,             0.34822,             0.10188,            0.048588,            0.010582,            0.015829,             0.11731,                   0,             0.00559,             0.00559,             0.00559
                 149,            0.031205,            0.010333,            0.013325,             0.13091,                   0,             0.31225,             0.25161,             0.25301,            0.070013,            0.049016,            0.010853,            0.015903,             0.11877,                   0,             0.00556,             0.00556,             0.00556
                 150,            0.031224,              0.0103,            0.013366,             0.11192,                   0,             0.67392,             0.26682,             0.27425,            0.075936,            0.051991,            0.010813,            0.016089,             0.12311,                   0,             0.00553,             0.00553,             0.00553
                 151,            0.032542,            0.010394,             0.01342,             0.12018,                   0,             0.55652,             0.24777,             0.26425,            0.084994,            0.051273,            0.010818,            0.016403,             0.12146,                   0,              0.0055,              0.0055,              0.0055
                 152,            0.031199,            0.010344,              0.0134,             0.11985,                   0,             0.42593,             0.28478,             0.29272,            0.094068,            0.050662,            0.010885,            0.016168,              0.1134,                   0,             0.00547,             0.00547,             0.00547
                 153,             0.03117,            0.010483,            0.013519,             0.11601,                   0,             0.63807,             0.31614,             0.31453,            0.085012,            0.049223,             0.01069,            0.016122,             0.11053,                   0,             0.00544,             0.00544,             0.00544
                 154,            0.029311,            0.010232,            0.013318,             0.11194,                   0,             0.59269,             0.21818,             0.21684,            0.072892,            0.051156,            0.010766,            0.016516,             0.11829,                   0,             0.00541,             0.00541,             0.00541
                 155,            0.032204,            0.010253,            0.013483,             0.10459,                   0,             0.38659,             0.27708,              0.2788,            0.075151,            0.048075,             0.01069,            0.016434,             0.12476,                   0,             0.00538,             0.00538,             0.00538
                 156,            0.030587,             0.01035,            0.013406,             0.11318,                   0,             0.59123,             0.34299,             0.30839,            0.096265,            0.050196,            0.010807,            0.016437,             0.11682,                   0,             0.00535,             0.00535,             0.00535
                 157,            0.029787,            0.010307,            0.013476,              0.1172,                   0,             0.36537,              0.2606,              0.2422,            0.066342,            0.048707,            0.010711,            0.016022,             0.11646,                   0,             0.00532,             0.00532,             0.00532
                 158,            0.029793,            0.010207,            0.013216,             0.10986,                   0,             0.25883,             0.30286,             0.26965,            0.068879,            0.048525,            0.010961,            0.016614,             0.13159,                   0,             0.00529,             0.00529,             0.00529
                 159,            0.030675,            0.010264,            0.013403,             0.10776,                   0,             0.39136,             0.28943,             0.28581,            0.084229,            0.049053,            0.010848,            0.016208,             0.11731,                   0,             0.00526,             0.00526,             0.00526
                 160,            0.030314,            0.010241,            0.013286,             0.11727,                   0,             0.44226,             0.35411,             0.36391,              0.1001,            0.048941,            0.010913,            0.016354,             0.12177,                   0,             0.00523,             0.00523,             0.00523
                 161,            0.030819,            0.010278,            0.013278,             0.10735,                   0,             0.48402,             0.33898,             0.30217,            0.090358,            0.049131,            0.011006,            0.016376,             0.11633,                   0,              0.0052,              0.0052,              0.0052
                 162,            0.030322,            0.010281,            0.013402,             0.10578,                   0,             0.29954,             0.27633,               0.285,            0.075932,            0.049696,            0.010844,            0.016489,             0.11084,                   0,             0.00517,             0.00517,             0.00517
                 163,            0.029351,            0.010132,            0.013308,             0.10469,                   0,             0.44076,             0.28693,             0.29104,            0.075564,            0.049085,            0.010931,            0.016547,             0.10205,                   0,             0.00514,             0.00514,             0.00514
                 164,            0.029767,            0.010152,            0.013561,             0.10931,                   0,             0.48496,             0.44465,             0.38476,             0.10859,            0.048303,             0.01089,            0.016336,             0.10693,                   0,             0.00511,             0.00511,             0.00511
                 165,            0.028797,            0.010183,             0.01334,             0.10634,                   0,             0.55521,             0.38439,             0.38578,              0.1148,            0.050061,            0.010921,            0.016473,             0.11438,                   0,             0.00508,             0.00508,             0.00508
                 166,            0.030345,            0.010235,            0.013367,             0.10215,                   0,             0.51252,             0.39621,             0.40166,             0.12947,            0.049763,            0.010881,            0.016248,             0.10583,                   0,             0.00505,             0.00505,             0.00505
                 167,            0.029506,            0.010188,            0.013391,             0.10345,                   0,             0.43686,             0.36417,             0.38835,              0.1128,            0.050061,            0.010813,             0.01619,             0.11255,                   0,             0.00502,             0.00502,             0.00502
                 168,            0.029137,            0.010074,            0.013367,            0.097861,                   0,             0.42458,              0.3494,             0.33866,             0.10211,            0.049157,             0.01091,            0.016199,             0.11584,                   0,             0.00499,             0.00499,             0.00499
                 169,            0.028889,            0.010102,            0.013343,             0.10231,                   0,             0.77501,             0.35445,             0.37999,             0.12037,            0.050687,            0.010956,            0.016815,             0.11377,                   0,             0.00496,             0.00496,             0.00496
                 170,            0.028653,            0.010119,            0.013473,             0.10339,                   0,             0.53085,             0.37963,              0.4281,             0.14043,             0.04888,            0.010818,            0.016452,             0.10834,                   0,             0.00493,             0.00493,             0.00493
                 171,            0.030237,            0.010154,            0.013422,             0.10359,                   0,              0.5706,             0.53144,             0.49813,             0.16662,            0.050418,            0.010982,            0.016647,             0.10852,                   0,              0.0049,              0.0049,              0.0049
                 172,            0.029198,            0.010122,            0.013357,              0.1042,                   0,              0.5187,             0.44824,             0.38312,             0.11359,             0.05025,            0.010918,            0.016776,             0.11859,                   0,             0.00487,             0.00487,             0.00487
                 173,            0.030946,            0.010142,            0.013326,             0.09925,                   0,             0.43391,             0.38128,             0.37889,              0.1148,            0.049878,            0.010803,            0.016559,             0.12427,                   0,             0.00484,             0.00484,             0.00484
                 174,            0.029129,            0.010161,             0.01343,             0.10022,                   0,             0.60333,             0.42615,              0.4289,             0.14151,            0.050896,            0.010786,            0.016632,             0.11536,                   0,             0.00481,             0.00481,             0.00481
                 175,            0.028802,            0.010099,            0.013386,            0.099259,                   0,             0.66213,             0.43033,              0.4499,             0.14163,             0.04961,            0.010699,            0.016318,             0.11188,                   0,             0.00478,             0.00478,             0.00478
                 176,            0.028869,            0.010074,            0.013347,            0.090264,                   0,             0.68305,             0.41994,             0.46787,             0.16012,            0.050223,            0.010795,            0.016516,             0.11523,                   0,             0.00475,             0.00475,             0.00475
                 177,            0.028636,            0.010017,            0.013399,            0.098247,                   0,             0.78131,             0.40742,             0.47064,             0.16275,            0.050832,            0.010998,            0.016797,             0.11829,                   0,             0.00472,             0.00472,             0.00472
                 178,             0.02914,            0.010043,            0.013388,            0.095118,                   0,             0.56908,             0.41438,             0.44791,             0.17504,            0.051803,            0.010985,            0.016772,             0.12073,                   0,             0.00469,             0.00469,             0.00469
                 179,            0.029512,           0.0099781,            0.013178,            0.089322,                   0,             0.74894,             0.50851,             0.57738,             0.22303,            0.048291,            0.011024,            0.016641,             0.12207,                   0,             0.00466,             0.00466,             0.00466
                 180,            0.029316,            0.010125,            0.013497,            0.090256,                   0,             0.79955,             0.46802,             0.51329,             0.18886,            0.049444,            0.010952,            0.016797,             0.12091,                   0,             0.00463,             0.00463,             0.00463
                 181,            0.028826,            0.010064,            0.013396,              0.1028,                   0,             0.69398,             0.47147,             0.51199,             0.18835,            0.051878,            0.010844,            0.016547,             0.11829,                   0,              0.0046,              0.0046,              0.0046
                 182,            0.028971,            0.010055,            0.013243,            0.091636,                   0,               0.415,             0.35388,              0.3563,             0.10905,            0.049055,            0.010934,            0.016455,             0.11761,                   0,             0.00457,             0.00457,             0.00457
                 183,             0.02798,            0.010005,            0.013402,            0.098438,                   0,             0.71923,             0.38091,             0.39465,             0.12239,            0.050102,            0.010989,            0.016705,             0.12817,                   0,             0.00454,             0.00454,             0.00454
                 184,            0.027923,           0.0099525,            0.013314,            0.091845,                   0,             0.66809,             0.33509,             0.35909,              0.1142,            0.051668,            0.010987,            0.016278,             0.12598,                   0,             0.00451,             0.00451,             0.00451
                 185,            0.028122,           0.0099958,             0.01332,            0.097843,                   0,             0.76583,             0.38883,             0.40991,              0.1305,            0.049166,            0.010837,            0.016183,             0.12042,                   0,             0.00448,             0.00448,             0.00448
                 186,            0.028411,           0.0099606,            0.013262,             0.10176,                   0,             0.56103,             0.42098,             0.43846,             0.14909,            0.050169,            0.010908,            0.016455,             0.11859,                   0,             0.00445,             0.00445,             0.00445
                 187,             0.02865,           0.0099089,            0.013231,            0.088873,                   0,             0.46517,              0.3893,             0.37636,             0.12072,            0.050095,            0.010881,            0.016446,             0.11578,                   0,             0.00442,             0.00442,             0.00442
                 188,            0.027565,           0.0099274,            0.013211,            0.087002,                   0,             0.81675,             0.42878,             0.47202,             0.15425,            0.049936,            0.010816,            0.016492,             0.11389,                   0,             0.00439,             0.00439,             0.00439
                 189,            0.026881,           0.0098469,            0.013155,            0.089258,                   0,              0.7834,             0.48947,             0.53788,             0.17554,             0.04968,             0.01096,            0.016736,             0.11511,                   0,             0.00436,             0.00436,             0.00436
                 190,            0.026827,           0.0098379,            0.013221,            0.081508,                   0,             0.74556,             0.47057,             0.52705,             0.17457,              0.0498,            0.010906,            0.016913,             0.10779,                   0,             0.00433,             0.00433,             0.00433
                 191,            0.027945,           0.0099386,            0.013269,            0.084863,                   0,             0.74219,              0.6144,             0.62972,             0.21702,             0.04816,            0.010739,            0.016437,             0.10516,                   0,              0.0043,              0.0043,              0.0043
                 192,            0.027561,           0.0098821,            0.013213,            0.094877,                   0,             0.76642,             0.58043,             0.62935,             0.22169,            0.051272,             0.01094,            0.016763,             0.11578,                   0,             0.00427,             0.00427,             0.00427
                 193,            0.025918,            0.009839,            0.013222,            0.090015,                   0,             0.68827,             0.52243,             0.53571,             0.18889,            0.050201,            0.010818,            0.016431,              0.1134,                   0,             0.00424,             0.00424,             0.00424
                 194,            0.026919,           0.0098879,            0.013335,            0.092914,                   0,             0.62888,             0.46565,             0.46693,             0.13496,            0.050699,            0.011089,            0.016687,             0.12274,                   0,             0.00421,             0.00421,             0.00421
                 195,            0.028131,           0.0098296,            0.013262,            0.082835,                   0,             0.58878,              0.5017,             0.47626,             0.16709,            0.049236,            0.010948,            0.016489,             0.11243,                   0,             0.00418,             0.00418,             0.00418
                 196,            0.027589,           0.0098797,            0.013335,            0.091376,                   0,             0.66833,             0.54046,             0.54294,             0.18238,            0.049352,            0.010969,             0.01665,             0.11987,                   0,             0.00415,             0.00415,             0.00415
                 197,             0.02674,           0.0098412,            0.013312,            0.089548,                   0,             0.61373,             0.49363,             0.48823,              0.1646,            0.050687,            0.011116,            0.016833,             0.12891,                   0,             0.00412,             0.00412,             0.00412
                 198,            0.026843,           0.0098415,            0.013321,            0.089554,                   0,             0.67693,             0.55889,             0.59588,             0.19947,            0.049595,            0.010969,            0.016663,             0.12341,                   0,             0.00409,             0.00409,             0.00409
                 199,            0.025739,           0.0097727,            0.013241,            0.086335,                   0,             0.77941,             0.55919,             0.58248,              0.1871,            0.049719,             0.01115,            0.016815,             0.12378,                   0,             0.00406,             0.00406,             0.00406
                 200,            0.027272,            0.009863,            0.013316,            0.090692,                   0,             0.67431,             0.49262,             0.53327,             0.16083,            0.049093,            0.011124,            0.016605,             0.11041,                   0,             0.00403,             0.00403,             0.00403
                 201,             0.02827,           0.0097793,             0.01332,            0.087164,                   0,             0.72813,             0.55783,             0.59644,             0.21258,             0.05099,            0.010926,             0.01644,             0.10779,                   0,               0.004,               0.004,               0.004
                 202,            0.026266,           0.0097883,            0.013293,            0.080244,                   0,             0.81434,             0.57187,             0.62475,             0.21802,             0.04927,            0.011092,            0.016647,             0.11572,                   0,             0.00397,             0.00397,             0.00397
                 203,              0.0266,           0.0097486,            0.013188,             0.07916,                   0,             0.81055,             0.57848,             0.61711,             0.24982,            0.049893,            0.011095,            0.016696,              0.1095,                   0,             0.00394,             0.00394,             0.00394
                 204,            0.026055,           0.0097307,            0.013237,            0.084703,                   0,             0.85166,             0.53549,             0.61103,             0.22458,            0.049168,            0.011255,            0.016833,             0.11206,                   0,             0.00391,             0.00391,             0.00391
                 205,            0.025625,           0.0096438,            0.013136,            0.079916,                   0,             0.73297,             0.60303,             0.60789,             0.20856,            0.048782,            0.010997,            0.016513,             0.11334,                   0,             0.00388,             0.00388,             0.00388
                 206,            0.026232,           0.0097447,            0.013248,            0.087226,                   0,             0.73521,             0.47117,             0.50859,             0.19445,            0.049091,            0.010973,            0.016678,             0.11523,                   0,             0.00385,             0.00385,             0.00385
                 207,            0.025883,           0.0097533,             0.01329,             0.07928,                   0,             0.75916,             0.51715,             0.53743,             0.20127,            0.049191,            0.011018,            0.016937,             0.12012,                   0,             0.00382,             0.00382,             0.00382
                 208,            0.026718,           0.0098076,            0.013126,            0.085501,                   0,             0.62902,             0.55666,             0.56995,              0.1944,            0.048768,            0.010995,            0.016882,             0.11841,                   0,             0.00379,             0.00379,             0.00379
                 209,             0.02578,           0.0096924,            0.013243,            0.078075,                   0,             0.56943,             0.42401,             0.43864,             0.15229,            0.050555,            0.011222,            0.017252,             0.10272,                   0,             0.00376,             0.00376,             0.00376
                 210,            0.025541,            0.009671,            0.013236,            0.075354,                   0,             0.78335,             0.49186,             0.55362,             0.19307,            0.050259,             0.01111,            0.017014,             0.10107,                   0,             0.00373,             0.00373,             0.00373
                 211,            0.025367,           0.0096358,            0.013325,            0.079906,                   0,             0.72236,             0.52951,             0.58649,             0.19457,            0.049564,            0.011168,            0.016913,             0.11359,                   0,              0.0037,              0.0037,              0.0037
                 212,            0.026619,           0.0096997,            0.013147,            0.087827,                   0,             0.74298,             0.57775,             0.56579,             0.17349,            0.049377,            0.011166,            0.017081,              0.1261,                   0,             0.00367,             0.00367,             0.00367
                 213,            0.025278,           0.0096448,            0.013216,            0.080905,                   0,             0.69784,             0.52537,             0.51234,             0.18054,            0.049748,            0.010982,            0.016788,             0.11023,                   0,             0.00364,             0.00364,             0.00364
                 214,             0.02535,           0.0096784,            0.013213,            0.078733,                   0,             0.77784,              0.5704,             0.58899,              0.2119,            0.049232,            0.011035,            0.016458,             0.11401,                   0,             0.00361,             0.00361,             0.00361
                 215,            0.025399,           0.0096801,            0.013345,            0.095507,                   0,             0.82367,             0.63295,             0.63167,             0.23638,            0.049933,            0.011134,            0.016797,              0.1109,                   0,             0.00358,             0.00358,             0.00358
                 216,             0.02514,           0.0096928,            0.013257,            0.093843,                   0,             0.78431,             0.66841,             0.69665,             0.27561,              0.0495,            0.011176,            0.016666,             0.11444,                   0,             0.00355,             0.00355,             0.00355
                 217,            0.025164,           0.0096693,            0.013312,            0.091012,                   0,             0.78354,              0.6239,             0.69409,             0.24791,            0.049528,            0.011143,            0.016885,             0.12048,                   0,             0.00352,             0.00352,             0.00352
                 218,            0.026944,           0.0096725,            0.013257,            0.085756,                   0,             0.70358,             0.63939,             0.63859,             0.22333,            0.048901,            0.010923,            0.016711,             0.12469,                   0,             0.00349,             0.00349,             0.00349
                 219,            0.024843,           0.0096963,            0.013119,             0.08759,                   0,             0.63042,             0.52951,              0.5227,             0.16797,            0.048666,            0.010931,            0.016638,             0.10992,                   0,             0.00346,             0.00346,             0.00346
                 220,            0.024957,           0.0095471,            0.013136,            0.080424,                   0,             0.68719,             0.64046,             0.63246,             0.21395,            0.049285,            0.011063,             0.01698,             0.10394,                   0,             0.00343,             0.00343,             0.00343
                 221,            0.024715,           0.0095753,            0.013241,            0.084038,                   0,             0.81635,             0.65884,             0.69317,             0.25681,            0.050752,            0.011161,            0.017245,             0.10828,                   0,              0.0034,              0.0034,              0.0034
                 222,            0.026054,           0.0096925,            0.013338,            0.077244,                   0,              0.7483,             0.65817,              0.6768,             0.23246,            0.049462,            0.011121,            0.017108,             0.11353,                   0,             0.00337,             0.00337,             0.00337
                 223,            0.025478,           0.0096296,            0.013271,            0.091298,                   0,             0.73343,             0.63002,             0.66848,             0.23287,            0.048601,            0.011058,            0.016827,             0.10895,                   0,             0.00334,             0.00334,             0.00334
                 224,            0.024266,           0.0095755,            0.013176,            0.085895,                   0,             0.84801,              0.5067,             0.54079,             0.18395,            0.049332,            0.011051,            0.016644,             0.10651,                   0,             0.00331,             0.00331,             0.00331
                 225,            0.024067,           0.0095957,            0.013173,            0.086397,                   0,             0.80617,             0.65545,             0.66611,             0.25967,            0.048833,            0.011103,             0.01691,               0.117,                   0,             0.00328,             0.00328,             0.00328
                 226,            0.024583,           0.0095549,            0.013164,            0.076856,                   0,             0.80392,             0.70576,             0.72314,             0.28713,            0.048754,            0.011321,            0.017172,             0.10913,                   0,             0.00325,             0.00325,             0.00325
                 227,            0.023781,           0.0095547,            0.013237,              0.0801,                   0,             0.79932,             0.67618,             0.70149,             0.26507,            0.048716,             0.01118,            0.016873,             0.10846,                   0,             0.00322,             0.00322,             0.00322
                 228,            0.024812,           0.0095308,            0.013112,            0.075107,                   0,             0.78729,             0.65372,             0.67177,             0.26346,            0.049495,            0.011097,            0.017062,             0.11237,                   0,             0.00319,             0.00319,             0.00319
                 229,            0.023913,           0.0095222,             0.01325,             0.08075,                   0,              0.8439,              0.6676,             0.69852,             0.26429,            0.048475,            0.011032,            0.016916,             0.11023,                   0,             0.00316,             0.00316,             0.00316
                 230,            0.024152,           0.0094843,            0.013172,            0.072307,                   0,             0.77234,             0.64877,             0.64847,             0.23075,            0.048673,            0.011114,            0.016922,              0.1048,                   0,             0.00313,             0.00313,             0.00313
                 231,            0.024258,           0.0095555,            0.013231,            0.081989,                   0,             0.80704,             0.70898,             0.72109,             0.27084,            0.049572,            0.011129,            0.016769,              0.1123,                   0,              0.0031,              0.0031,              0.0031
                 232,            0.023295,           0.0094626,            0.013167,            0.079008,                   0,             0.82019,             0.71264,             0.72277,             0.25979,            0.050421,            0.011372,            0.017029,              0.1015,                   0,             0.00307,             0.00307,             0.00307
                 233,            0.023324,            0.009442,            0.013236,            0.083233,                   0,             0.82738,             0.65604,             0.67757,             0.24441,            0.051394,            0.011443,            0.017288,            0.099426,                   0,             0.00304,             0.00304,             0.00304
                 234,            0.024453,           0.0094767,             0.01319,            0.079507,                   0,             0.75579,             0.62298,             0.63975,             0.23627,            0.049718,            0.011335,            0.017062,             0.11371,                   0,             0.00301,             0.00301,             0.00301
                 235,             0.02465,           0.0095319,            0.013212,            0.071552,                   0,              0.7906,             0.69528,             0.66858,             0.24542,            0.049654,            0.011163,            0.016711,             0.12299,                   0,             0.00298,             0.00298,             0.00298
                 236,            0.024136,           0.0094769,            0.013121,            0.077144,                   0,             0.74674,             0.64397,             0.66565,             0.24471,            0.048764,             0.01111,            0.017004,             0.11914,                   0,             0.00295,             0.00295,             0.00295
                 237,            0.023101,           0.0094218,            0.013119,            0.077621,                   0,             0.79067,             0.72477,             0.70388,             0.28957,            0.049641,            0.011253,            0.016989,             0.11896,                   0,             0.00292,             0.00292,             0.00292
                 238,            0.024243,           0.0094859,            0.013217,            0.084442,                   0,              0.8135,             0.71338,              0.7125,             0.28471,            0.049375,            0.011276,             0.01691,             0.11676,                   0,             0.00289,             0.00289,             0.00289
                 239,            0.022801,           0.0094696,            0.013185,            0.079665,                   0,             0.79703,             0.65649,             0.67863,             0.26219,              0.0499,            0.011316,            0.017053,             0.10962,                   0,             0.00286,             0.00286,             0.00286
                 240,            0.023397,           0.0094069,            0.013127,            0.073556,                   0,             0.79935,             0.67901,             0.70192,             0.25942,             0.04936,            0.011474,            0.017291,             0.10608,                   0,             0.00283,             0.00283,             0.00283
                 241,            0.023963,           0.0094513,             0.01315,            0.079355,                   0,             0.79083,             0.63191,             0.63436,             0.26276,            0.050995,             0.01139,            0.017258,             0.10455,                   0,              0.0028,              0.0028,              0.0028
                 242,            0.025031,           0.0094461,             0.01317,            0.084704,                   0,             0.79065,             0.72248,             0.69283,             0.27001,            0.049092,            0.011245,            0.016925,            0.099548,                   0,             0.00277,             0.00277,             0.00277
                 243,            0.023686,           0.0094707,            0.013323,            0.073967,                   0,             0.80253,             0.67936,             0.69333,             0.27787,            0.049826,            0.011288,             0.01712,             0.11017,                   0,             0.00274,             0.00274,             0.00274
                 244,            0.023235,           0.0094098,            0.013202,            0.078919,                   0,             0.82756,             0.66571,             0.68819,             0.26691,            0.050586,            0.011432,            0.017209,             0.12134,                   0,             0.00271,             0.00271,             0.00271
                 245,            0.023183,           0.0094846,            0.013149,            0.075231,                   0,             0.80417,             0.68723,             0.71987,             0.27338,            0.048894,            0.011274,            0.016977,             0.11206,                   0,             0.00268,             0.00268,             0.00268
                 246,            0.023617,           0.0093937,            0.013116,            0.083501,                   0,             0.79538,             0.73229,             0.71825,               0.296,            0.049677,            0.011071,            0.016788,             0.11597,                   0,             0.00265,             0.00265,             0.00265
                 247,            0.023361,           0.0094442,            0.013179,            0.074734,                   0,             0.80727,             0.69916,             0.69698,             0.28473,            0.049879,             0.01128,            0.016977,             0.11322,                   0,             0.00262,             0.00262,             0.00262
                 248,            0.022853,           0.0093221,            0.013138,            0.086547,                   0,             0.86481,              0.6353,             0.66112,             0.25203,            0.049959,            0.011466,            0.017294,             0.12061,                   0,             0.00259,             0.00259,             0.00259
                 249,            0.023361,           0.0094148,            0.013253,            0.082272,                   0,             0.82127,             0.71813,             0.71002,              0.2849,            0.049578,            0.011298,            0.017078,             0.11395,                   0,             0.00256,             0.00256,             0.00256
                 250,            0.021416,           0.0093553,            0.013186,            0.081154,                   0,             0.81501,             0.67843,             0.70181,             0.24884,            0.050738,            0.011351,            0.017053,             0.11774,                   0,             0.00253,             0.00253,             0.00253
                 251,            0.023593,           0.0094026,            0.013153,            0.080034,                   0,             0.84062,             0.69686,             0.73516,             0.27081,            0.051208,            0.011425,             0.01712,             0.11761,                   0,              0.0025,              0.0025,              0.0025
                 252,            0.024954,           0.0094094,            0.013189,            0.085857,                   0,             0.82385,             0.73421,             0.72627,             0.26315,            0.050326,            0.011393,            0.017105,             0.12311,                   0,             0.00247,             0.00247,             0.00247
                 253,            0.022166,           0.0093817,             0.01308,            0.074656,                   0,             0.78979,             0.69571,             0.70694,             0.27616,            0.049079,            0.011282,            0.016876,             0.13245,                   0,             0.00244,             0.00244,             0.00244
                 254,            0.021701,           0.0092942,            0.013175,            0.082467,                   0,             0.82144,             0.69097,             0.69572,             0.27799,             0.04927,            0.011348,            0.017175,             0.12408,                   0,             0.00241,             0.00241,             0.00241
                 255,            0.021891,           0.0093619,            0.013249,             0.07919,                   0,             0.80223,             0.70203,                0.68,             0.24496,             0.05115,             0.01144,            0.017352,             0.12006,                   0,             0.00238,             0.00238,             0.00238
                 256,            0.022287,           0.0093604,            0.013159,            0.073558,                   0,              0.8605,              0.7598,             0.74632,             0.29047,            0.049364,            0.011359,            0.016983,             0.12115,                   0,             0.00235,             0.00235,             0.00235
                 257,            0.020961,           0.0092674,             0.01316,            0.078634,                   0,             0.84518,             0.73395,             0.73711,             0.28105,            0.049113,            0.011356,            0.017035,             0.11884,                   0,             0.00232,             0.00232,             0.00232
                 258,            0.022409,           0.0092747,            0.013134,            0.075993,                   0,             0.81712,             0.71007,             0.72763,             0.29013,            0.049025,            0.011419,            0.017319,             0.12128,                   0,             0.00229,             0.00229,             0.00229
                 259,            0.022065,           0.0092631,            0.013085,             0.07137,                   0,             0.82896,             0.69688,             0.70504,             0.27974,            0.049659,            0.011628,            0.017395,             0.12274,                   0,             0.00226,             0.00226,             0.00226
                 260,             0.02212,           0.0093163,            0.013129,             0.07831,                   0,             0.86826,             0.72012,              0.7302,             0.27632,            0.049878,            0.011562,            0.017343,             0.12262,                   0,             0.00223,             0.00223,             0.00223
                 261,            0.020752,           0.0092211,            0.013191,             0.07938,                   0,             0.83703,             0.69868,             0.72083,              0.2792,            0.049013,            0.011445,            0.017453,             0.12067,                   0,              0.0022,              0.0022,              0.0022
                 262,            0.022417,           0.0093087,            0.013181,            0.082207,                   0,             0.82032,             0.67555,             0.69227,             0.27429,            0.049249,            0.011414,             0.01731,              0.1178,                   0,             0.00217,             0.00217,             0.00217
                 263,            0.020966,            0.009237,            0.013169,            0.078728,                   0,             0.81698,             0.76204,             0.75083,             0.29236,            0.049558,            0.011338,            0.017194,             0.11639,                   0,             0.00214,             0.00214,             0.00214
                 264,            0.021225,            0.009276,            0.013202,            0.071868,                   0,             0.84306,             0.72273,             0.73347,             0.26463,            0.050972,            0.011582,             0.01774,             0.11505,                   0,             0.00211,             0.00211,             0.00211
                 265,             0.02208,           0.0092758,            0.013169,            0.083903,                   0,             0.81097,             0.71302,             0.70901,             0.28215,            0.050586,            0.011524,            0.017426,             0.11914,                   0,             0.00208,             0.00208,             0.00208
                 266,             0.02108,           0.0092772,            0.013114,            0.080195,                   0,             0.82242,             0.72089,             0.72546,             0.28998,            0.049415,            0.011404,            0.017392,             0.12006,                   0,             0.00205,             0.00205,             0.00205
                 267,            0.020566,            0.009201,            0.013155,            0.076077,                   0,             0.84838,             0.77154,             0.78116,             0.30836,            0.048836,            0.011406,            0.017126,             0.11652,                   0,             0.00202,             0.00202,             0.00202
                 268,            0.021059,           0.0091881,             0.01308,            0.072495,                   0,             0.83948,              0.7265,             0.74314,             0.30199,            0.048952,             0.01134,             0.01723,             0.11871,                   0,             0.00199,             0.00199,             0.00199
                 269,            0.022114,           0.0092611,             0.01311,            0.072755,                   0,             0.86571,             0.75298,             0.76814,             0.28689,            0.049173,            0.011269,            0.017111,             0.11993,                   0,             0.00196,             0.00196,             0.00196
                 270,             0.02354,           0.0093673,            0.013355,            0.080208,                   0,              0.8474,             0.75332,             0.74668,             0.29117,            0.049611,            0.011361,             0.01723,              0.1181,                   0,             0.00193,             0.00193,             0.00193
                 271,            0.022411,           0.0093177,            0.013172,            0.080211,                   0,             0.81879,             0.70464,             0.72401,             0.28093,             0.05142,            0.011351,            0.017294,             0.10846,                   0,              0.0019,              0.0019,              0.0019
                 272,            0.022077,           0.0092869,            0.013152,            0.076854,                   0,             0.84752,             0.79136,             0.78805,             0.30831,            0.049223,            0.011288,            0.017206,             0.10626,                   0,             0.00187,             0.00187,             0.00187
                 273,            0.021041,            0.009174,            0.013102,            0.074118,                   0,             0.79772,             0.72815,             0.74303,             0.30277,            0.048701,            0.011385,            0.017218,             0.10809,                   0,             0.00184,             0.00184,             0.00184
                 274,            0.021329,           0.0092691,            0.013198,            0.077268,                   0,             0.80446,             0.72586,             0.73129,             0.29851,            0.049616,            0.011387,              0.0173,             0.11536,                   0,             0.00181,             0.00181,             0.00181
                 275,            0.020813,           0.0092134,            0.013159,            0.076936,                   0,             0.85778,             0.72654,             0.74482,             0.31268,            0.048578,            0.011435,            0.017487,             0.11279,                   0,             0.00178,             0.00178,             0.00178
                 276,            0.020977,           0.0091944,            0.013152,            0.078862,                   0,              0.8353,             0.74203,             0.73323,             0.30391,            0.050299,            0.011461,            0.017627,             0.11584,                   0,             0.00175,             0.00175,             0.00175
                 277,            0.020291,           0.0091546,            0.013087,            0.076978,                   0,             0.78545,             0.73053,             0.72351,             0.29318,            0.050228,            0.011338,            0.017334,             0.11096,                   0,             0.00172,             0.00172,             0.00172
                 278,            0.020951,           0.0091559,            0.013037,            0.069376,                   0,             0.81767,              0.7549,             0.72497,             0.29834,            0.049234,            0.011338,            0.017255,             0.11517,                   0,             0.00169,             0.00169,             0.00169
                 279,            0.019632,           0.0091424,             0.01318,             0.07903,                   0,             0.83826,             0.72792,             0.73869,             0.29808,            0.050609,             0.01144,            0.017355,              0.1156,                   0,             0.00166,             0.00166,             0.00166
                 280,            0.019902,             0.00919,            0.013144,            0.073201,                   0,             0.81559,             0.74792,             0.72344,             0.27768,            0.049992,            0.011533,            0.017395,             0.10846,                   0,             0.00163,             0.00163,             0.00163
                 281,            0.020392,           0.0091455,            0.013078,            0.077902,                   0,              0.8542,             0.70597,             0.69685,             0.26709,            0.050261,            0.011611,            0.017609,             0.10754,                   0,              0.0016,              0.0016,              0.0016
                 282,            0.020584,           0.0091398,            0.013088,            0.077084,                   0,             0.81772,             0.72804,             0.72457,             0.29709,            0.049501,            0.011421,            0.017419,             0.10919,                   0,             0.00157,             0.00157,             0.00157
                 283,            0.021618,           0.0091792,            0.013128,            0.081162,                   0,             0.81221,             0.73716,             0.71493,             0.29377,            0.050486,            0.011351,            0.017374,             0.11609,                   0,             0.00154,             0.00154,             0.00154
                 284,            0.020458,           0.0091449,            0.013104,            0.075151,                   0,             0.81861,             0.72019,             0.69969,             0.29267,            0.048576,            0.011337,            0.017368,             0.12115,                   0,             0.00151,             0.00151,             0.00151
                 285,             0.02046,           0.0091389,            0.013126,            0.079758,                   0,             0.86056,             0.75344,             0.74523,             0.31514,            0.049032,            0.011459,            0.017413,             0.12793,                   0,             0.00148,             0.00148,             0.00148
                 286,            0.018933,           0.0090287,             0.01316,            0.085597,                   0,             0.83245,             0.75917,             0.74962,               0.311,             0.04882,             0.01148,            0.017377,             0.11963,                   0,             0.00145,             0.00145,             0.00145
                 287,            0.020328,           0.0091468,            0.013135,            0.073991,                   0,             0.84658,             0.71651,             0.72497,             0.29208,            0.049488,            0.011541,            0.017413,             0.10687,                   0,             0.00142,             0.00142,             0.00142
                 288,            0.021244,           0.0091134,            0.013139,            0.082442,                   0,             0.86282,              0.7553,             0.74987,               0.303,            0.049679,            0.011612,            0.017517,             0.11121,                   0,             0.00139,             0.00139,             0.00139
                 289,            0.019717,           0.0091037,            0.013094,            0.081167,                   0,             0.85255,             0.73905,             0.74818,             0.31042,            0.049661,            0.011541,            0.017633,             0.11584,                   0,             0.00136,             0.00136,             0.00136
                 290,             0.01881,           0.0090789,            0.013161,            0.077769,                   0,             0.84334,             0.73515,             0.75807,             0.31247,             0.04897,            0.011514,            0.017654,             0.11914,                   0,             0.00133,             0.00133,             0.00133
                 291,            0.019826,           0.0091034,            0.013063,            0.075621,                   0,             0.83667,             0.71671,             0.73082,             0.30481,            0.049115,            0.011582,            0.017615,             0.11639,                   0,              0.0013,              0.0013,              0.0013
                 292,            0.018511,           0.0089926,            0.013053,            0.073657,                   0,             0.82422,             0.72726,             0.74654,             0.30055,            0.049335,            0.011525,            0.017474,             0.11578,                   0,             0.00127,             0.00127,             0.00127
                 293,            0.019036,           0.0090407,            0.013118,            0.076237,                   0,             0.85803,             0.73693,              0.7553,             0.29554,            0.049553,             0.01164,            0.017636,             0.11432,                   0,             0.00124,             0.00124,             0.00124
                 294,            0.018571,           0.0090106,            0.013133,            0.076008,                   0,             0.83569,             0.73055,             0.73928,             0.31219,            0.049862,            0.011666,             0.01767,             0.10339,                   0,             0.00121,             0.00121,             0.00121
                 295,            0.018826,           0.0090037,            0.013105,            0.081866,                   0,             0.88521,             0.73163,               0.754,             0.30849,            0.049291,            0.011632,            0.017621,              0.1098,                   0,             0.00118,             0.00118,             0.00118
                 296,            0.018764,           0.0090443,            0.013092,             0.07824,                   0,               0.846,             0.77335,             0.78545,             0.30564,            0.050005,            0.011627,            0.017697,             0.11707,                   0,             0.00115,             0.00115,             0.00115
                 297,            0.018427,           0.0090652,            0.013164,            0.081669,                   0,             0.87702,              0.7998,             0.79646,             0.29557,            0.049382,            0.011608,            0.017542,              0.1181,                   0,             0.00112,             0.00112,             0.00112
                 298,            0.020143,           0.0090393,            0.013042,              0.0726,                   0,              0.8341,              0.7623,             0.75057,             0.29002,            0.049326,            0.011641,            0.017609,             0.11438,                   0,             0.00109,             0.00109,             0.00109
                 299,            0.020657,           0.0090738,            0.013035,            0.071066,                   0,             0.86584,             0.78408,             0.77253,             0.30402,            0.049599,            0.011659,            0.017633,             0.11224,                   0,             0.00106,             0.00106,             0.00106
