               epoch,      train/box_loss,      train/obj_loss,      train/cls_loss, train/cls_task_loss,train/constraint_loss,   metrics/precision,      metrics/recall,     metrics/mAP_0.5,metrics/mAP_0.5:0.95,        val/box_loss,        val/obj_loss,        val/cls_loss,   val/cls_task_loss, val/constraint_loss,               x/lr0,               x/lr1,               x/lr2
                   0,             0.11227,            0.014284,            0.052748,               1.173,                   0,                   0,                   0,                   0,                   0,             0.11515,            0.011536,            0.054443,              1.1514,                   0,              0.0937,              0.0007,              0.0007
                   1,             0.11188,            0.014318,              0.0527,              1.1764,                   0,                   0,                   0,                   0,                   0,             0.11514,            0.011537,            0.054175,              1.1572,                   0,            0.086496,           0.0014955,           0.0014955
                   2,             0.11217,            0.014261,            0.052911,              1.1624,                   0,          9.0401e-05,            0.048246,           5.518e-05,          1.1444e-05,             0.11501,            0.011525,            0.054407,              1.1514,                   0,            0.079286,           0.0022862,           0.0022862
                   3,              0.1123,            0.014298,            0.052518,              1.1576,                   0,          9.0401e-05,            0.048246,          6.0673e-05,          1.3088e-05,             0.11377,            0.011693,            0.054211,               1.165,                   0,            0.072072,           0.0030721,           0.0030721
                   4,             0.11132,            0.014343,            0.052183,               1.174,                   0,          9.0401e-05,            0.048246,           5.412e-05,          1.0802e-05,             0.11324,            0.011743,            0.053845,               1.168,                   0,            0.064853,           0.0038532,           0.0038532
                   5,             0.11059,            0.014468,            0.052098,              1.1636,                   0,          9.0401e-05,            0.048246,          5.9559e-05,          1.1831e-05,             0.11265,            0.011815,            0.053394,              1.1436,                   0,             0.05763,           0.0046295,           0.0046295
                   6,             0.11032,            0.014484,            0.052297,              1.1451,                   0,          9.0401e-05,            0.048246,          5.4763e-05,          1.1462e-05,             0.11178,            0.011916,            0.053394,              1.1475,                   0,            0.050401,            0.005401,            0.005401
                   7,             0.11017,            0.014476,            0.051537,              1.1466,                   0,          0.00017161,             0.10594,          0.00010706,          1.8341e-05,             0.11099,            0.011975,            0.052454,              1.1396,                   0,            0.043168,           0.0061677,           0.0061677
                   8,             0.10858,             0.01468,            0.051477,              1.1439,                   0,          0.00020683,              0.1444,          0.00013818,          2.4133e-05,             0.10954,            0.012174,              0.0526,              1.1445,                   0,             0.03593,           0.0069296,           0.0069296
                   9,             0.10794,            0.014803,            0.050993,              1.1326,                   0,          0.00013047,            0.076248,          8.2214e-05,          1.6918e-05,             0.10848,            0.012293,            0.051477,              1.1426,                   0,            0.028687,           0.0076867,           0.0076867
                  10,             0.10698,             0.01485,            0.050369,              1.1339,                   0,          0.00013043,            0.076248,          8.1838e-05,          1.5666e-05,             0.10735,            0.012407,            0.050964,              1.1396,                   0,            0.021439,            0.008439,            0.008439
                  11,             0.10621,            0.014936,            0.049881,              1.1284,                   0,          0.00018341,              0.1191,          0.00012278,          2.2639e-05,             0.10612,            0.012425,            0.050793,              1.1328,                   0,            0.014186,           0.0091865,           0.0091865
                  12,             0.10477,            0.015041,            0.049228,              1.1236,                   0,          0.00018738,              0.1191,          0.00012151,          2.5266e-05,             0.10464,            0.012591,            0.050049,              1.1299,                   0,             0.00964,             0.00964,             0.00964
                  13,             0.10376,            0.015069,            0.048646,              1.1114,                   0,          0.00028491,             0.20479,          0.00021028,          3.8767e-05,             0.10393,            0.012647,            0.049902,              1.1123,                   0,             0.00964,             0.00964,             0.00964
                  14,              0.1033,            0.015117,            0.048629,              1.1142,                   0,          0.00015428,            0.089406,          0.00010367,          2.0373e-05,             0.10309,            0.012683,            0.049304,              1.1094,                   0,             0.00961,             0.00961,             0.00961
                  15,             0.10194,            0.015248,            0.047782,              1.1062,                   0,          0.00013151,            0.070175,          9.4023e-05,          2.0686e-05,             0.10164,             0.01289,            0.048303,              1.1084,                   0,             0.00958,             0.00958,             0.00958
                  16,             0.10102,            0.015332,            0.047841,              1.1057,                   0,          0.00014264,            0.074561,          0.00010022,          2.1127e-05,             0.10114,            0.012881,            0.047852,              1.0957,                   0,             0.00955,             0.00955,             0.00955
                  17,             0.10052,             0.01538,            0.047285,              1.0999,                   0,          0.00015083,            0.074561,          0.00010051,          2.1179e-05,            0.099611,            0.013077,            0.047473,              1.0986,                   0,             0.00952,             0.00952,             0.00952
                  18,            0.099133,            0.015501,            0.046967,              1.0975,                   0,          0.00015236,            0.065789,          9.9283e-05,          1.8648e-05,            0.097885,            0.013293,            0.046851,              1.0938,                   0,             0.00949,             0.00949,             0.00949
                  19,            0.098462,            0.015587,            0.046497,               1.099,                   0,          0.00015968,            0.066878,           0.0001003,           2.132e-05,            0.096693,            0.013401,            0.046863,              1.0889,                   0,             0.00946,             0.00946,             0.00946
                  20,            0.097518,              0.0157,             0.04664,              1.0973,                   0,           0.0002305,            0.085726,          0.00021164,          4.3555e-05,            0.095252,            0.013521,             0.04668,               1.083,                   0,             0.00943,             0.00943,             0.00943
                  21,            0.096033,            0.015807,            0.046352,              1.0936,                   0,          0.00035286,             0.15331,          0.00036407,          8.1076e-05,            0.094132,            0.013625,            0.046375,               1.084,                   0,              0.0094,              0.0094,              0.0094
                  22,            0.096038,            0.015835,            0.046366,              1.0856,                   0,          0.00040916,             0.16208,          0.00030107,          6.9923e-05,            0.092801,            0.013791,            0.045911,               1.085,                   0,             0.00937,             0.00937,             0.00937
                  23,            0.094779,            0.015937,            0.045896,               1.079,                   0,           0.0004793,              0.1886,           0.0003634,          8.5017e-05,            0.091399,            0.013907,            0.045422,              1.0703,                   0,             0.00934,             0.00934,             0.00934
                  24,            0.092877,            0.016118,            0.045447,               1.075,                   0,          0.00055235,             0.20116,          0.00043905,          0.00010558,            0.088888,            0.014207,            0.044849,              1.0645,                   0,             0.00931,             0.00931,             0.00931
                  25,            0.091157,            0.016306,            0.045022,              1.0741,                   0,          0.00058433,             0.22417,          0.00046696,          0.00011541,            0.086132,            0.014533,            0.044336,              1.0547,                   0,             0.00928,             0.00928,             0.00928
                  26,             0.08933,            0.016519,            0.044582,                1.07,                   0,          0.00038279,             0.13087,          0.00035139,          8.5945e-05,             0.08338,            0.014883,            0.044202,              1.0479,                   0,             0.00925,             0.00925,             0.00925
                  27,            0.087598,            0.016654,            0.044521,              1.0675,                   0,             0.00114,             0.17174,            0.002055,          0.00044148,            0.081265,              0.0151,             0.04375,              1.0479,                   0,             0.00922,             0.00922,             0.00922
                  28,            0.085375,            0.016859,            0.044025,              1.0624,                   0,           0.0011657,             0.12808,           0.0056354,          0.00092045,            0.077934,            0.015422,            0.043201,              1.0303,                   0,             0.00919,             0.00919,             0.00919
                  29,            0.083042,            0.017039,            0.043443,              1.0556,                   0,           0.0040919,             0.22784,           0.0079647,           0.0013865,            0.076595,            0.015498,            0.042603,              1.0225,                   0,             0.00916,             0.00916,             0.00916
                  30,              0.0813,            0.017196,             0.04285,              1.0508,                   0,           0.0043438,             0.27826,            0.006777,           0.0012877,            0.074505,            0.015653,            0.042078,              1.0156,                   0,             0.00913,             0.00913,             0.00913
                  31,            0.078665,            0.017421,            0.042215,              1.0375,                   0,           0.0047684,             0.28804,            0.012973,           0.0040055,            0.073483,            0.015569,            0.040747,              1.0078,                   0,              0.0091,              0.0091,              0.0091
                  32,            0.076721,            0.017373,            0.041409,              1.0393,                   0,           0.0060384,             0.42021,            0.013396,           0.0034181,            0.072745,             0.01536,            0.039838,             0.99951,                   0,             0.00907,             0.00907,             0.00907
                  33,            0.075293,            0.017346,             0.04063,              1.0292,                   0,           0.0060327,             0.52826,            0.016224,           0.0038347,            0.070961,            0.015398,             0.03894,             0.99023,                   0,             0.00904,             0.00904,             0.00904
                  34,            0.073006,            0.017383,            0.039372,              1.0113,                   0,           0.0043414,             0.75998,            0.015636,            0.003993,            0.069345,            0.015285,             0.03725,             0.96338,                   0,             0.00901,             0.00901,             0.00901
                  35,            0.071618,            0.017162,            0.038242,             0.99144,                   0,             0.31549,             0.07506,            0.025063,            0.006392,            0.067723,            0.015198,            0.035669,             0.94727,                   0,             0.00898,             0.00898,             0.00898
                  36,            0.069093,            0.017089,            0.036876,             0.97557,                   0,             0.77657,            0.049242,            0.032255,           0.0089323,             0.06592,            0.015007,            0.034369,             0.91211,                   0,             0.00895,             0.00895,             0.00895
                  37,            0.068065,            0.016887,            0.035633,             0.96141,                   0,             0.78474,            0.041569,            0.031678,           0.0095474,            0.065792,            0.014775,             0.03313,             0.88672,                   0,             0.00892,             0.00892,             0.00892
                  38,            0.066185,            0.016817,            0.034649,             0.93914,                   0,             0.44489,             0.10028,            0.047968,            0.013882,            0.066614,            0.014425,            0.032245,             0.86084,                   0,             0.00889,             0.00889,             0.00889
                  39,            0.064722,            0.016623,            0.033342,             0.90317,                   0,             0.36028,              0.1553,            0.066032,            0.020684,            0.063976,             0.01452,            0.031012,             0.83496,                   0,             0.00886,             0.00886,             0.00886
                  40,            0.063606,            0.016571,            0.032469,             0.87572,                   0,             0.35035,             0.21701,            0.066672,            0.017457,            0.063389,             0.01446,            0.030481,             0.81055,                   0,             0.00883,             0.00883,             0.00883
                  41,            0.062676,            0.016358,            0.031186,             0.86884,                   0,             0.36014,             0.18349,             0.07062,            0.019909,            0.063211,            0.014202,            0.029736,              0.7876,                   0,              0.0088,              0.0088,              0.0088
                  42,            0.061119,            0.016189,            0.030065,             0.82762,                   0,             0.38286,             0.14694,            0.067528,            0.017626,            0.064889,            0.013866,            0.028864,             0.75586,                   0,             0.00877,             0.00877,             0.00877
                  43,            0.060811,            0.016036,            0.029106,             0.81304,                   0,             0.40183,             0.14314,            0.078548,            0.024364,            0.062245,            0.013888,             0.02818,             0.73438,                   0,             0.00874,             0.00874,             0.00874
                  44,             0.06006,             0.01593,            0.028253,              0.7834,                   0,             0.40818,             0.11749,            0.080538,            0.023703,            0.063839,            0.013648,            0.027094,             0.69824,                   0,             0.00871,             0.00871,             0.00871
                  45,            0.059299,            0.015801,            0.027052,             0.77142,                   0,             0.39726,            0.054825,            0.081696,            0.024906,             0.06079,            0.013745,            0.026215,             0.67529,                   0,             0.00868,             0.00868,             0.00868
                  46,            0.058408,             0.01558,            0.026354,             0.77069,                   0,             0.41432,             0.09312,            0.081539,            0.025281,              0.0604,            0.013583,            0.025287,               0.646,                   0,             0.00865,             0.00865,             0.00865
                  47,            0.058263,            0.015496,            0.025172,             0.73687,                   0,             0.79533,            0.041667,            0.084737,             0.02617,            0.063564,             0.01329,            0.024921,             0.62744,                   0,             0.00862,             0.00862,             0.00862
                  48,            0.057123,            0.015404,            0.023997,              0.6868,                   0,             0.43658,            0.062703,            0.079294,            0.027624,            0.063805,            0.013073,            0.023804,             0.57812,                   0,             0.00859,             0.00859,             0.00859
                  49,            0.057095,            0.015211,            0.023483,             0.66999,                   0,           0.0040646,             0.90482,             0.08713,            0.026221,             0.06151,            0.013187,            0.023651,             0.56787,                   0,             0.00856,             0.00856,             0.00856
                  50,            0.055794,            0.015165,            0.022253,             0.64305,                   0,             0.42151,             0.11463,            0.096946,            0.028048,            0.063182,            0.012934,            0.022577,             0.52051,                   0,             0.00853,             0.00853,             0.00853
                  51,             0.05592,            0.014986,            0.021417,             0.62421,                   0,           0.0044166,             0.91687,            0.084113,            0.021377,            0.060395,            0.012981,             0.02276,             0.50342,                   0,              0.0085,              0.0085,              0.0085
                  52,            0.054111,             0.01493,            0.020852,              0.5912,                   0,            0.043723,             0.25986,            0.077574,            0.021193,            0.060782,            0.012845,            0.022107,             0.50244,                   0,             0.00847,             0.00847,             0.00847
                  53,            0.054257,            0.014788,            0.020229,             0.56183,                   0,            0.060365,             0.21391,            0.077682,            0.019407,             0.05989,            0.012802,            0.021674,             0.45752,                   0,             0.00844,             0.00844,             0.00844
                  54,            0.053517,            0.014727,             0.01996,              0.5457,                   0,           0.0038618,             0.90461,            0.073643,            0.019008,            0.058424,            0.012826,            0.021002,             0.44482,                   0,             0.00841,             0.00841,             0.00841
                  55,            0.052749,            0.014675,            0.019335,             0.53303,                   0,           0.0037568,             0.89773,             0.06262,             0.01664,            0.058114,            0.012708,            0.020972,             0.43311,                   0,             0.00838,             0.00838,             0.00838
                  56,            0.053492,             0.01453,            0.018876,             0.48986,                   0,           0.0038728,             0.92574,            0.072305,            0.020246,            0.058439,            0.012634,            0.020862,             0.43945,                   0,             0.00835,             0.00835,             0.00835
                  57,            0.052098,            0.014419,            0.018247,             0.47534,                   0,             0.15529,            0.079493,            0.077595,            0.020953,            0.059752,              0.0124,             0.02049,             0.40796,                   0,             0.00832,             0.00832,             0.00832
                  58,            0.052052,            0.014416,            0.018142,             0.45246,                   0,             0.83102,            0.028409,            0.076535,            0.021159,            0.057636,            0.012413,            0.020026,             0.37573,                   0,             0.00829,             0.00829,             0.00829
                  59,            0.051269,             0.01427,            0.018133,             0.45097,                   0,            0.076294,             0.16307,            0.073527,            0.019322,            0.055849,            0.012441,             0.01994,             0.38379,                   0,             0.00826,             0.00826,             0.00826
                  60,            0.050855,            0.014113,            0.017464,             0.41099,                   0,            0.044942,             0.26274,            0.070378,            0.021523,            0.055678,            0.012473,            0.019385,             0.37451,                   0,             0.00823,             0.00823,             0.00823
                  61,            0.050299,            0.014029,            0.016962,             0.39596,                   0,            0.053281,             0.15041,            0.069009,            0.022492,            0.058683,             0.01213,            0.019055,             0.36523,                   0,              0.0082,              0.0082,              0.0082
                  62,            0.049695,            0.014022,            0.016855,             0.39859,                   0,             0.85783,            0.039773,            0.090501,            0.027619,            0.056175,            0.012225,            0.019089,             0.35352,                   0,             0.00817,             0.00817,             0.00817
                  63,            0.049666,            0.013835,            0.016658,             0.38878,                   0,             0.86521,            0.034091,            0.075863,            0.023039,            0.056448,            0.012197,            0.019073,             0.32837,                   0,             0.00814,             0.00814,             0.00814
                  64,            0.048637,            0.013762,            0.016301,             0.37293,                   0,             0.88175,            0.039773,             0.09196,            0.027604,            0.056984,            0.012062,            0.018823,             0.32153,                   0,             0.00811,             0.00811,             0.00811
                  65,            0.049255,            0.013716,            0.016128,             0.35423,                   0,             0.61703,            0.028409,            0.081069,            0.024995,            0.054774,            0.012112,            0.017972,             0.31519,                   0,             0.00808,             0.00808,             0.00808
                  66,            0.048588,            0.013511,            0.015784,             0.34472,                   0,             0.54878,            0.039773,            0.085027,            0.022641,            0.055467,            0.011972,            0.018057,             0.30981,                   0,             0.00805,             0.00805,             0.00805
                  67,            0.047332,            0.013573,            0.015682,             0.34253,                   0,             0.54428,            0.034091,            0.073537,            0.015062,            0.052813,            0.011967,            0.017712,             0.30103,                   0,             0.00802,             0.00802,             0.00802
                  68,            0.046902,            0.013408,            0.015373,             0.31719,                   0,             0.65065,            0.035985,             0.10017,            0.030748,            0.060362,            0.011583,            0.017786,             0.29102,                   0,             0.00799,             0.00799,             0.00799
                  69,            0.047289,            0.013265,            0.015392,             0.30909,                   0,             0.67113,             0.10095,            0.093738,            0.025815,            0.056092,            0.011707,            0.017697,             0.29907,                   0,             0.00796,             0.00796,             0.00796
                  70,            0.046209,            0.013179,            0.015128,             0.28921,                   0,             0.64444,            0.037354,            0.078031,            0.017851,            0.054277,            0.011743,            0.017712,             0.28198,                   0,             0.00793,             0.00793,             0.00793
                  71,            0.045681,            0.013072,            0.014892,             0.27385,                   0,             0.67104,            0.032197,            0.081885,            0.019022,            0.055317,            0.011796,            0.017972,              0.3042,                   0,              0.0079,              0.0079,              0.0079
                  72,            0.045846,            0.013117,             0.01547,             0.30373,                   0,             0.59788,            0.049242,             0.12169,            0.031873,            0.054559,             0.01159,            0.018121,             0.28467,                   0,             0.00787,             0.00787,             0.00787
                  73,            0.045603,             0.01302,            0.014973,              0.2737,                   0,             0.35721,            0.063896,             0.13365,            0.043201,            0.055775,            0.011561,            0.017465,             0.26514,                   0,             0.00784,             0.00784,             0.00784
                  74,            0.045875,            0.012913,            0.015143,               0.271,                   0,             0.68281,            0.086886,             0.14482,            0.038847,            0.053862,            0.011709,            0.017361,             0.26074,                   0,             0.00781,             0.00781,             0.00781
                  75,             0.04525,            0.012862,            0.014809,             0.25888,                   0,             0.65666,            0.059885,             0.12668,            0.029059,            0.052975,            0.011612,            0.017517,             0.26245,                   0,             0.00778,             0.00778,             0.00778
                  76,            0.045096,            0.012743,            0.014555,             0.24808,                   0,             0.65067,            0.056031,             0.11603,            0.033027,             0.05333,            0.011437,            0.016992,             0.24475,                   0,             0.00775,             0.00775,             0.00775
                  77,            0.044446,            0.012626,            0.014478,             0.24155,                   0,             0.53681,            0.051136,              0.1025,            0.020749,            0.052292,            0.011609,             0.01748,             0.24902,                   0,             0.00772,             0.00772,             0.00772
                  78,            0.043584,            0.012677,            0.014574,             0.25664,                   0,             0.57281,            0.068182,            0.092866,            0.023067,            0.054654,            0.011317,            0.016669,             0.23889,                   0,             0.00769,             0.00769,             0.00769
                  79,            0.043239,            0.012584,            0.014574,             0.24719,                   0,             0.58742,            0.058712,             0.12074,            0.028773,            0.053861,            0.011348,              0.0168,             0.22998,                   0,             0.00766,             0.00766,             0.00766
                  80,            0.043152,            0.012568,             0.01464,             0.23719,                   0,             0.60894,             0.10956,              0.1383,            0.032284,            0.054813,             0.01138,            0.017062,             0.22998,                   0,             0.00763,             0.00763,             0.00763
                  81,            0.042463,             0.01245,            0.014492,              0.2341,                   0,             0.42031,             0.14962,             0.21225,            0.064158,            0.056082,            0.011203,            0.017233,              0.2334,                   0,              0.0076,              0.0076,              0.0076
                  82,            0.043511,            0.012465,            0.014426,             0.22227,                   0,             0.20103,              0.1394,              0.1924,            0.061592,            0.057095,            0.011188,              0.0168,             0.22717,                   0,             0.00757,             0.00757,             0.00757
                  83,            0.043512,             0.01235,            0.014156,             0.20569,                   0,             0.40281,            0.090762,             0.13955,            0.039357,             0.05609,            0.011198,            0.016965,             0.22412,                   0,             0.00754,             0.00754,             0.00754
                  84,            0.041968,            0.012314,            0.014166,             0.21916,                   0,             0.58966,             0.04931,              0.1087,            0.031755,            0.053976,            0.011235,            0.016733,             0.23376,                   0,             0.00751,             0.00751,             0.00751
                  85,            0.041977,            0.012177,            0.014133,             0.20911,                   0,             0.43552,             0.10855,             0.12226,            0.031212,            0.053636,            0.011321,            0.016418,             0.22864,                   0,             0.00748,             0.00748,             0.00748
                  86,            0.042546,            0.012248,            0.014077,             0.19744,                   0,             0.60341,            0.066288,              0.1192,            0.028853,            0.052882,            0.011327,            0.016342,              0.2146,                   0,             0.00745,             0.00745,             0.00745
                  87,            0.042984,             0.01217,            0.014157,             0.20644,                   0,             0.58743,            0.090909,             0.11751,            0.028987,            0.053788,             0.01119,            0.016904,             0.21899,                   0,             0.00742,             0.00742,             0.00742
                  88,            0.041158,            0.012191,             0.01407,             0.20472,                   0,             0.42481,             0.11068,             0.12098,            0.029497,             0.05477,            0.011087,            0.016644,              0.2207,                   0,             0.00739,             0.00739,             0.00739
                  89,            0.041026,            0.012053,            0.014008,             0.19195,                   0,             0.11498,             0.12359,             0.14738,            0.038192,            0.054864,            0.011126,            0.017255,             0.21912,                   0,             0.00736,             0.00736,             0.00736
                  90,            0.041301,            0.012024,            0.014204,             0.18893,                   0,             0.33617,             0.12311,             0.13757,            0.033283,            0.053179,             0.01124,            0.017206,             0.21582,                   0,             0.00733,             0.00733,             0.00733
                  91,            0.039657,            0.011995,            0.014095,             0.18908,                   0,             0.53453,             0.11215,              0.2001,            0.055004,             0.05373,            0.011142,            0.017102,             0.21008,                   0,              0.0073,              0.0073,              0.0073
                  92,            0.040713,            0.011955,            0.014053,             0.17077,                   0,             0.23619,             0.20704,             0.18853,            0.054186,            0.055059,            0.011082,            0.016949,              0.2041,                   0,             0.00727,             0.00727,             0.00727
                  93,            0.039251,            0.011897,            0.013855,              0.1752,                   0,             0.21373,              0.2296,              0.1647,            0.042215,            0.053207,             0.01106,            0.016504,             0.20032,                   0,             0.00724,             0.00724,             0.00724
                  94,            0.039752,            0.011903,            0.013893,             0.16603,                   0,             0.33741,             0.13749,              0.1516,            0.036335,            0.052903,            0.011217,            0.016748,             0.19922,                   0,             0.00721,             0.00721,             0.00721
                  95,            0.038415,            0.011763,            0.013835,             0.17368,                   0,             0.34967,             0.10531,             0.14086,            0.034621,            0.053183,            0.011147,            0.016663,             0.20166,                   0,             0.00718,             0.00718,             0.00718
                  96,            0.039592,            0.011837,            0.014077,             0.17976,                   0,             0.65146,             0.11998,             0.15429,            0.042813,            0.054172,            0.011077,            0.017352,             0.20557,                   0,             0.00715,             0.00715,             0.00715
                  97,            0.039061,            0.011715,             0.01385,             0.15473,                   0,              0.6499,             0.13258,             0.15458,            0.048064,            0.057554,             0.01096,             0.01723,             0.19922,                   0,             0.00712,             0.00712,             0.00712
                  98,            0.040112,            0.011639,            0.013753,             0.16476,                   0,             0.42322,             0.14075,             0.11846,             0.03049,             0.05231,            0.011024,            0.016769,             0.20483,                   0,             0.00709,             0.00709,             0.00709
                  99,             0.03888,            0.011681,            0.013943,              0.1716,                   0,             0.23113,              0.1758,             0.20742,            0.058192,            0.052745,            0.011097,            0.017026,             0.20593,                   0,             0.00706,             0.00706,             0.00706
                 100,            0.039259,             0.01172,            0.013952,             0.16161,                   0,             0.38297,             0.17045,             0.18869,            0.052705,            0.053664,             0.01111,            0.016699,             0.18909,                   0,             0.00703,             0.00703,             0.00703
                 101,            0.038231,            0.011688,            0.013617,             0.15476,                   0,             0.38725,             0.22159,             0.23068,            0.066159,            0.053316,            0.011177,            0.017136,             0.19336,                   0,               0.007,               0.007,               0.007
                 102,            0.038157,             0.01152,             0.01356,             0.15326,                   0,              0.2964,             0.19938,             0.21636,            0.057331,            0.052275,            0.011081,            0.016718,             0.18835,                   0,             0.00697,             0.00697,             0.00697
                 103,            0.037149,            0.011478,            0.013561,             0.14213,                   0,             0.43225,             0.31856,             0.28161,            0.080972,            0.054363,            0.011053,            0.016998,             0.19153,                   0,             0.00694,             0.00694,             0.00694
                 104,            0.037796,            0.011499,            0.013707,             0.14581,                   0,             0.39529,             0.20343,              0.2259,             0.05826,            0.054025,            0.011271,            0.016791,             0.18457,                   0,             0.00691,             0.00691,             0.00691
                 105,            0.036417,            0.011455,            0.013685,             0.14212,                   0,              0.1822,              0.1572,             0.23123,            0.066126,             0.05525,            0.011079,            0.017072,             0.17578,                   0,             0.00688,             0.00688,             0.00688
                 106,            0.037836,            0.011445,             0.01367,             0.14855,                   0,             0.35286,              0.2481,             0.26073,            0.080522,            0.053182,            0.011045,            0.017111,             0.18372,                   0,             0.00685,             0.00685,             0.00685
                 107,            0.036873,            0.011423,             0.01363,             0.13461,                   0,             0.39117,             0.19655,             0.25929,            0.072699,            0.052588,            0.011066,            0.016922,             0.15662,                   0,             0.00682,             0.00682,             0.00682
                 108,            0.037352,            0.011328,            0.013688,             0.14848,                   0,             0.39716,             0.18872,             0.20925,            0.054652,             0.05002,            0.011213,            0.016635,             0.16516,                   0,             0.00679,             0.00679,             0.00679
                 109,            0.037762,            0.011386,            0.013632,             0.13726,                   0,             0.41164,             0.32339,             0.25253,            0.075196,            0.052066,            0.011238,            0.016855,             0.17407,                   0,             0.00676,             0.00676,             0.00676
                 110,             0.03593,             0.01145,            0.013583,             0.13889,                   0,             0.16045,             0.29416,              0.2921,            0.085747,            0.052074,            0.011066,             0.01662,             0.17297,                   0,             0.00673,             0.00673,             0.00673
                 111,            0.037225,            0.011305,             0.01363,             0.14205,                   0,             0.45026,             0.18619,             0.22411,            0.058915,            0.051952,            0.011158,            0.016882,              0.1748,                   0,              0.0067,              0.0067,              0.0067
                 112,            0.037537,            0.011365,            0.013573,             0.12818,                   0,             0.44236,              0.2107,             0.25779,            0.072255,            0.051724,            0.011122,            0.016803,             0.16711,                   0,             0.00667,             0.00667,             0.00667
                 113,            0.036437,            0.011319,            0.013703,             0.14503,                   0,             0.41867,             0.29703,             0.27181,            0.084042,            0.051666,            0.010995,            0.016617,             0.15881,                   0,             0.00664,             0.00664,             0.00664
                 114,            0.035753,            0.011241,              0.0137,             0.12755,                   0,             0.42885,             0.25575,             0.25721,            0.073972,            0.051925,            0.011077,            0.016678,             0.16162,                   0,             0.00661,             0.00661,             0.00661
                 115,            0.035617,            0.011199,            0.013565,             0.13031,                   0,             0.38662,             0.22538,             0.19718,            0.061159,            0.052894,            0.011063,            0.016891,             0.15271,                   0,             0.00658,             0.00658,             0.00658
                 116,            0.035346,            0.011095,            0.013452,             0.12074,                   0,             0.42165,             0.26175,             0.25964,            0.075774,            0.053632,            0.011058,            0.016617,             0.16199,                   0,             0.00655,             0.00655,             0.00655
                 117,            0.035852,            0.011124,            0.013521,             0.12366,                   0,             0.35619,             0.18537,             0.22623,            0.065571,            0.054424,            0.011103,            0.016446,             0.15894,                   0,             0.00652,             0.00652,             0.00652
                 118,            0.035044,            0.011047,            0.013516,             0.12084,                   0,             0.18542,             0.15868,             0.23039,             0.06889,            0.055133,            0.010942,            0.016806,             0.17444,                   0,             0.00649,             0.00649,             0.00649
                 119,            0.035659,            0.010955,            0.013378,             0.12815,                   0,             0.28262,             0.25656,             0.23439,            0.068996,             0.05204,            0.011058,            0.016541,             0.17444,                   0,             0.00646,             0.00646,             0.00646
                 120,            0.035749,            0.011101,            0.013534,             0.11346,                   0,             0.29912,             0.21518,             0.23451,            0.068672,            0.053367,            0.011064,            0.016815,             0.16431,                   0,             0.00643,             0.00643,             0.00643
                 121,            0.035734,            0.010972,            0.013483,             0.12508,                   0,             0.25193,             0.26776,             0.26152,            0.075884,            0.051373,            0.011008,            0.016425,             0.15247,                   0,              0.0064,              0.0064,              0.0064
                 122,            0.034519,            0.011054,            0.013605,             0.13157,                   0,             0.32556,              0.2548,             0.27808,            0.087761,            0.052259,            0.011032,             0.01636,             0.15015,                   0,             0.00637,             0.00637,             0.00637
                 123,            0.034718,            0.011044,            0.013655,             0.12978,                   0,             0.45173,             0.24992,             0.32222,             0.10013,            0.054934,            0.011035,             0.01666,             0.14587,                   0,             0.00634,             0.00634,             0.00634
                 124,            0.035252,            0.011066,             0.01348,              0.1212,                   0,             0.43983,             0.26525,             0.32625,            0.097395,            0.051227,            0.011127,             0.01676,             0.17151,                   0,             0.00631,             0.00631,             0.00631
                 125,            0.035104,             0.01103,            0.013432,             0.11774,                   0,              0.3799,              0.2704,             0.31539,             0.09254,            0.053413,            0.011072,            0.017209,             0.16589,                   0,             0.00628,             0.00628,             0.00628
                 126,            0.033543,            0.010858,            0.013506,             0.12985,                   0,             0.38963,             0.31805,             0.31783,            0.095344,            0.051789,            0.011247,            0.016785,             0.16833,                   0,             0.00625,             0.00625,             0.00625
                 127,            0.034067,            0.010945,            0.013365,             0.11789,                   0,             0.36809,             0.36351,             0.33585,            0.099938,            0.051837,            0.011151,             0.01684,             0.15613,                   0,             0.00622,             0.00622,             0.00622
                 128,            0.033094,            0.010912,            0.013371,             0.11691,                   0,             0.55546,             0.25562,             0.29212,            0.080465,            0.052758,            0.011187,            0.017114,             0.15466,                   0,             0.00619,             0.00619,             0.00619
                 129,            0.033633,            0.010853,            0.013491,             0.11515,                   0,             0.58602,             0.28981,             0.33416,             0.10103,            0.050525,            0.011155,            0.016986,             0.14539,                   0,             0.00616,             0.00616,             0.00616
                 130,             0.03361,            0.010886,            0.013422,             0.11862,                   0,             0.57511,               0.282,             0.29075,            0.077744,            0.050438,            0.011232,            0.016885,             0.14966,                   0,             0.00613,             0.00613,             0.00613
                 131,            0.034975,            0.010796,            0.013578,             0.12362,                   0,             0.37146,             0.33599,             0.31768,            0.085531,            0.052079,            0.011126,             0.01702,             0.15784,                   0,              0.0061,              0.0061,              0.0061
                 132,             0.03282,            0.010837,             0.01345,             0.12617,                   0,             0.31564,             0.32123,             0.26086,            0.066337,            0.050067,            0.011188,            0.016803,             0.15271,                   0,             0.00607,             0.00607,             0.00607
                 133,            0.032714,            0.010828,             0.01343,             0.12334,                   0,             0.39563,             0.25366,             0.32755,            0.096316,            0.051235,            0.011226,            0.017276,             0.14673,                   0,             0.00604,             0.00604,             0.00604
                 134,            0.034043,            0.010827,            0.013401,             0.11868,                   0,              0.3979,             0.33849,             0.31999,             0.10521,            0.054977,             0.01106,            0.016821,             0.14575,                   0,             0.00601,             0.00601,             0.00601
                 135,            0.033897,            0.010699,            0.013344,             0.10778,                   0,             0.54123,             0.38392,             0.43688,             0.14589,            0.051014,            0.011114,            0.016589,             0.14355,                   0,             0.00598,             0.00598,             0.00598
                 136,            0.033322,            0.010775,            0.013511,             0.11446,                   0,             0.36273,              0.2758,             0.30154,            0.099826,            0.052541,            0.011308,            0.016846,             0.15588,                   0,             0.00595,             0.00595,             0.00595
                 137,            0.032348,            0.010749,            0.013378,             0.11096,                   0,             0.40851,              0.3488,             0.37617,             0.11406,            0.050364,            0.011226,            0.016907,             0.15576,                   0,             0.00592,             0.00592,             0.00592
                 138,            0.032315,            0.010704,            0.013422,             0.11944,                   0,              0.5263,             0.25749,             0.30462,            0.089732,            0.055857,            0.011248,            0.017075,             0.15527,                   0,             0.00589,             0.00589,             0.00589
                 139,            0.033945,             0.01079,            0.013531,             0.12757,                   0,             0.52132,              0.3931,             0.39354,             0.11708,            0.051411,            0.011129,            0.016861,              0.1499,                   0,             0.00586,             0.00586,             0.00586
                 140,            0.033209,             0.01062,            0.013364,             0.11421,                   0,             0.51781,             0.34673,             0.38918,             0.12799,            0.053746,            0.011232,            0.016544,             0.16223,                   0,             0.00583,             0.00583,             0.00583
                 141,            0.034539,            0.010703,            0.013555,             0.11544,                   0,             0.57997,             0.37209,              0.4118,             0.12343,            0.051918,            0.011221,            0.016791,              0.1499,                   0,              0.0058,              0.0058,              0.0058
                 142,            0.031962,            0.010675,             0.01346,             0.11734,                   0,             0.53937,             0.41439,             0.42656,              0.1314,            0.053752,            0.011061,            0.016986,             0.14783,                   0,             0.00577,             0.00577,             0.00577
                 143,            0.031491,            0.010573,            0.013294,             0.11202,                   0,              0.7185,             0.33231,             0.40344,             0.13009,             0.05298,            0.011158,            0.016959,             0.15295,                   0,             0.00574,             0.00574,             0.00574
                 144,            0.031497,            0.010587,            0.013439,             0.10808,                   0,             0.51378,             0.41791,             0.39969,             0.12742,            0.050552,            0.011051,            0.016455,             0.15015,                   0,             0.00571,             0.00571,             0.00571
                 145,            0.033089,            0.010558,            0.013246,             0.11103,                   0,             0.46026,             0.38981,              0.3657,             0.11976,            0.050493,            0.011034,            0.016443,             0.14404,                   0,             0.00568,             0.00568,             0.00568
                 146,            0.031281,            0.010546,             0.01331,             0.11022,                   0,             0.61692,             0.41877,             0.41367,             0.14449,            0.052087,            0.011005,            0.016641,             0.13843,                   0,             0.00565,             0.00565,             0.00565
                 147,            0.030747,            0.010577,            0.013378,             0.10804,                   0,             0.71482,             0.42177,             0.49824,             0.15111,            0.050721,            0.011182,            0.016714,             0.14355,                   0,             0.00562,             0.00562,             0.00562
                 148,            0.032803,            0.010617,            0.013364,             0.10333,                   0,             0.57691,             0.43407,             0.41267,             0.14351,             0.05086,            0.011003,            0.016861,             0.13147,                   0,             0.00559,             0.00559,             0.00559
                 149,            0.031009,            0.010541,            0.013417,             0.10995,                   0,             0.58398,             0.40446,             0.44248,             0.14715,            0.052284,            0.011161,            0.017056,             0.13599,                   0,             0.00556,             0.00556,             0.00556
                 150,            0.030758,            0.010436,            0.013423,             0.10404,                   0,             0.56735,             0.32352,             0.38303,             0.13112,            0.052566,            0.011139,              0.0173,             0.15112,                   0,             0.00553,             0.00553,             0.00553
                 151,            0.032439,            0.010592,            0.013375,             0.10866,                   0,             0.56422,             0.41736,             0.44312,             0.15401,            0.055322,             0.01111,            0.016916,             0.15295,                   0,              0.0055,              0.0055,              0.0055
                 152,            0.031783,            0.010569,            0.013293,            0.097758,                   0,              0.4555,              0.3395,             0.34513,             0.11426,            0.053534,            0.011267,            0.017239,             0.15186,                   0,             0.00547,             0.00547,             0.00547
                 153,            0.030714,            0.010465,            0.013305,            0.099908,                   0,             0.55895,             0.44572,             0.45307,             0.15527,            0.054166,            0.011221,            0.016766,             0.15234,                   0,             0.00544,             0.00544,             0.00544
                 154,            0.030442,            0.010298,            0.013211,             0.09803,                   0,             0.53285,             0.45364,             0.48441,             0.16312,            0.052112,            0.011129,            0.016519,             0.13135,                   0,             0.00541,             0.00541,             0.00541
                 155,            0.031522,            0.010372,            0.013279,            0.098501,                   0,             0.59871,             0.52385,             0.48318,             0.14634,            0.051623,            0.011118,            0.016763,             0.13147,                   0,             0.00538,             0.00538,             0.00538
                 156,            0.030795,            0.010362,             0.01331,            0.097561,                   0,             0.45691,             0.46795,             0.41469,             0.12959,            0.052089,            0.011351,            0.017197,             0.15161,                   0,             0.00535,             0.00535,             0.00535
                 157,            0.031485,            0.010479,            0.013317,            0.099491,                   0,             0.48074,             0.44527,             0.49258,             0.16747,            0.051416,            0.011193,            0.016962,             0.15051,                   0,             0.00532,             0.00532,             0.00532
                 158,             0.03071,            0.010424,            0.013237,            0.095616,                   0,             0.60026,             0.44041,             0.47316,             0.16751,            0.052445,            0.011005,            0.016904,             0.14673,                   0,             0.00529,             0.00529,             0.00529
                 159,             0.03202,            0.010486,            0.013485,             0.10593,                   0,             0.60173,             0.46919,             0.45384,             0.16255,            0.054172,             0.01106,            0.016953,             0.12402,                   0,             0.00526,             0.00526,             0.00526
                 160,            0.031252,            0.010369,            0.013346,            0.094208,                   0,             0.53562,             0.52048,             0.47374,             0.15506,            0.051014,            0.011159,            0.016901,             0.12805,                   0,             0.00523,             0.00523,             0.00523
                 161,             0.03075,             0.01037,            0.013271,             0.08876,                   0,             0.60303,             0.52084,             0.55465,             0.18007,            0.051532,            0.011229,            0.016711,             0.12891,                   0,              0.0052,              0.0052,              0.0052
                 162,            0.030605,            0.010347,            0.013311,               0.093,                   0,             0.61457,             0.43454,             0.47046,             0.15722,            0.053588,            0.011164,            0.016986,             0.13049,                   0,             0.00517,             0.00517,             0.00517
                 163,            0.029621,            0.010327,            0.013296,             0.10325,                   0,             0.66044,             0.46053,             0.46531,             0.16228,            0.052422,            0.011113,            0.017154,             0.15344,                   0,             0.00514,             0.00514,             0.00514
                 164,            0.030545,            0.010355,            0.013389,             0.10557,                   0,             0.61079,             0.46172,             0.49806,             0.17127,            0.052534,            0.011235,            0.017215,             0.13977,                   0,             0.00511,             0.00511,             0.00511
                 165,            0.030286,            0.010341,            0.013269,            0.096346,                   0,             0.55669,             0.45499,             0.46099,             0.15113,            0.051354,            0.011325,            0.017264,             0.14148,                   0,             0.00508,             0.00508,             0.00508
                 166,            0.029902,            0.010382,            0.013413,            0.097372,                   0,             0.58349,             0.45285,             0.48414,             0.17236,            0.052114,            0.011201,            0.017154,             0.13403,                   0,             0.00505,             0.00505,             0.00505
                 167,            0.029595,            0.010275,            0.013418,            0.099278,                   0,             0.65557,             0.48357,             0.46853,             0.16024,            0.053415,            0.011411,            0.017581,             0.14294,                   0,             0.00502,             0.00502,             0.00502
                 168,            0.029544,             0.01034,            0.013423,            0.096588,                   0,             0.62251,             0.47781,             0.48681,             0.15916,            0.052654,             0.01149,            0.017831,             0.13599,                   0,             0.00499,             0.00499,             0.00499
                 169,            0.030801,            0.010272,            0.013311,            0.095662,                   0,             0.65333,             0.52902,             0.55364,             0.21419,            0.051722,            0.011435,            0.017477,             0.14148,                   0,             0.00496,             0.00496,             0.00496
                 170,            0.029843,            0.010265,            0.013202,            0.087321,                   0,             0.67031,             0.55423,             0.58929,             0.19701,            0.053244,            0.011358,            0.017258,             0.13477,                   0,             0.00493,             0.00493,             0.00493
                 171,            0.029946,            0.010272,            0.013359,            0.095593,                   0,             0.59732,             0.48972,             0.49127,             0.15214,            0.053436,            0.011353,            0.017331,             0.13489,                   0,              0.0049,              0.0049,              0.0049
                 172,            0.030256,             0.01026,            0.013194,            0.098664,                   0,             0.56385,              0.4756,             0.43538,             0.15382,            0.052627,            0.011338,            0.017059,             0.12891,                   0,             0.00487,             0.00487,             0.00487
                 173,            0.029125,            0.010231,            0.013243,            0.090908,                   0,              0.6553,             0.49927,             0.51855,             0.19588,            0.051848,             0.01138,            0.017133,             0.13281,                   0,             0.00484,             0.00484,             0.00484
                 174,            0.028275,            0.010232,            0.013306,            0.099371,                   0,             0.57185,             0.52675,             0.51659,             0.17741,            0.053333,            0.011327,            0.016919,             0.12695,                   0,             0.00481,             0.00481,             0.00481
                 175,            0.029102,            0.010193,            0.013224,            0.091676,                   0,             0.60304,             0.44103,             0.46311,             0.15547,            0.052696,            0.011335,            0.017053,             0.13672,                   0,             0.00478,             0.00478,             0.00478
                 176,            0.028687,            0.010124,             0.01324,             0.09642,                   0,             0.60709,               0.464,             0.51972,               0.185,            0.052719,            0.011264,            0.016928,             0.13623,                   0,             0.00475,             0.00475,             0.00475
                 177,            0.028661,            0.010152,            0.013274,            0.096372,                   0,             0.59102,             0.51406,             0.55072,             0.19073,            0.051928,            0.011303,            0.017221,             0.13025,                   0,             0.00472,             0.00472,             0.00472
                 178,            0.029438,            0.010169,             0.01331,             0.10335,                   0,             0.64745,             0.45828,              0.4951,             0.17732,            0.052151,            0.011392,            0.017377,             0.14331,                   0,             0.00469,             0.00469,             0.00469
                 179,            0.028171,            0.010137,             0.01325,            0.090752,                   0,             0.63846,             0.44935,             0.50691,             0.15796,            0.051719,            0.011317,            0.017249,             0.13916,                   0,             0.00466,             0.00466,             0.00466
                 180,            0.028723,            0.010095,            0.013205,            0.083639,                   0,             0.59723,             0.48056,             0.47767,             0.15645,            0.053509,            0.011356,            0.017316,             0.12817,                   0,             0.00463,             0.00463,             0.00463
                 181,            0.029098,            0.010131,            0.013455,             0.10136,                   0,             0.64826,             0.51835,             0.48168,             0.17065,            0.053357,            0.011419,            0.017523,             0.12976,                   0,              0.0046,              0.0046,              0.0046
                 182,            0.029098,            0.010203,            0.013228,            0.086208,                   0,             0.63924,             0.49657,             0.51886,             0.18999,            0.053293,            0.011427,            0.017465,              0.1322,                   0,             0.00457,             0.00457,             0.00457
                 183,            0.027942,            0.010132,             0.01319,            0.086789,                   0,             0.51626,             0.44918,             0.48001,             0.16007,            0.052376,            0.011345,            0.017337,             0.13501,                   0,             0.00454,             0.00454,             0.00454
                 184,            0.028451,            0.010189,            0.013385,            0.095099,                   0,             0.58139,             0.49411,             0.49986,             0.16079,             0.05161,            0.011277,            0.017276,             0.13135,                   0,             0.00451,             0.00451,             0.00451
                 185,            0.028024,            0.010078,            0.013258,            0.090642,                   0,             0.64711,             0.54135,             0.55225,              0.1785,            0.052607,            0.011485,            0.017575,             0.12988,                   0,             0.00448,             0.00448,             0.00448
                 186,             0.02922,            0.010103,            0.013254,            0.087361,                   0,             0.72214,             0.43786,             0.49608,             0.18133,            0.052192,            0.011762,            0.017688,             0.12646,                   0,             0.00445,             0.00445,             0.00445
                 187,            0.028069,            0.010045,            0.013179,            0.087647,                   0,             0.70229,             0.41713,             0.44664,             0.16704,            0.052308,            0.011612,            0.017529,             0.11432,                   0,             0.00442,             0.00442,             0.00442
                 188,            0.027968,             0.01006,            0.013216,             0.08314,                   0,             0.65312,             0.45506,             0.47846,             0.18543,            0.051716,            0.011485,            0.017407,             0.12634,                   0,             0.00439,             0.00439,             0.00439
                 189,            0.027477,            0.010057,            0.013291,            0.098577,                   0,              0.7477,             0.42319,              0.4987,             0.19908,            0.051467,            0.011363,            0.017368,             0.12708,                   0,             0.00436,             0.00436,             0.00436
                 190,             0.02709,            0.010017,            0.013274,            0.088111,                   0,             0.72376,             0.38874,             0.44218,             0.17598,            0.052038,            0.011396,             0.01738,             0.12341,                   0,             0.00433,             0.00433,             0.00433
                 191,            0.029923,            0.010084,            0.013247,            0.087971,                   0,             0.70636,              0.4343,             0.46784,             0.17009,            0.051442,            0.011451,             0.01767,              0.1189,                   0,              0.0043,              0.0043,              0.0043
                 192,             0.02717,           0.0099764,            0.013228,            0.093638,                   0,             0.69369,             0.54694,             0.59543,             0.22319,            0.053383,            0.011385,             0.01723,             0.12012,                   0,             0.00427,             0.00427,             0.00427
                 193,            0.026431,            0.010021,             0.01326,            0.080957,                   0,             0.67795,             0.55417,             0.56486,             0.21109,            0.052679,            0.011421,            0.017313,              0.1283,                   0,             0.00424,             0.00424,             0.00424
                 194,            0.029153,            0.010077,             0.01324,            0.083744,                   0,             0.62923,               0.459,             0.51044,             0.16889,            0.051905,            0.011393,            0.017438,             0.13501,                   0,             0.00421,             0.00421,             0.00421
                 195,            0.028373,           0.0099764,            0.013231,            0.088229,                   0,             0.68484,             0.53795,              0.5859,             0.19945,            0.052629,            0.011353,            0.017456,             0.12671,                   0,             0.00418,             0.00418,             0.00418
                 196,            0.027424,           0.0099933,            0.013275,            0.086975,                   0,             0.63721,             0.55034,             0.57272,             0.20664,            0.053578,            0.011321,            0.017169,             0.12146,                   0,             0.00415,             0.00415,             0.00415
                 197,            0.026121,           0.0099724,            0.013183,            0.086558,                   0,             0.74156,             0.54926,             0.61473,             0.23157,            0.053569,             0.01129,            0.017429,             0.13965,                   0,             0.00412,             0.00412,             0.00412
                 198,            0.026183,           0.0099523,            0.013123,             0.08589,                   0,             0.79422,             0.56478,             0.63527,             0.24453,            0.052842,             0.01144,            0.017548,             0.13818,                   0,             0.00409,             0.00409,             0.00409
                 199,            0.027115,            0.009927,             0.01318,            0.084246,                   0,             0.71076,             0.62416,             0.63698,             0.24082,            0.050171,            0.011422,            0.017383,             0.11865,                   0,             0.00406,             0.00406,             0.00406
                 200,            0.027678,           0.0099794,            0.013303,            0.087824,                   0,             0.73064,             0.56477,             0.57641,             0.22165,            0.051415,            0.011437,            0.017618,             0.12854,                   0,             0.00403,             0.00403,             0.00403
                 201,              0.0268,           0.0099212,            0.013251,            0.085842,                   0,             0.71019,             0.60829,             0.59086,             0.20633,            0.052265,            0.011361,            0.016849,             0.12927,                   0,               0.004,               0.004,               0.004
                 202,            0.026968,           0.0098962,            0.013304,            0.084411,                   0,             0.68951,             0.53244,             0.55624,             0.19616,            0.051057,            0.011546,            0.017117,             0.13635,                   0,             0.00397,             0.00397,             0.00397
                 203,            0.026962,           0.0098548,            0.013118,            0.085394,                   0,             0.64617,             0.54365,             0.53441,             0.18276,             0.05048,            0.011651,            0.017468,             0.13452,                   0,             0.00394,             0.00394,             0.00394
                 204,            0.030706,           0.0099741,            0.013217,            0.091405,                   0,             0.69853,             0.57224,             0.59217,             0.20573,            0.050196,            0.011437,            0.017197,             0.13403,                   0,             0.00391,             0.00391,             0.00391
                 205,            0.026771,           0.0098617,            0.013095,            0.089112,                   0,             0.69622,             0.60426,             0.62126,              0.2229,            0.050867,            0.011554,            0.017514,             0.13892,                   0,             0.00388,             0.00388,             0.00388
                 206,            0.027903,            0.010066,            0.013392,            0.091869,                   0,             0.77144,             0.54389,             0.60644,             0.22367,            0.052499,            0.011503,            0.017572,             0.12988,                   0,             0.00385,             0.00385,             0.00385
                 207,            0.025785,           0.0098962,            0.013246,              0.0825,                   0,             0.76315,             0.61613,             0.65485,             0.23617,            0.051478,            0.011517,            0.017334,             0.12372,                   0,             0.00382,             0.00382,             0.00382
                 208,             0.02717,           0.0098568,            0.013125,            0.081697,                   0,             0.76222,             0.58753,             0.62655,             0.21852,            0.051922,            0.011543,            0.017477,             0.12683,                   0,             0.00379,             0.00379,             0.00379
                 209,            0.026187,            0.009853,            0.013229,            0.085602,                   0,             0.72856,             0.59919,             0.60356,              0.2238,            0.050729,            0.011532,            0.017548,             0.12939,                   0,             0.00376,             0.00376,             0.00376
                 210,            0.025643,           0.0098365,            0.013182,            0.087631,                   0,             0.75413,             0.59323,              0.6004,             0.21206,            0.054075,            0.011574,            0.017505,             0.13745,                   0,             0.00373,             0.00373,             0.00373
                 211,            0.026725,           0.0098567,            0.013215,            0.084275,                   0,             0.71883,             0.57658,             0.59767,             0.21715,            0.052412,            0.011545,            0.017566,             0.14075,                   0,              0.0037,              0.0037,              0.0037
                 212,            0.027486,           0.0098265,            0.013139,            0.080478,                   0,             0.69199,             0.56727,             0.58916,             0.21823,            0.051569,            0.011567,            0.017548,             0.14355,                   0,             0.00367,             0.00367,             0.00367
                 213,             0.02482,           0.0098545,             0.01317,            0.086272,                   0,             0.64792,             0.51133,             0.53509,             0.21104,             0.05264,            0.011666,            0.017462,             0.11987,                   0,             0.00364,             0.00364,             0.00364
                 214,            0.025457,           0.0097592,             0.01315,            0.084498,                   0,             0.68469,             0.63332,             0.62158,             0.22692,            0.051286,            0.011714,            0.017349,             0.13171,                   0,             0.00361,             0.00361,             0.00361
                 215,            0.024053,           0.0096988,             0.01307,            0.078388,                   0,             0.70349,             0.59122,             0.61048,             0.23339,            0.052093,            0.011756,            0.017545,             0.12842,                   0,             0.00358,             0.00358,             0.00358
                 216,            0.024992,           0.0097081,            0.013208,            0.082199,                   0,             0.70394,             0.58344,             0.59785,             0.20866,            0.052624,            0.011762,            0.017941,             0.12366,                   0,             0.00355,             0.00355,             0.00355
                 217,            0.025596,           0.0097713,            0.013247,            0.083881,                   0,             0.72934,             0.58963,             0.59018,             0.20839,            0.052054,             0.01155,            0.017786,             0.11926,                   0,             0.00352,             0.00352,             0.00352
                 218,            0.026373,            0.009805,            0.013148,             0.08528,                   0,             0.72423,             0.60248,             0.62933,             0.21833,             0.05302,            0.011638,            0.017731,             0.11688,                   0,             0.00349,             0.00349,             0.00349
                 219,            0.025157,           0.0097396,            0.013156,            0.082721,                   0,             0.74322,              0.6044,             0.63358,             0.20954,             0.05203,            0.011545,            0.017456,             0.12573,                   0,             0.00346,             0.00346,             0.00346
                 220,            0.024617,           0.0097403,            0.013291,             0.08692,                   0,             0.67882,              0.6367,             0.63553,             0.22445,            0.051602,            0.011614,            0.017633,             0.13208,                   0,             0.00343,             0.00343,             0.00343
                 221,            0.025399,           0.0097314,            0.013134,             0.07578,                   0,             0.71348,             0.68773,             0.65822,             0.23918,            0.050697,            0.011504,             0.01752,             0.13123,                   0,              0.0034,              0.0034,              0.0034
                 222,            0.025586,           0.0097093,            0.013198,            0.087023,                   0,             0.76737,             0.60419,             0.65475,             0.23951,             0.05203,            0.011707,            0.017621,             0.12445,                   0,             0.00337,             0.00337,             0.00337
                 223,            0.025279,           0.0097072,            0.013131,             0.07827,                   0,             0.69159,             0.67542,             0.67644,             0.25315,            0.051443,             0.01174,            0.017776,             0.12549,                   0,             0.00334,             0.00334,             0.00334
                 224,            0.025118,           0.0097243,            0.013263,            0.080866,                   0,             0.73895,             0.61135,             0.62159,             0.25495,            0.051598,            0.011612,            0.017636,             0.11823,                   0,             0.00331,             0.00331,             0.00331
                 225,            0.024618,           0.0097193,            0.013151,             0.07643,                   0,             0.75065,             0.60885,             0.61404,              0.2406,            0.052246,            0.011725,            0.017511,             0.11334,                   0,             0.00328,             0.00328,             0.00328
                 226,            0.025919,           0.0097372,            0.013199,            0.081494,                   0,             0.73357,             0.59883,             0.63035,             0.25233,            0.050376,            0.011588,             0.01774,             0.12671,                   0,             0.00325,             0.00325,             0.00325
                 227,            0.025386,           0.0097029,            0.013191,             0.08349,                   0,             0.72457,             0.58915,              0.6086,             0.22706,              0.0511,            0.011596,            0.017523,             0.12793,                   0,             0.00322,             0.00322,             0.00322
                 228,            0.024735,           0.0096918,            0.013108,            0.074559,                   0,             0.67537,               0.551,             0.59922,             0.24099,            0.052027,            0.011645,            0.017657,             0.12659,                   0,             0.00319,             0.00319,             0.00319
                 229,            0.024097,            0.009652,            0.013193,            0.076173,                   0,             0.75895,             0.57985,             0.61719,             0.23665,            0.051851,            0.011622,            0.017529,             0.12384,                   0,             0.00316,             0.00316,             0.00316
                 230,            0.024572,           0.0096463,            0.013142,            0.074061,                   0,             0.76104,             0.64034,             0.63959,             0.24424,            0.052272,            0.011651,            0.017169,             0.11981,                   0,             0.00313,             0.00313,             0.00313
                 231,            0.024617,           0.0097657,            0.013252,            0.081596,                   0,             0.74415,             0.69732,             0.69017,             0.25004,            0.051566,            0.011741,            0.017191,             0.12537,                   0,              0.0031,              0.0031,              0.0031
                 232,            0.024205,           0.0096632,            0.013139,            0.083987,                   0,             0.78233,             0.64478,             0.68243,             0.25402,            0.051247,             0.01149,            0.017258,              0.1239,                   0,             0.00307,             0.00307,             0.00307
                 233,            0.023771,           0.0096875,            0.013123,             0.08561,                   0,             0.73213,             0.57614,             0.59061,             0.21795,             0.05043,            0.011682,            0.017856,             0.12164,                   0,             0.00304,             0.00304,             0.00304
                 234,            0.023587,           0.0095769,            0.013083,            0.075218,                   0,             0.77963,             0.60384,             0.61731,             0.23607,            0.051701,            0.011711,            0.018024,             0.13354,                   0,             0.00301,             0.00301,             0.00301
                 235,            0.023982,            0.009615,            0.013196,            0.076083,                   0,             0.76424,             0.60804,             0.63266,             0.23695,            0.051763,            0.011612,            0.017804,             0.13416,                   0,             0.00298,             0.00298,             0.00298
                 236,            0.023614,           0.0095726,            0.013133,            0.083658,                   0,             0.76168,             0.53614,             0.57719,             0.22346,            0.051497,             0.01164,            0.017712,             0.12061,                   0,             0.00295,             0.00295,             0.00295
                 237,            0.023278,           0.0095352,            0.013138,            0.073718,                   0,             0.79511,             0.57862,             0.59769,             0.22495,            0.051694,            0.011662,            0.018085,             0.12299,                   0,             0.00292,             0.00292,             0.00292
                 238,            0.024192,           0.0096236,            0.013189,            0.080048,                   0,             0.76952,             0.58656,             0.59623,             0.22734,            0.051966,            0.011653,             0.01796,             0.13196,                   0,             0.00289,             0.00289,             0.00289
                 239,            0.023225,           0.0095872,            0.013128,              0.0809,                   0,             0.77761,             0.59709,             0.60878,             0.24089,            0.051253,            0.011554,             0.01763,             0.11804,                   0,             0.00286,             0.00286,             0.00286
                 240,            0.023991,           0.0095568,             0.01306,            0.069516,                   0,             0.76064,             0.64686,             0.64676,             0.25023,            0.051595,            0.011719,             0.01785,              0.1272,                   0,             0.00283,             0.00283,             0.00283
                 241,            0.024337,           0.0095809,            0.013157,            0.077297,                   0,             0.74775,              0.6357,             0.61795,             0.22551,            0.052029,            0.011846,            0.017996,             0.12683,                   0,              0.0028,              0.0028,              0.0028
                 242,             0.02467,           0.0096099,              0.0132,            0.075552,                   0,             0.74859,             0.62992,             0.65719,             0.24111,            0.051515,            0.011719,            0.017883,             0.12708,                   0,             0.00277,             0.00277,             0.00277
                 243,            0.023577,           0.0095699,            0.013158,            0.078414,                   0,              0.7364,             0.61814,             0.63383,              0.2631,             0.05183,            0.011567,            0.017761,             0.12048,                   0,             0.00274,             0.00274,             0.00274
                 244,            0.022534,           0.0095618,            0.013093,            0.076229,                   0,             0.68502,             0.55906,             0.60252,             0.22395,            0.051641,            0.011707,            0.018207,              0.1225,                   0,             0.00271,             0.00271,             0.00271
                 245,            0.023883,           0.0096276,            0.013227,            0.070956,                   0,             0.73381,             0.65624,             0.64832,             0.25734,            0.050667,             0.01159,            0.017596,             0.11792,                   0,             0.00268,             0.00268,             0.00268
                 246,            0.023674,           0.0095639,            0.013113,            0.078041,                   0,             0.73323,             0.68384,             0.68424,             0.24202,            0.051286,            0.011603,            0.017746,             0.10925,                   0,             0.00265,             0.00265,             0.00265
                 247,            0.022885,            0.009524,            0.013106,            0.077559,                   0,             0.71838,             0.64778,             0.64259,             0.24317,            0.051967,            0.011756,             0.01763,             0.11316,                   0,             0.00262,             0.00262,             0.00262
                 248,            0.022464,           0.0095379,             0.01321,             0.07445,                   0,             0.74202,             0.70774,             0.66652,             0.25067,            0.051534,            0.011733,            0.017612,             0.10864,                   0,             0.00259,             0.00259,             0.00259
                 249,            0.023012,           0.0096296,            0.013283,            0.078083,                   0,             0.76842,             0.60769,             0.66307,             0.25578,            0.051354,            0.011624,            0.017233,             0.11261,                   0,             0.00256,             0.00256,             0.00256
                 250,            0.022947,           0.0094916,            0.013081,            0.075578,                   0,               0.745,             0.64296,             0.62912,             0.24998,            0.051798,            0.011706,            0.017255,             0.11804,                   0,             0.00253,             0.00253,             0.00253
                 251,            0.023828,           0.0096046,             0.01312,             0.07772,                   0,             0.74697,              0.6434,             0.63772,             0.23655,            0.051015,            0.011714,            0.017331,             0.11963,                   0,              0.0025,              0.0025,              0.0025
                 252,            0.023575,           0.0095305,            0.013216,            0.078233,                   0,             0.76368,             0.63989,              0.6399,             0.24859,            0.052485,            0.011849,            0.017697,             0.11896,                   0,             0.00247,             0.00247,             0.00247
                 253,            0.023105,           0.0094183,            0.013118,            0.077034,                   0,             0.73607,             0.67845,              0.6612,             0.24534,            0.052558,             0.01182,            0.017706,             0.11871,                   0,             0.00244,             0.00244,             0.00244
                 254,            0.022075,           0.0094223,            0.013152,            0.074299,                   0,             0.71562,             0.66087,             0.64167,             0.26032,            0.051418,            0.011751,            0.017642,             0.12891,                   0,             0.00241,             0.00241,             0.00241
                 255,            0.023178,           0.0095046,            0.013224,             0.07874,                   0,             0.79301,             0.60963,             0.63547,             0.27289,            0.051924,            0.011853,            0.017807,             0.11951,                   0,             0.00238,             0.00238,             0.00238
                 256,            0.022561,           0.0095079,              0.0132,            0.080275,                   0,             0.80925,             0.60489,             0.64123,             0.26494,             0.05209,            0.011888,             0.01803,             0.12396,                   0,             0.00235,             0.00235,             0.00235
                 257,            0.021358,           0.0093935,            0.013124,            0.081687,                   0,             0.78783,             0.66829,             0.67458,             0.27413,            0.050567,            0.011859,             0.01799,             0.12311,                   0,             0.00232,             0.00232,             0.00232
                 258,            0.022266,           0.0094304,            0.013119,            0.074769,                   0,             0.78873,             0.64282,             0.65072,             0.27277,            0.051713,            0.011772,            0.017917,             0.12329,                   0,             0.00229,             0.00229,             0.00229
                 259,            0.023351,           0.0095087,            0.013127,            0.071906,                   0,             0.75834,             0.65886,             0.65538,             0.26409,            0.051486,             0.01177,            0.017999,             0.12128,                   0,             0.00226,             0.00226,             0.00226
                 260,              0.0244,           0.0095023,            0.013166,            0.079893,                   0,             0.73545,             0.64378,             0.63688,             0.25503,             0.05245,             0.01192,            0.018137,             0.12585,                   0,             0.00223,             0.00223,             0.00223
                 261,            0.022206,           0.0094764,             0.01307,            0.076999,                   0,             0.73536,             0.63671,             0.66183,             0.26683,            0.051833,            0.011965,            0.018085,             0.11713,                   0,              0.0022,              0.0022,              0.0022
                 262,            0.021521,           0.0094474,            0.013143,            0.073735,                   0,             0.74897,             0.66391,             0.65616,             0.25072,            0.052441,            0.011948,            0.018048,             0.11554,                   0,             0.00217,             0.00217,             0.00217
                 263,            0.022031,           0.0094746,            0.013279,            0.083597,                   0,             0.71563,              0.6721,             0.64833,             0.26283,             0.05219,            0.011925,            0.018036,             0.12189,                   0,             0.00214,             0.00214,             0.00214
                 264,            0.021811,           0.0094145,            0.013177,             0.07983,                   0,             0.73993,             0.72006,             0.68946,             0.25247,            0.052561,            0.011907,            0.017844,             0.12445,                   0,             0.00211,             0.00211,             0.00211
                 265,            0.022556,           0.0095208,            0.013203,            0.075112,                   0,             0.71923,             0.67452,             0.66623,             0.26234,            0.053106,            0.011741,            0.017841,             0.12085,                   0,             0.00208,             0.00208,             0.00208
                 266,            0.021789,           0.0093724,            0.013058,            0.077327,                   0,              0.7463,             0.68448,             0.67728,             0.25524,            0.052943,            0.011864,            0.017953,             0.11945,                   0,             0.00205,             0.00205,             0.00205
                 267,            0.021605,           0.0094066,            0.013076,            0.074028,                   0,             0.73711,             0.65615,             0.67552,              0.2602,            0.051939,            0.011865,             0.01788,              0.1167,                   0,             0.00202,             0.00202,             0.00202
                 268,            0.021349,           0.0093287,            0.013052,            0.072627,                   0,             0.75915,             0.65481,             0.65485,             0.26528,            0.052356,            0.011891,            0.017871,             0.11475,                   0,             0.00199,             0.00199,             0.00199
                 269,            0.021914,           0.0093687,            0.013163,            0.074782,                   0,             0.77181,             0.70944,             0.68516,             0.27827,            0.051671,            0.011914,            0.018115,             0.11572,                   0,             0.00196,             0.00196,             0.00196
                 270,            0.021515,           0.0093781,            0.013142,            0.068428,                   0,             0.75686,             0.68378,             0.67069,             0.24941,            0.052942,             0.01211,            0.018411,              0.1217,                   0,             0.00193,             0.00193,             0.00193
                 271,            0.022389,           0.0094158,            0.013063,            0.075201,                   0,             0.73975,                0.68,             0.68031,             0.25364,            0.053436,             0.01208,            0.018063,             0.12256,                   0,              0.0019,              0.0019,              0.0019
                 272,            0.022761,           0.0093519,            0.013049,            0.075547,                   0,             0.76535,             0.67699,             0.69556,             0.26793,            0.052117,            0.012035,            0.018225,             0.11652,                   0,             0.00187,             0.00187,             0.00187
                 273,            0.020589,           0.0092951,            0.012975,            0.066244,                   0,             0.74257,             0.66594,             0.67251,             0.26413,            0.052363,            0.012041,            0.018344,             0.11963,                   0,             0.00184,             0.00184,             0.00184
                 274,            0.022069,           0.0093554,            0.013105,            0.072018,                   0,              0.7618,             0.67299,             0.67617,              0.2641,            0.052165,            0.012017,            0.018359,             0.11841,                   0,             0.00181,             0.00181,             0.00181
                 275,            0.020684,           0.0093414,            0.013104,            0.072413,                   0,             0.78347,             0.69204,             0.68909,             0.26574,            0.051774,            0.012002,            0.018396,             0.11945,                   0,             0.00178,             0.00178,             0.00178
                 276,            0.020213,           0.0092958,            0.013057,            0.073802,                   0,             0.78944,             0.69332,             0.69553,              0.2622,             0.05275,             0.01211,            0.018317,              0.1153,                   0,             0.00175,             0.00175,             0.00175
                 277,            0.020877,           0.0093091,            0.013097,            0.074117,                   0,             0.72746,             0.65607,             0.62915,             0.24658,            0.052203,            0.012197,            0.018326,             0.11682,                   0,             0.00172,             0.00172,             0.00172
                 278,            0.021317,           0.0093309,            0.013017,             0.07096,                   0,             0.74498,             0.67883,             0.64785,             0.24194,            0.052864,            0.012165,            0.018237,              0.1167,                   0,             0.00169,             0.00169,             0.00169
                 279,            0.019664,           0.0092095,            0.013046,            0.070741,                   0,             0.79853,              0.6683,             0.68591,             0.25542,            0.052371,            0.012136,            0.018112,             0.11658,                   0,             0.00166,             0.00166,             0.00166
                 280,            0.020106,           0.0092615,            0.013085,            0.073651,                   0,             0.79097,             0.69483,             0.69107,             0.25051,            0.052736,            0.012226,            0.018344,             0.11554,                   0,             0.00163,             0.00163,             0.00163
                 281,            0.020529,           0.0092861,            0.013103,            0.068379,                   0,             0.82479,              0.7046,             0.72854,             0.26542,            0.051851,            0.012156,            0.018094,             0.11218,                   0,              0.0016,              0.0016,              0.0016
                 282,            0.019973,           0.0092081,            0.013074,            0.076212,                   0,              0.7814,             0.69781,             0.70274,              0.2668,            0.052387,            0.012083,             0.01795,             0.10834,                   0,             0.00157,             0.00157,             0.00157
                 283,            0.021531,           0.0092519,            0.013072,            0.071217,                   0,             0.78413,              0.7191,             0.70801,             0.25827,             0.05287,             0.01203,            0.018015,             0.11475,                   0,             0.00154,             0.00154,             0.00154
                 284,            0.020148,           0.0092479,            0.013158,            0.074069,                   0,             0.76291,             0.70629,             0.68725,             0.24726,            0.052959,             0.01207,             0.01824,             0.11798,                   0,             0.00151,             0.00151,             0.00151
                 285,            0.019795,           0.0092498,            0.013155,            0.077086,                   0,             0.74318,             0.68433,              0.6698,             0.27383,            0.051979,            0.012046,            0.018173,             0.10907,                   0,             0.00148,             0.00148,             0.00148
                 286,             0.02054,           0.0092837,            0.013097,             0.07227,                   0,             0.77581,             0.66468,             0.65762,             0.25796,             0.05245,             0.01212,            0.018433,             0.11011,                   0,             0.00145,             0.00145,             0.00145
                 287,            0.019475,           0.0092018,            0.013039,             0.07262,                   0,              0.7747,             0.64576,             0.65404,             0.26561,            0.052599,            0.012109,            0.018561,             0.11047,                   0,             0.00142,             0.00142,             0.00142
                 288,            0.019417,           0.0091823,            0.013078,            0.068186,                   0,             0.76141,             0.63884,             0.63414,             0.26137,            0.052087,            0.012035,            0.018332,             0.11487,                   0,             0.00139,             0.00139,             0.00139
                 289,            0.018941,           0.0092197,            0.013106,            0.068619,                   0,             0.77857,             0.65353,              0.6391,             0.24051,            0.053342,            0.012073,            0.018137,             0.11572,                   0,             0.00136,             0.00136,             0.00136
                 290,            0.019636,           0.0092199,            0.013077,            0.068381,                   0,             0.74982,             0.65874,             0.65382,             0.26103,             0.05285,            0.012173,            0.018106,             0.11731,                   0,             0.00133,             0.00133,             0.00133
                 291,            0.020307,           0.0092391,              0.0131,            0.069423,                   0,             0.80846,             0.64507,              0.6731,             0.26718,            0.052384,            0.012188,            0.018002,             0.11627,                   0,              0.0013,              0.0013,              0.0013
                 292,            0.019058,           0.0091316,            0.013028,             0.07058,                   0,             0.79302,             0.65832,             0.65588,             0.25196,            0.052039,            0.012054,            0.018057,             0.12006,                   0,             0.00127,             0.00127,             0.00127
                 293,            0.020018,           0.0092309,             0.01307,            0.067325,                   0,             0.77123,              0.6993,             0.67369,             0.26561,            0.052467,            0.012093,            0.018097,             0.12067,                   0,             0.00124,             0.00124,             0.00124
                 294,            0.018621,           0.0091684,             0.01308,            0.071104,                   0,             0.73905,             0.69641,             0.68602,             0.26493,            0.052702,            0.012226,            0.018448,             0.12756,                   0,             0.00121,             0.00121,             0.00121
                 295,             0.01906,           0.0091572,            0.013047,            0.066589,                   0,             0.75964,              0.6941,             0.68356,             0.24742,            0.053406,            0.012259,            0.018503,             0.12903,                   0,             0.00118,             0.00118,             0.00118
                 296,            0.019186,           0.0092106,             0.01319,            0.074427,                   0,             0.73507,             0.68186,             0.66209,             0.23688,            0.054191,            0.012191,            0.018286,             0.11865,                   0,             0.00115,             0.00115,             0.00115
                 297,            0.019258,            0.009147,            0.013055,            0.071733,                   0,             0.79266,             0.65162,             0.63783,             0.23432,            0.053691,            0.012172,            0.018158,             0.11639,                   0,             0.00112,             0.00112,             0.00112
                 298,            0.019487,           0.0091557,            0.013033,            0.065591,                   0,             0.76117,             0.65342,             0.64737,             0.24694,             0.05352,            0.012317,            0.018359,             0.11487,                   0,             0.00109,             0.00109,             0.00109
                 299,            0.018777,            0.009118,            0.013031,             0.06761,                   0,             0.70077,             0.65202,             0.63253,             0.24969,            0.053821,            0.012344,            0.018549,             0.11627,                   0,             0.00106,             0.00106,             0.00106
