               epoch,      train/box_loss,      train/obj_loss,      train/cls_loss, train/cls_task_loss,train/constraint_loss,   metrics/precision,      metrics/recall,     metrics/mAP_0.5,metrics/mAP_0.5:0.95,        val/box_loss,        val/obj_loss,        val/cls_loss,   val/cls_task_loss, val/constraint_loss,               x/lr0,               x/lr1,               x/lr2
                   0,              0.1168,            0.013796,            0.050339,              1.1019,                   0,                   0,                   0,                   0,                   0,             0.12065,            0.010736,            0.051038,              1.1016,                   0,              0.0937,              0.0007,              0.0007
                   1,             0.11702,            0.013703,            0.050626,               1.103,                   0,                   0,                   0,                   0,                   0,             0.12077,            0.010736,            0.050903,              1.1016,                   0,            0.086496,           0.0014955,           0.0014955
                   2,             0.11625,            0.013841,            0.050636,              1.1032,                   0,                   0,                   0,                   0,                   0,             0.12034,            0.010729,            0.050806,              1.1035,                   0,            0.079286,           0.0022862,           0.0022862
                   3,              0.1163,             0.01379,            0.050253,              1.1073,                   0,                   0,                   0,                   0,                   0,             0.11968,            0.010814,            0.050806,              1.1055,                   0,            0.072072,           0.0030721,           0.0030721
                   4,              0.1165,            0.013748,            0.050543,               1.105,                   0,                   0,                   0,                   0,                   0,             0.11887,            0.010883,             0.05072,              1.1045,                   0,            0.064853,           0.0038532,           0.0038532
                   5,             0.11528,            0.013872,            0.049641,              1.1024,                   0,                   0,                   0,                   0,                   0,             0.11771,             0.01101,            0.050525,              1.1045,                   0,             0.05763,           0.0046295,           0.0046295
                   6,             0.11471,            0.013918,             0.04971,              1.1007,                   0,                   0,                   0,                   0,                   0,              0.1174,            0.011002,            0.050549,              1.1055,                   0,            0.050401,            0.005401,            0.005401
                   7,             0.11395,            0.013961,             0.04915,              1.1022,                   0,                   0,                   0,                   0,                   0,             0.11669,            0.011082,            0.050098,              1.1045,                   0,            0.043168,           0.0061677,           0.0061677
                   8,             0.11273,            0.014061,            0.049607,              1.1013,                   0,                   0,                   0,                   0,                   0,             0.11556,            0.011203,            0.050037,              1.1055,                   0,             0.03593,           0.0069296,           0.0069296
                   9,             0.11171,            0.014156,            0.049138,              1.1027,                   0,                   0,                   0,                   0,                   0,             0.11314,            0.011443,             0.04928,              1.1035,                   0,            0.028687,           0.0076867,           0.0076867
                  10,             0.11056,            0.014244,            0.048562,              1.0981,                   0,                   0,                   0,                   0,                   0,             0.11148,            0.011599,            0.048853,              1.1006,                   0,            0.021439,            0.008439,            0.008439
                  11,             0.10926,            0.014334,            0.048267,              1.1007,                   0,                   0,                   0,                   0,                   0,             0.11051,            0.011662,            0.048706,              1.0986,                   0,            0.014186,           0.0091865,           0.0091865
                  12,             0.10789,            0.014408,            0.047828,              1.0991,                   0,                   0,                   0,                   0,                   0,             0.10916,            0.011712,            0.048645,              1.0996,                   0,             0.00964,             0.00964,             0.00964
                  13,             0.10621,            0.014556,            0.047851,              1.0965,                   0,                   0,                   0,                   0,                   0,             0.10702,            0.011894,            0.048486,              1.0996,                   0,             0.00964,             0.00964,             0.00964
                  14,             0.10515,              0.0146,            0.047684,              1.0951,                   0,                   0,                   0,                   0,                   0,             0.10484,            0.012186,            0.047546,              1.0996,                   0,             0.00961,             0.00961,             0.00961
                  15,             0.10342,            0.014795,            0.047168,              1.0961,                   0,                   0,                   0,                   0,                   0,             0.10288,            0.012396,            0.047583,              1.0938,                   0,             0.00958,             0.00958,             0.00958
                  16,             0.10231,            0.014945,            0.047136,              1.0963,                   0,                   0,                   0,                   0,                   0,             0.10161,            0.012515,            0.047852,              1.0957,                   0,             0.00955,             0.00955,             0.00955
                  17,             0.10177,            0.014931,            0.047071,              1.0951,                   0,                   0,                   0,                   0,                   0,             0.10071,            0.012637,              0.0479,              1.0918,                   0,             0.00952,             0.00952,             0.00952
                  18,             0.10085,            0.015056,            0.046964,              1.0933,                   0,                   0,                   0,                   0,                   0,            0.099318,            0.012784,            0.047437,              1.0928,                   0,             0.00949,             0.00949,             0.00949
                  19,            0.099741,            0.015222,            0.046426,              1.0931,                   0,          8.9496e-05,            0.028226,          5.0038e-05,          1.8004e-05,            0.097562,             0.01301,            0.046936,              1.0898,                   0,             0.00946,             0.00946,             0.00946
                  20,            0.099741,            0.015174,            0.046533,              1.0912,                   0,          0.00020891,            0.076613,          0.00013778,          4.2121e-05,            0.096702,            0.013108,            0.047046,              1.0889,                   0,             0.00943,             0.00943,             0.00943
                  21,            0.098417,            0.015322,            0.046321,              1.0905,                   0,          0.00029393,               0.125,          0.00022582,          6.0549e-05,            0.095761,            0.013239,            0.046387,              1.0869,                   0,              0.0094,              0.0094,              0.0094
                  22,            0.097513,            0.015413,            0.046185,              1.0903,                   0,           0.0014144,             0.14141,          0.00088701,          0.00019446,            0.095356,            0.013274,            0.046753,              1.0898,                   0,             0.00937,             0.00937,             0.00937
                  23,            0.096473,             0.01554,            0.046405,              1.0908,                   0,           0.0014899,             0.15599,           0.0010652,          0.00020892,            0.093553,            0.013501,            0.046277,              1.0898,                   0,             0.00934,             0.00934,             0.00934
                  24,            0.095045,            0.015682,            0.046326,              1.0898,                   0,          0.00084067,             0.18023,           0.0011837,          0.00029357,             0.09267,            0.013633,            0.046069,              1.0879,                   0,             0.00931,             0.00931,             0.00931
                  25,            0.094235,            0.015743,            0.045901,              1.0903,                   0,           0.0010767,             0.22523,           0.0027513,          0.00094758,             0.09097,            0.013854,            0.045911,               1.083,                   0,             0.00928,             0.00928,             0.00928
                  26,            0.092836,               0.016,            0.045938,              1.0864,                   0,           0.0014198,             0.25516,           0.0049836,           0.0016913,             0.08891,            0.014104,            0.045459,              1.0859,                   0,             0.00925,             0.00925,             0.00925
                  27,            0.091054,            0.016176,            0.045469,              1.0845,                   0,           0.0014008,             0.25054,           0.0014028,          0.00034701,             0.08706,            0.014289,            0.045496,              1.0801,                   0,             0.00922,             0.00922,             0.00922
                  28,            0.088748,            0.016341,            0.045363,              1.0816,                   0,           0.0016689,             0.25893,           0.0029806,          0.00085537,            0.084723,            0.014541,            0.045129,              1.0791,                   0,             0.00919,             0.00919,             0.00919
                  29,            0.087499,            0.016464,              0.0451,              1.0819,                   0,           0.0025578,             0.28641,           0.0070187,            0.001035,            0.082448,            0.014829,            0.044495,              1.0791,                   0,             0.00916,             0.00916,             0.00916
                  30,            0.085816,            0.016653,            0.044659,              1.0815,                   0,           0.0010169,             0.30342,           0.0035004,          0.00080871,            0.080662,            0.014963,            0.044116,              1.0752,                   0,             0.00913,             0.00913,             0.00913
                  31,            0.082832,            0.017053,            0.044323,              1.0807,                   0,           0.0012383,             0.31341,           0.0066188,           0.0017375,            0.078687,            0.015073,            0.043445,              1.0723,                   0,              0.0091,              0.0091,              0.0091
                  32,            0.081473,            0.017083,            0.043764,              1.0758,                   0,           0.0050771,             0.33307,            0.012216,            0.003047,            0.077081,            0.015131,            0.042957,              1.0703,                   0,             0.00907,             0.00907,             0.00907
                  33,            0.079431,            0.017251,            0.043058,              1.0742,                   0,           0.0041315,             0.37811,            0.011605,           0.0030339,            0.074947,            0.015247,            0.042297,              1.0664,                   0,             0.00904,             0.00904,             0.00904
                  34,            0.077926,            0.017203,            0.042361,              1.0678,                   0,           0.0037944,              0.4534,            0.012268,           0.0030567,            0.074456,             0.01515,            0.041248,              1.0615,                   0,             0.00901,             0.00901,             0.00901
                  35,            0.074788,            0.017375,            0.041077,              1.0639,                   0,           0.0030101,             0.58423,            0.014195,           0.0039445,            0.073187,            0.015134,            0.039789,              1.0537,                   0,             0.00898,             0.00898,             0.00898
                  36,            0.073739,            0.017287,            0.039905,               1.062,                   0,           0.0032701,             0.69966,            0.021583,           0.0062575,            0.071407,            0.015202,            0.038147,              1.0449,                   0,             0.00895,             0.00895,             0.00895
                  37,            0.071613,            0.017241,            0.038351,              1.0538,                   0,           0.0030739,             0.72093,            0.039207,            0.009778,            0.068872,            0.015289,            0.036359,               1.042,                   0,             0.00892,             0.00892,             0.00892
                  38,            0.070577,            0.017062,            0.037036,              1.0447,                   0,             0.60868,            0.063099,            0.031815,            0.007654,            0.067882,            0.014976,            0.034906,              1.0293,                   0,             0.00889,             0.00889,             0.00889
                  39,            0.067902,            0.017023,            0.035587,              1.0433,                   0,             0.27584,            0.088988,            0.027933,           0.0074059,            0.067832,            0.014715,            0.033423,              1.0166,                   0,             0.00886,             0.00886,             0.00886
                  40,            0.066655,            0.016745,            0.034693,              1.0327,                   0,             0.30297,            0.098702,            0.047465,            0.012551,            0.064097,            0.014999,            0.032361,              1.0049,                   0,             0.00883,             0.00883,             0.00883
                  41,            0.064109,            0.016769,            0.033116,              1.0239,                   0,             0.30513,             0.10273,            0.046435,            0.010809,            0.064271,            0.014741,            0.030878,             0.99609,                   0,              0.0088,              0.0088,              0.0088
                  42,            0.063877,            0.016565,            0.032359,              1.0117,                   0,             0.34025,              0.1598,            0.060677,            0.015224,            0.063275,            0.014567,            0.030414,             0.99023,                   0,             0.00877,             0.00877,             0.00877
                  43,            0.063112,            0.016397,            0.031422,             0.99372,                   0,             0.34777,             0.12571,            0.072472,            0.018534,            0.065347,            0.014051,            0.029102,              0.9624,                   0,             0.00874,             0.00874,             0.00874
                  44,            0.061661,            0.016225,            0.030249,             0.98345,                   0,             0.34796,             0.15957,            0.070597,            0.019842,            0.063022,            0.014009,            0.028046,             0.94238,                   0,             0.00871,             0.00871,             0.00871
                  45,             0.06057,            0.016039,            0.028948,             0.96608,                   0,             0.31837,              0.1163,            0.059968,            0.015765,            0.063012,            0.013832,            0.026746,              0.9375,                   0,             0.00868,             0.00868,             0.00868
                  46,            0.060169,            0.015965,            0.027899,             0.94401,                   0,             0.34732,             0.11547,            0.066955,            0.019164,            0.062804,            0.013604,            0.025201,             0.90723,                   0,             0.00865,             0.00865,             0.00865
                  47,            0.059391,            0.015669,            0.026926,             0.92775,                   0,             0.40083,             0.14701,            0.092326,            0.028146,            0.061799,            0.013596,            0.024536,             0.87939,                   0,             0.00862,             0.00862,             0.00862
                  48,            0.059004,            0.015613,            0.025735,              0.9049,                   0,             0.38885,             0.15795,             0.10511,            0.031202,            0.063139,            0.013401,            0.023474,             0.88867,                   0,             0.00859,             0.00859,             0.00859
                  49,            0.057584,            0.015487,            0.024587,             0.88707,                   0,              0.3962,             0.17514,            0.093473,              0.0274,             0.06054,            0.013363,            0.022717,             0.83789,                   0,             0.00856,             0.00856,             0.00856
                  50,            0.056377,            0.015351,            0.023586,             0.86211,                   0,             0.37413,             0.10955,            0.074549,            0.021513,            0.063171,            0.012976,            0.022247,             0.79932,                   0,             0.00853,             0.00853,             0.00853
                  51,            0.055896,            0.015305,            0.023146,             0.83869,                   0,             0.61932,            0.073415,            0.076566,            0.021696,            0.060943,            0.012971,            0.021198,              0.8042,                   0,              0.0085,              0.0085,              0.0085
                  52,            0.055596,             0.01504,            0.021737,             0.81045,                   0,             0.64098,            0.054168,            0.092629,            0.026963,            0.061182,            0.012881,            0.020831,                0.75,                   0,             0.00847,             0.00847,             0.00847
                  53,            0.055408,             0.01489,             0.02071,             0.77748,                   0,               0.568,             0.10595,            0.062176,            0.015517,            0.060805,            0.012737,             0.01991,             0.70752,                   0,             0.00844,             0.00844,             0.00844
                  54,            0.054492,            0.014715,            0.020497,             0.75813,                   0,           0.0035366,             0.89884,            0.043031,           0.0090144,            0.062056,            0.012489,            0.020239,             0.68652,                   0,             0.00841,             0.00841,             0.00841
                  55,            0.053664,            0.014604,             0.01989,             0.73459,                   0,           0.0036795,             0.89105,            0.037319,           0.0086575,            0.058495,            0.012657,            0.019537,             0.64648,                   0,             0.00838,             0.00838,             0.00838
                  56,            0.053448,            0.014357,             0.01907,             0.71035,                   0,           0.0037502,             0.90673,            0.056828,            0.012067,             0.05757,            0.012431,            0.018546,               0.625,                   0,             0.00835,             0.00835,             0.00835
                  57,            0.052645,            0.014243,            0.018401,             0.68376,                   0,            0.056607,             0.23145,            0.066113,            0.014608,            0.060634,            0.012183,            0.018298,             0.61719,                   0,             0.00832,             0.00832,             0.00832
                  58,             0.05234,             0.01416,            0.017906,             0.66535,                   0,           0.0078483,             0.81387,            0.061407,            0.014153,            0.059515,            0.012199,            0.017542,             0.58105,                   0,             0.00829,             0.00829,             0.00829
                  59,            0.051807,            0.014087,             0.01773,             0.65185,                   0,             0.43089,            0.044016,            0.068807,            0.016278,            0.063168,             0.01203,            0.017584,             0.55713,                   0,             0.00826,             0.00826,             0.00826
                  60,            0.051066,            0.013943,            0.017331,             0.62061,                   0,           0.0035365,             0.88811,            0.060499,             0.01426,             0.05782,            0.012094,            0.017294,              0.5332,                   0,             0.00823,             0.00823,             0.00823
                  61,            0.051155,            0.013817,            0.016994,             0.60264,                   0,           0.0037318,             0.91314,            0.069783,            0.015639,            0.055327,            0.012072,             0.01701,             0.50684,                   0,              0.0082,              0.0082,              0.0082
                  62,            0.050483,            0.013735,            0.016504,             0.57652,                   0,           0.0037738,             0.91076,             0.07824,            0.018268,            0.059212,            0.011691,            0.017139,             0.50439,                   0,             0.00817,             0.00817,             0.00817
                  63,            0.049991,            0.013657,            0.016436,             0.56889,                   0,           0.0037643,             0.91616,            0.074793,            0.018953,            0.055766,            0.011877,            0.016583,              0.4751,                   0,             0.00814,             0.00814,             0.00814
                  64,            0.049657,            0.013449,              0.0156,             0.53777,                   0,           0.0039081,              0.9048,            0.071404,             0.01725,            0.056439,             0.01179,            0.016302,             0.46875,                   0,             0.00811,             0.00811,             0.00811
                  65,            0.049357,            0.013366,            0.015802,             0.52031,                   0,           0.0038758,             0.90049,            0.073111,            0.015118,            0.055791,            0.011601,            0.016122,             0.44751,                   0,             0.00808,             0.00808,             0.00808
                  66,            0.049826,            0.013271,            0.015595,             0.50608,                   0,           0.0040618,             0.89912,            0.053428,            0.011722,            0.054996,            0.011706,            0.016281,             0.43213,                   0,             0.00805,             0.00805,             0.00805
                  67,            0.048222,            0.013332,            0.015789,             0.49084,                   0,           0.0042604,             0.90233,            0.060214,            0.012888,            0.057784,             0.01143,             0.01575,             0.41699,                   0,             0.00802,             0.00802,             0.00802
                  68,            0.048225,            0.013226,             0.01546,             0.47602,                   0,           0.0039786,             0.90508,             0.04372,            0.010053,            0.052613,            0.011601,            0.016263,             0.39697,                   0,             0.00799,             0.00799,             0.00799
                  69,            0.047158,            0.013127,            0.015139,             0.44705,                   0,           0.0040744,             0.92341,            0.057204,            0.013111,            0.056409,            0.011335,            0.015994,             0.39551,                   0,             0.00796,             0.00796,             0.00796
                  70,            0.047028,            0.013005,            0.015002,             0.43735,                   0,             0.58464,            0.038856,            0.065769,            0.014458,             0.05735,            0.011272,            0.015924,             0.38525,                   0,             0.00793,             0.00793,             0.00793
                  71,             0.04587,            0.013012,             0.01487,             0.43324,                   0,           0.0042444,             0.91286,             0.04815,            0.011239,            0.057121,            0.011211,            0.015286,             0.35522,                   0,              0.0079,              0.0079,              0.0079
                  72,            0.046378,            0.012965,            0.014989,             0.42982,                   0,           0.0034905,             0.89321,            0.049226,            0.010233,            0.052505,            0.011522,            0.015549,             0.36011,                   0,             0.00787,             0.00787,             0.00787
                  73,            0.045629,            0.012706,            0.014452,             0.39798,                   0,           0.0037639,             0.92716,            0.067185,            0.013954,            0.053764,            0.011359,            0.015549,             0.33936,                   0,             0.00784,             0.00784,             0.00784
                  74,            0.046265,            0.012744,             0.01483,             0.39584,                   0,           0.0041643,             0.89917,            0.053395,            0.012986,            0.054951,            0.011348,            0.015607,              0.3335,                   0,             0.00781,             0.00781,             0.00781
                  75,            0.045569,            0.012707,            0.014827,              0.3886,                   0,           0.0043462,             0.89884,            0.054079,            0.013252,            0.054627,            0.011306,            0.015717,             0.33105,                   0,             0.00778,             0.00778,             0.00778
                  76,            0.045445,             0.01269,            0.014686,             0.37175,                   0,            0.027591,             0.37201,            0.061659,            0.014732,            0.057475,            0.011151,            0.015762,             0.31177,                   0,             0.00775,             0.00775,             0.00775
                  77,            0.044973,            0.012555,            0.014468,             0.35351,                   0,              0.3227,             0.11658,            0.040864,            0.010504,            0.055428,            0.011055,            0.015002,             0.30298,                   0,             0.00772,             0.00772,             0.00772
                  78,            0.044329,            0.012374,             0.01426,             0.34779,                   0,             0.86788,            0.020462,            0.075609,            0.017221,              0.0533,            0.011079,            0.015363,             0.29663,                   0,             0.00769,             0.00769,             0.00769
                  79,            0.044098,            0.012425,            0.014459,             0.34224,                   0,             0.82646,            0.017045,             0.08158,             0.01933,            0.051476,            0.011155,            0.015488,             0.28931,                   0,             0.00766,             0.00766,             0.00766
                  80,            0.043408,            0.012331,            0.014341,             0.32456,                   0,             0.80302,            0.032915,            0.089544,            0.020099,            0.054114,            0.010993,            0.015125,             0.27979,                   0,             0.00763,             0.00763,             0.00763
                  81,            0.042396,            0.012368,            0.014185,             0.30666,                   0,            0.015417,             0.77635,            0.084509,            0.022554,            0.052846,            0.011002,            0.014886,             0.26489,                   0,              0.0076,              0.0076,              0.0076
                  82,            0.043634,            0.012267,            0.014303,             0.31515,                   0,             0.81801,           0.0056818,            0.078925,            0.020406,            0.051967,            0.010981,            0.014706,             0.26538,                   0,             0.00757,             0.00757,             0.00757
                  83,             0.04256,            0.012198,            0.014165,             0.31188,                   0,             0.63982,            0.029918,            0.096348,            0.026308,            0.053944,            0.011016,            0.015314,             0.26514,                   0,             0.00754,             0.00754,             0.00754
                  84,            0.042482,            0.012125,            0.014187,             0.29487,                   0,             0.49121,            0.018469,             0.10028,            0.025093,            0.055953,            0.010935,            0.014529,             0.25903,                   0,             0.00751,             0.00751,             0.00751
                  85,            0.041875,            0.012112,            0.014185,              0.2986,                   0,             0.38629,            0.019428,            0.077857,            0.018616,            0.054963,             0.01096,            0.015033,             0.24426,                   0,             0.00748,             0.00748,             0.00748
                  86,            0.041042,            0.012117,            0.013963,              0.2746,                   0,             0.41188,            0.034824,            0.096117,            0.020462,            0.053474,             0.01086,            0.014661,             0.24548,                   0,             0.00745,             0.00745,             0.00745
                  87,            0.041376,            0.011963,            0.013884,             0.27404,                   0,              0.5397,            0.060326,              0.1002,            0.022098,            0.054176,            0.010797,            0.014862,             0.23132,                   0,             0.00742,             0.00742,             0.00742
                  88,            0.041062,            0.011976,            0.014023,             0.28192,                   0,             0.40792,            0.063707,            0.078886,            0.018272,            0.053391,            0.010844,            0.015097,             0.23743,                   0,             0.00739,             0.00739,             0.00739
                  89,            0.039834,             0.01189,            0.013736,             0.25958,                   0,             0.67251,            0.028605,            0.075962,            0.017312,            0.055355,            0.010786,             0.01481,             0.21948,                   0,             0.00736,             0.00736,             0.00736
                  90,            0.041653,            0.011854,            0.013973,             0.24471,                   0,             0.69503,            0.032405,            0.080662,            0.020315,             0.05659,            0.010787,             0.01474,             0.20996,                   0,             0.00733,             0.00733,             0.00733
                  91,            0.039925,             0.01188,            0.013861,             0.24042,                   0,              0.6174,            0.027234,            0.082792,            0.016569,            0.051988,            0.010792,            0.014624,             0.20703,                   0,              0.0073,              0.0073,              0.0073
                  92,            0.040688,            0.011687,            0.013798,             0.24624,                   0,             0.62202,            0.022923,            0.079138,            0.018954,            0.053048,            0.010844,            0.014822,             0.19885,                   0,             0.00727,             0.00727,             0.00727
                  93,             0.03889,            0.011722,            0.013854,             0.23921,                   0,           0.0037667,             0.90155,            0.099794,            0.029497,            0.054161,            0.010781,            0.014877,             0.19678,                   0,             0.00724,             0.00724,             0.00724
                  94,            0.039496,            0.011728,            0.013827,             0.24527,                   0,             0.65837,            0.025347,            0.086957,            0.019846,            0.053725,            0.010808,            0.014566,              0.1908,                   0,             0.00721,             0.00721,             0.00721
                  95,            0.039172,            0.011569,            0.013651,             0.22286,                   0,           0.0037252,             0.89724,            0.085783,            0.021382,            0.057141,            0.010702,            0.014771,             0.19153,                   0,             0.00718,             0.00718,             0.00718
                  96,            0.038978,            0.011547,            0.013785,             0.21816,                   0,              0.4358,            0.016583,            0.059052,            0.013414,            0.052576,            0.010642,            0.014664,             0.18054,                   0,             0.00715,             0.00715,             0.00715
                  97,            0.038781,            0.011559,             0.01375,             0.21319,                   0,             0.40963,            0.021811,            0.073845,            0.019665,            0.052923,            0.010623,            0.014502,             0.18481,                   0,             0.00712,             0.00712,             0.00712
                  98,            0.038382,             0.01153,             0.01373,             0.21376,                   0,             0.36462,            0.011364,            0.072501,            0.017731,            0.050878,            0.010816,            0.014737,             0.19141,                   0,             0.00709,             0.00709,             0.00709
                  99,            0.038958,             0.01156,             0.01385,             0.21173,                   0,             0.38075,             0.05498,            0.063445,            0.016523,            0.051196,            0.010723,            0.014554,             0.17896,                   0,             0.00706,             0.00706,             0.00706
                 100,            0.039158,            0.011436,             0.01363,              0.2027,                   0,             0.86882,            0.045455,             0.12196,                0.03,            0.055013,            0.010602,             0.01489,             0.17993,                   0,             0.00703,             0.00703,             0.00703
                 101,            0.037221,            0.011357,            0.013643,             0.19205,                   0,             0.10869,             0.23821,            0.081987,            0.024105,            0.052215,            0.010739,            0.014398,             0.16919,                   0,               0.007,               0.007,               0.007
                 102,            0.037521,            0.011392,            0.013704,             0.20107,                   0,             0.60221,            0.012097,             0.09552,            0.025667,            0.053192,            0.010779,            0.015018,             0.16577,                   0,             0.00697,             0.00697,             0.00697
                 103,            0.037992,            0.011337,            0.013709,             0.18438,                   0,              0.6646,            0.089822,             0.13198,            0.039728,            0.056078,            0.010676,            0.014871,             0.17053,                   0,             0.00694,             0.00694,             0.00694
                 104,            0.036796,            0.011304,             0.01368,             0.19404,                   0,             0.53302,             0.10366,             0.15914,            0.050416,            0.051281,            0.010718,            0.014722,             0.16309,                   0,             0.00691,             0.00691,             0.00691
                 105,             0.03679,            0.011223,            0.013526,             0.18197,                   0,             0.52405,             0.26473,             0.24987,            0.067131,            0.050771,            0.010563,            0.014691,             0.16772,                   0,             0.00688,             0.00688,             0.00688
                 106,            0.037106,            0.011188,            0.013506,             0.16826,                   0,             0.51722,               0.102,             0.21139,            0.055486,            0.052639,            0.010661,            0.015009,             0.16284,                   0,             0.00685,             0.00685,             0.00685
                 107,            0.036015,            0.011108,            0.013543,             0.18168,                   0,             0.46082,            0.035182,             0.13855,            0.038651,            0.052083,            0.010742,            0.015015,             0.15979,                   0,             0.00682,             0.00682,             0.00682
                 108,            0.036881,            0.011121,             0.01353,             0.17147,                   0,             0.51038,            0.073001,             0.11613,            0.034701,            0.054079,            0.010616,             0.01517,             0.14746,                   0,             0.00679,             0.00679,             0.00679
                 109,            0.036013,            0.011067,            0.013608,               0.174,                   0,             0.43931,            0.095788,             0.12234,            0.033857,            0.054021,            0.010678,            0.015182,             0.16724,                   0,             0.00676,             0.00676,             0.00676
                 110,            0.035754,              0.0111,            0.013557,             0.16417,                   0,             0.48538,            0.050274,             0.09069,            0.025907,            0.051984,            0.010615,            0.015121,             0.15051,                   0,             0.00673,             0.00673,             0.00673
                 111,            0.036249,            0.011091,            0.013524,             0.16532,                   0,              0.4668,            0.092849,            0.094586,            0.024895,            0.052602,            0.010689,            0.014862,             0.15979,                   0,              0.0067,              0.0067,              0.0067
                 112,            0.037658,            0.010991,            0.013471,             0.15617,                   0,             0.52249,             0.13114,             0.15439,            0.038746,            0.051642,            0.010671,            0.014908,             0.15515,                   0,             0.00667,             0.00667,             0.00667
                 113,            0.036037,            0.010997,            0.013533,             0.16603,                   0,             0.51159,             0.13564,              0.2013,            0.054004,            0.055839,            0.010562,             0.01488,             0.15454,                   0,             0.00664,             0.00664,             0.00664
                 114,            0.035625,            0.010981,            0.013564,              0.1617,                   0,             0.50407,             0.17311,             0.17075,            0.044049,            0.049679,            0.010684,            0.014685,              0.1571,                   0,             0.00661,             0.00661,             0.00661
                 115,             0.03508,             0.01096,            0.013498,             0.14969,                   0,              0.5556,             0.15726,             0.18465,            0.054268,            0.054909,            0.010723,            0.015063,             0.15906,                   0,             0.00658,             0.00658,             0.00658
                 116,            0.034405,            0.010876,            0.013403,             0.15314,                   0,             0.36902,             0.17852,             0.20102,            0.060157,            0.053117,            0.010752,            0.015048,             0.14551,                   0,             0.00655,             0.00655,             0.00655
                 117,            0.036777,             0.01093,            0.013554,             0.15565,                   0,              0.4774,            0.080367,             0.13107,             0.03735,            0.054235,            0.010645,            0.014935,             0.14209,                   0,             0.00652,             0.00652,             0.00652
                 118,            0.035958,            0.010876,            0.013369,             0.15125,                   0,             0.55375,             0.13706,             0.20671,            0.047928,            0.051675,             0.01061,            0.015018,             0.13672,                   0,             0.00649,             0.00649,             0.00649
                 119,            0.034463,            0.010867,            0.013371,             0.13643,                   0,             0.51106,             0.12192,             0.14481,            0.038812,            0.052725,            0.010562,            0.014786,              0.1438,                   0,             0.00646,             0.00646,             0.00646
                 120,            0.035479,             0.01084,            0.013698,             0.15425,                   0,             0.21119,             0.10982,             0.14126,             0.03645,            0.054113,            0.010689,            0.015338,             0.14355,                   0,             0.00643,             0.00643,             0.00643
                 121,            0.034095,            0.010769,            0.013557,             0.13918,                   0,             0.46203,             0.13615,             0.12096,            0.028149,            0.053919,            0.010832,            0.015405,             0.13367,                   0,              0.0064,              0.0064,              0.0064
                 122,            0.034918,            0.010703,            0.013469,             0.13635,                   0,             0.51266,             0.19044,             0.17323,            0.043978,            0.051646,            0.010703,            0.015155,             0.13208,                   0,             0.00637,             0.00637,             0.00637
                 123,            0.034596,            0.010836,            0.013658,             0.14807,                   0,             0.51634,             0.17856,             0.16344,            0.043025,            0.052813,            0.010748,            0.015131,             0.12976,                   0,             0.00634,             0.00634,             0.00634
                 124,            0.034147,            0.010731,            0.013501,             0.13212,                   0,             0.55118,             0.19623,             0.18947,            0.049094,            0.050831,            0.010769,            0.015082,             0.14124,                   0,             0.00631,             0.00631,             0.00631
                 125,            0.034869,             0.01075,            0.013441,             0.14443,                   0,             0.51268,             0.21904,             0.17665,            0.048561,            0.053341,             0.01062,            0.015234,             0.12927,                   0,             0.00628,             0.00628,             0.00628
                 126,            0.033224,            0.010672,            0.013441,             0.13545,                   0,             0.55785,             0.25279,             0.20845,            0.059807,            0.052524,            0.010724,              0.0151,             0.12646,                   0,             0.00625,             0.00625,             0.00625
                 127,            0.033368,            0.010536,              0.0134,             0.14508,                   0,             0.59234,             0.27903,             0.28701,            0.079593,            0.050508,            0.010803,            0.015326,             0.12378,                   0,             0.00622,             0.00622,             0.00622
                 128,            0.033079,            0.010598,            0.013381,             0.12848,                   0,             0.52273,             0.14892,             0.16406,             0.04759,            0.055389,             0.01076,            0.015411,             0.12256,                   0,             0.00619,             0.00619,             0.00619
                 129,            0.032438,            0.010603,            0.013359,             0.12008,                   0,             0.60151,             0.23851,              0.2274,            0.061811,            0.052308,            0.010679,            0.015335,             0.12939,                   0,             0.00616,             0.00616,             0.00616
                 130,            0.032178,            0.010587,            0.013383,             0.12254,                   0,             0.54548,             0.14344,             0.17248,             0.05023,            0.053694,            0.010639,            0.015439,             0.11774,                   0,             0.00613,             0.00613,             0.00613
                 131,            0.033319,            0.010624,            0.013455,             0.13185,                   0,             0.53973,              0.2085,             0.22471,            0.066519,            0.051391,            0.010541,            0.015552,             0.12183,                   0,              0.0061,              0.0061,              0.0061
                 132,            0.033179,            0.010585,            0.013384,             0.12187,                   0,             0.54073,              0.1528,             0.18891,            0.050459,            0.052021,            0.010771,            0.015244,             0.11945,                   0,             0.00607,             0.00607,             0.00607
                 133,            0.033231,            0.010588,            0.013517,             0.12356,                   0,             0.61672,             0.12906,              0.1765,            0.053179,            0.050607,            0.010734,            0.015497,             0.12927,                   0,             0.00604,             0.00604,             0.00604
                 134,            0.033911,            0.010611,            0.013693,             0.11715,                   0,             0.49448,             0.18765,             0.19819,            0.051398,            0.052133,            0.010815,            0.015393,                0.12,                   0,             0.00601,             0.00601,             0.00601
                 135,            0.032051,            0.010491,            0.013346,             0.12374,                   0,             0.48604,              0.2121,              0.2176,            0.056767,            0.051721,            0.010786,            0.015503,              0.1272,                   0,             0.00598,             0.00598,             0.00598
                 136,            0.033349,            0.010509,             0.01348,             0.12318,                   0,             0.50775,             0.18742,             0.19528,            0.053645,            0.049494,            0.010818,             0.01546,             0.12299,                   0,             0.00595,             0.00595,             0.00595
                 137,            0.032104,            0.010495,            0.013302,             0.11447,                   0,             0.42909,             0.15671,             0.17205,            0.042156,            0.050623,            0.010776,            0.015176,             0.12866,                   0,             0.00592,             0.00592,             0.00592
                 138,            0.032841,            0.010449,            0.013386,             0.12752,                   0,             0.55145,             0.13939,              0.1792,            0.055118,            0.056842,            0.010695,            0.015311,             0.12659,                   0,             0.00589,             0.00589,             0.00589
                 139,            0.032847,            0.010529,            0.013709,             0.13222,                   0,             0.55139,             0.19402,             0.21684,            0.058796,            0.049515,            0.010748,            0.015109,             0.12402,                   0,             0.00586,             0.00586,             0.00586
                 140,             0.03197,            0.010391,            0.013437,              0.1241,                   0,             0.54927,             0.14844,             0.14145,            0.038184,            0.052648,            0.010747,             0.01571,             0.12482,                   0,             0.00583,             0.00583,             0.00583
                 141,            0.032697,            0.010417,             0.01333,             0.11346,                   0,              0.5697,             0.22849,             0.23394,            0.058564,            0.053405,            0.010721,            0.015372,             0.11853,                   0,              0.0058,              0.0058,              0.0058
                 142,            0.031602,            0.010355,            0.013474,             0.11479,                   0,             0.57196,             0.21458,             0.24922,            0.062695,            0.052118,            0.010811,            0.015628,             0.10852,                   0,             0.00577,             0.00577,             0.00577
                 143,            0.030867,            0.010281,            0.013332,             0.10523,                   0,             0.47046,             0.31489,              0.3097,             0.08653,            0.053871,             0.01085,            0.015973,             0.11011,                   0,             0.00574,             0.00574,             0.00574
                 144,            0.030741,             0.01034,            0.013317,             0.10958,                   0,             0.66407,             0.25572,             0.28681,            0.083301,            0.052845,               0.011,            0.015811,             0.11255,                   0,             0.00571,             0.00571,             0.00571
                 145,            0.032271,            0.010354,            0.013342,            0.098764,                   0,             0.62163,              0.3275,             0.36322,             0.10335,            0.051166,            0.010889,            0.015942,             0.11597,                   0,             0.00568,             0.00568,             0.00568
                 146,            0.032059,            0.010341,            0.013563,             0.11494,                   0,             0.64063,             0.28752,             0.31177,            0.098013,            0.052318,            0.010721,            0.015793,              0.1156,                   0,             0.00565,             0.00565,             0.00565
                 147,            0.031071,            0.010361,            0.013484,              0.1141,                   0,             0.66493,             0.25063,             0.27443,            0.083736,            0.049424,            0.010748,            0.015793,             0.12549,                   0,             0.00562,             0.00562,             0.00562
                 148,            0.031844,             0.01037,            0.013358,             0.12022,                   0,             0.60905,              0.3086,             0.31947,             0.10389,            0.051342,            0.010744,            0.015637,             0.11633,                   0,             0.00559,             0.00559,             0.00559
                 149,            0.030449,            0.010331,            0.013265,             0.10928,                   0,             0.66099,             0.26385,             0.28423,            0.091128,            0.050589,             0.01067,             0.01579,             0.11658,                   0,             0.00556,             0.00556,             0.00556
                 150,            0.030552,            0.010204,            0.013316,             0.12849,                   0,             0.61716,             0.27936,             0.34301,             0.11818,            0.052156,            0.010536,            0.015414,              0.1134,                   0,             0.00553,             0.00553,             0.00553
                 151,            0.030808,            0.010288,            0.013431,             0.10383,                   0,             0.64244,             0.32501,             0.38146,             0.11971,            0.050795,            0.010765,            0.015521,             0.11029,                   0,              0.0055,              0.0055,              0.0055
                 152,             0.03057,            0.010185,             0.01353,             0.10952,                   0,             0.69991,             0.38616,             0.43527,             0.14411,             0.05109,            0.010607,            0.015417,             0.11523,                   0,             0.00547,             0.00547,             0.00547
                 153,            0.031681,            0.010336,             0.01351,             0.12035,                   0,             0.70961,              0.3568,             0.36442,             0.10668,            0.053938,            0.010803,            0.015747,             0.11926,                   0,             0.00544,             0.00544,             0.00544
                 154,            0.031413,            0.010237,            0.013506,             0.10997,                   0,             0.66601,             0.35247,             0.38324,             0.12553,            0.051595,            0.010761,            0.016037,             0.11841,                   0,             0.00541,             0.00541,             0.00541
                 155,            0.030361,            0.010207,            0.013343,             0.11372,                   0,             0.65816,             0.38949,             0.40957,             0.13231,            0.051477,            0.010694,            0.015942,              0.1181,                   0,             0.00538,             0.00538,             0.00538
                 156,              0.0318,            0.010195,            0.013374,             0.11112,                   0,             0.65157,              0.4291,             0.45601,             0.14816,            0.050563,            0.010695,            0.015891,             0.12769,                   0,             0.00535,             0.00535,             0.00535
                 157,            0.030299,            0.010148,            0.013372,             0.11215,                   0,             0.72068,             0.30481,             0.35498,             0.11131,            0.052158,            0.010716,            0.015851,             0.11835,                   0,             0.00532,             0.00532,             0.00532
                 158,            0.030426,            0.010191,            0.013314,             0.11048,                   0,             0.69914,             0.37031,             0.39946,             0.12288,            0.050611,            0.010649,            0.015771,             0.11914,                   0,             0.00529,             0.00529,             0.00529
                 159,            0.030049,            0.010172,            0.013269,             0.10197,                   0,             0.72794,             0.41358,             0.45823,             0.14013,            0.051294,             0.01067,            0.016217,             0.12317,                   0,             0.00526,             0.00526,             0.00526
                 160,            0.030197,            0.010284,            0.013396,             0.11266,                   0,             0.74305,             0.42096,             0.45965,             0.14491,            0.051411,            0.010671,            0.016074,             0.12634,                   0,             0.00523,             0.00523,             0.00523
                 161,            0.030152,            0.010098,            0.013257,             0.10675,                   0,             0.75028,             0.37823,             0.42964,              0.1382,            0.051327,            0.010752,            0.015955,             0.12384,                   0,              0.0052,              0.0052,              0.0052
                 162,            0.030377,            0.010106,            0.013299,             0.10857,                   0,             0.49302,             0.28985,             0.30269,            0.098014,             0.05344,            0.010681,            0.015768,             0.11621,                   0,             0.00517,             0.00517,             0.00517
                 163,            0.029936,            0.010206,             0.01345,             0.10749,                   0,             0.48462,             0.28489,             0.30338,             0.10117,            0.052035,            0.010755,            0.015952,             0.13159,                   0,             0.00514,             0.00514,             0.00514
                 164,            0.029773,            0.010056,            0.013316,             0.10868,                   0,             0.54015,             0.24414,              0.3119,             0.10168,            0.051378,            0.010811,            0.016052,             0.12537,                   0,             0.00511,             0.00511,             0.00511
                 165,            0.028692,            0.010101,             0.01334,             0.10128,                   0,             0.72873,             0.36911,             0.38478,             0.13258,            0.050782,            0.010797,            0.015771,             0.12244,                   0,             0.00508,             0.00508,             0.00508
                 166,            0.030316,            0.010107,            0.013379,            0.089101,                   0,             0.73366,             0.43755,             0.44856,              0.1661,            0.052463,            0.010829,            0.015585,             0.11078,                   0,             0.00505,             0.00505,             0.00505
                 167,            0.028842,            0.010018,            0.013402,             0.10334,                   0,             0.58897,             0.30375,             0.33526,             0.12253,             0.05241,            0.010739,            0.015558,             0.10205,                   0,             0.00502,             0.00502,             0.00502
                 168,            0.028784,            0.010041,             0.01332,            0.096282,                   0,             0.48973,              0.3277,             0.33354,             0.11272,            0.049781,            0.010873,            0.015778,             0.10254,                   0,             0.00499,             0.00499,             0.00499
                 169,            0.029709,            0.010066,            0.013277,             0.09135,                   0,             0.71211,             0.33739,             0.40844,             0.14494,            0.054418,            0.011021,             0.01618,             0.10907,                   0,             0.00496,             0.00496,             0.00496
                 170,            0.030053,           0.0099885,            0.013292,            0.087191,                   0,             0.65902,             0.42436,             0.45668,             0.15889,            0.052013,            0.010865,             0.01597,             0.11865,                   0,             0.00493,             0.00493,             0.00493
                 171,            0.029558,            0.010041,            0.013379,             0.10178,                   0,             0.78298,             0.33675,             0.39247,             0.13266,            0.052021,            0.010774,            0.016043,             0.11273,                   0,              0.0049,              0.0049,              0.0049
                 172,            0.029587,            0.010091,             0.01356,             0.10236,                   0,             0.61123,             0.37663,             0.42897,             0.14917,            0.051167,             0.01065,            0.015588,             0.10645,                   0,             0.00487,             0.00487,             0.00487
                 173,             0.03036,            0.009974,            0.013241,            0.092104,                   0,             0.70059,             0.38172,             0.41987,              0.1392,            0.052064,            0.010797,            0.015598,             0.11676,                   0,             0.00484,             0.00484,             0.00484
                 174,            0.028777,            0.010097,             0.01338,            0.095384,                   0,             0.74147,             0.40447,             0.43127,             0.14851,            0.051876,            0.010827,            0.015985,             0.11316,                   0,             0.00481,             0.00481,             0.00481
                 175,            0.028492,           0.0099476,            0.013333,            0.094874,                   0,             0.64413,             0.42305,             0.45917,             0.16005,            0.049747,            0.010968,            0.015997,             0.10455,                   0,             0.00478,             0.00478,             0.00478
                 176,            0.028239,            0.009927,            0.013283,            0.093212,                   0,             0.69633,             0.42071,             0.49789,             0.17967,            0.051951,            0.010926,            0.016229,              0.1225,                   0,             0.00475,             0.00475,             0.00475
                 177,            0.027869,           0.0099306,            0.013257,            0.092571,                   0,             0.76581,             0.40122,             0.48294,             0.18225,            0.052752,            0.010903,            0.016309,             0.11615,                   0,             0.00472,             0.00472,             0.00472
                 178,            0.028726,           0.0098697,            0.013459,             0.10486,                   0,             0.61474,             0.30108,             0.35509,              0.1212,            0.051299,            0.010779,            0.015942,             0.11804,                   0,             0.00469,             0.00469,             0.00469
                 179,            0.028381,           0.0098677,            0.013256,            0.092371,                   0,             0.59526,              0.3486,             0.37244,              0.1234,            0.050873,            0.010821,            0.015808,             0.11035,                   0,             0.00466,             0.00466,             0.00466
                 180,            0.027495,           0.0098713,            0.013243,            0.099913,                   0,             0.59074,             0.40343,             0.48796,             0.14738,            0.050438,            0.010686,            0.015802,             0.11359,                   0,             0.00463,             0.00463,             0.00463
                 181,            0.027398,           0.0099911,            0.013448,             0.10551,                   0,             0.73248,             0.48872,             0.56546,             0.18072,            0.050012,            0.010927,            0.016068,              0.1217,                   0,              0.0046,              0.0046,              0.0046
                 182,            0.029439,           0.0099328,            0.013314,            0.099713,                   0,             0.68827,             0.50873,              0.5525,             0.20205,            0.052266,            0.010816,            0.015976,             0.11688,                   0,             0.00457,             0.00457,             0.00457
                 183,             0.02722,           0.0098824,            0.013258,             0.08873,                   0,             0.72369,              0.4014,             0.43976,             0.14797,            0.053183,            0.011076,            0.016345,             0.11682,                   0,             0.00454,             0.00454,             0.00454
                 184,            0.026983,           0.0098491,            0.013336,            0.094637,                   0,             0.74375,             0.35498,              0.4013,             0.13513,            0.051883,            0.010953,            0.016248,             0.10852,                   0,             0.00451,             0.00451,             0.00451
                 185,            0.027612,            0.009843,            0.013323,             0.08943,                   0,              0.7468,             0.39191,             0.47361,             0.18233,            0.052119,            0.010958,            0.016257,             0.12073,                   0,             0.00448,             0.00448,             0.00448
                 186,            0.029044,           0.0098187,            0.013181,            0.092675,                   0,             0.61276,             0.50033,             0.48666,             0.18532,            0.052702,            0.010855,            0.016165,             0.10944,                   0,             0.00445,             0.00445,             0.00445
                 187,             0.02759,           0.0098621,            0.013328,            0.086976,                   0,             0.66888,             0.39546,             0.42683,             0.14155,            0.051624,            0.010908,            0.016608,             0.10675,                   0,             0.00442,             0.00442,             0.00442
                 188,            0.026582,           0.0097839,            0.013191,            0.086488,                   0,             0.69186,             0.44076,             0.45506,             0.16457,            0.052172,            0.010968,            0.016312,             0.11139,                   0,             0.00439,             0.00439,             0.00439
                 189,            0.026938,           0.0097462,            0.013194,            0.095121,                   0,             0.70829,             0.52679,             0.57353,             0.22159,            0.050331,             0.01111,            0.016037,             0.11298,                   0,             0.00436,             0.00436,             0.00436
                 190,            0.026489,           0.0097579,            0.013205,            0.092226,                   0,             0.62116,             0.54312,             0.53901,             0.20592,            0.051191,            0.011074,            0.016089,             0.12091,                   0,             0.00433,             0.00433,             0.00433
                 191,            0.029023,           0.0098734,            0.013262,            0.089254,                   0,             0.63403,             0.58891,               0.575,             0.21597,            0.048573,             0.01086,            0.015704,             0.12213,                   0,              0.0043,              0.0043,              0.0043
                 192,            0.028307,           0.0098245,             0.01331,            0.094885,                   0,             0.72253,             0.60564,              0.6046,             0.20914,            0.052261,             0.01091,            0.016345,             0.11786,                   0,             0.00427,             0.00427,             0.00427
                 193,            0.026323,           0.0098396,            0.013264,            0.094967,                   0,             0.77794,              0.4426,              0.4828,             0.17453,            0.051331,            0.010966,            0.015991,             0.10626,                   0,             0.00424,             0.00424,             0.00424
                 194,            0.027212,           0.0098716,            0.013209,            0.088599,                   0,             0.78042,             0.44508,             0.48809,             0.17449,            0.050421,            0.011058,            0.016449,             0.11566,                   0,             0.00421,             0.00421,             0.00421
                 195,             0.02802,           0.0097386,            0.013241,            0.085233,                   0,             0.79079,             0.44508,             0.51788,             0.19037,            0.050196,            0.010973,             0.01611,             0.11609,                   0,             0.00418,             0.00418,             0.00418
                 196,            0.027864,           0.0097526,            0.013338,            0.087801,                   0,              0.7787,              0.5839,             0.62356,             0.24917,            0.050958,            0.010963,            0.015961,             0.12476,                   0,             0.00415,             0.00415,             0.00415
                 197,            0.026493,           0.0097939,            0.013311,            0.087754,                   0,             0.69306,             0.57525,              0.5986,             0.23143,            0.050555,            0.011043,            0.016193,             0.11487,                   0,             0.00412,             0.00412,             0.00412
                 198,            0.027384,           0.0097531,            0.013265,            0.086362,                   0,             0.71089,             0.56044,             0.53152,             0.19205,            0.048434,            0.010887,            0.015805,             0.11255,                   0,             0.00409,             0.00409,             0.00409
                 199,            0.025618,           0.0097479,            0.013206,            0.090438,                   0,             0.74172,             0.61053,             0.64797,              0.2218,            0.050673,            0.011013,            0.015924,             0.10651,                   0,             0.00406,             0.00406,             0.00406
                 200,            0.027308,           0.0097304,            0.013347,            0.098446,                   0,              0.7371,             0.56294,             0.60787,             0.21698,            0.050853,            0.011119,            0.016104,             0.10846,                   0,             0.00403,             0.00403,             0.00403
                 201,            0.026215,           0.0097046,            0.013246,            0.088685,                   0,             0.78468,             0.58589,             0.62854,             0.22059,            0.049754,            0.010992,            0.016556,             0.12012,                   0,               0.004,               0.004,               0.004
                 202,            0.025851,           0.0096898,            0.013217,             0.08281,                   0,              0.7435,             0.51627,             0.57188,             0.20114,            0.051478,            0.011047,            0.016724,             0.12457,                   0,             0.00397,             0.00397,             0.00397
                 203,             0.02634,           0.0096639,            0.013145,            0.096184,                   0,             0.69111,               0.575,             0.59041,             0.21472,            0.050933,            0.010869,            0.016074,             0.11688,                   0,             0.00394,             0.00394,             0.00394
                 204,            0.027662,            0.009725,            0.013199,             0.08081,                   0,             0.75868,             0.46315,             0.49137,             0.19521,            0.049653,            0.010802,             0.01633,             0.13599,                   0,             0.00391,             0.00391,             0.00391
                 205,            0.026567,           0.0096835,            0.013243,            0.088437,                   0,             0.69013,             0.49532,             0.52063,             0.20482,              0.0503,            0.010832,            0.015976,             0.11401,                   0,             0.00388,             0.00388,             0.00388
                 206,            0.025358,           0.0097143,            0.013443,            0.089633,                   0,             0.73867,             0.53485,             0.59289,             0.23104,            0.050309,            0.011022,            0.016229,             0.11584,                   0,             0.00385,             0.00385,             0.00385
                 207,            0.025317,           0.0096191,            0.013333,            0.087131,                   0,             0.71959,             0.61594,             0.64431,             0.24203,            0.049852,            0.010935,            0.016302,             0.11682,                   0,             0.00382,             0.00382,             0.00382
                 208,            0.026011,           0.0096524,            0.013225,            0.086983,                   0,             0.68655,             0.62295,             0.64796,             0.23914,            0.050572,            0.011002,            0.016446,             0.11371,                   0,             0.00379,             0.00379,             0.00379
                 209,            0.025705,           0.0097175,            0.013256,            0.082843,                   0,             0.74562,             0.58859,             0.63768,             0.22255,            0.049149,             0.01096,            0.016284,             0.11456,                   0,             0.00376,             0.00376,             0.00376
                 210,            0.027284,           0.0097287,             0.01318,            0.089993,                   0,             0.67497,             0.52096,             0.55818,             0.20351,            0.052213,            0.011068,            0.016461,             0.11389,                   0,             0.00373,             0.00373,             0.00373
                 211,            0.027026,           0.0096716,            0.013124,            0.098065,                   0,             0.67695,             0.47149,             0.51206,             0.19136,            0.049994,            0.010993,            0.016415,             0.11456,                   0,              0.0037,              0.0037,              0.0037
                 212,            0.026243,           0.0096241,            0.013139,            0.079592,                   0,             0.76627,             0.40144,             0.43021,             0.16626,            0.050669,            0.010944,            0.016418,             0.11896,                   0,             0.00367,             0.00367,             0.00367
                 213,            0.024956,           0.0095629,            0.013191,            0.076511,                   0,             0.68289,             0.49907,             0.52933,             0.18687,            0.051397,            0.010995,            0.016348,             0.12012,                   0,             0.00364,             0.00364,             0.00364
                 214,            0.025118,            0.009554,            0.013249,            0.081108,                   0,             0.71499,              0.5035,             0.56012,             0.20138,            0.051362,            0.010956,            0.016403,             0.10791,                   0,             0.00361,             0.00361,             0.00361
                 215,            0.025259,           0.0096394,            0.013194,            0.085315,                   0,             0.78273,              0.6298,             0.66879,             0.23561,            0.051151,            0.011124,            0.016385,             0.11041,                   0,             0.00358,             0.00358,             0.00358
                 216,            0.025686,           0.0095837,            0.013207,            0.079356,                   0,              0.7525,             0.68855,             0.68906,             0.26905,            0.050339,            0.011045,            0.016629,             0.12048,                   0,             0.00355,             0.00355,             0.00355
                 217,            0.025011,           0.0095706,            0.013269,             0.09297,                   0,             0.84433,             0.59285,             0.66594,             0.25939,            0.049801,            0.011034,            0.016724,             0.11975,                   0,             0.00352,             0.00352,             0.00352
                 218,            0.025601,           0.0095635,            0.013286,            0.097567,                   0,             0.78018,             0.67414,             0.69286,              0.2667,            0.049581,            0.011018,            0.016669,             0.12122,                   0,             0.00349,             0.00349,             0.00349
                 219,            0.025263,           0.0095667,            0.013193,             0.08535,                   0,              0.7228,             0.62059,             0.64297,             0.23671,            0.051361,            0.011147,            0.016489,             0.12213,                   0,             0.00346,             0.00346,             0.00346
                 220,            0.024813,           0.0095262,             0.01321,            0.075146,                   0,             0.72424,               0.592,             0.63909,             0.23417,             0.05146,            0.011247,            0.017056,             0.12622,                   0,             0.00343,             0.00343,             0.00343
                 221,            0.027015,           0.0095445,            0.013171,            0.085648,                   0,             0.72175,             0.61471,             0.63173,             0.23938,            0.051378,            0.011034,            0.016876,             0.12878,                   0,              0.0034,              0.0034,              0.0034
                 222,            0.024143,           0.0095775,            0.013244,            0.080148,                   0,             0.78994,             0.53674,             0.58766,             0.24019,            0.051425,            0.011072,            0.016959,             0.13379,                   0,             0.00337,             0.00337,             0.00337
                 223,            0.025684,           0.0095681,            0.013288,            0.085716,                   0,             0.73775,             0.61213,              0.5947,             0.24184,            0.050853,             0.01101,            0.016516,             0.12671,                   0,             0.00334,             0.00334,             0.00334
                 224,            0.024347,           0.0095066,             0.01316,            0.082998,                   0,              0.7506,             0.61784,             0.62233,             0.24634,            0.050595,            0.011064,              0.0164,             0.12457,                   0,             0.00331,             0.00331,             0.00331
                 225,            0.023361,           0.0094655,            0.013137,            0.083148,                   0,             0.84097,              0.5829,             0.66649,             0.25842,             0.04984,             0.01095,             0.01629,             0.11725,                   0,             0.00328,             0.00328,             0.00328
                 226,            0.024804,           0.0094085,            0.013155,            0.085563,                   0,             0.78089,             0.61251,             0.64221,             0.25859,            0.050552,            0.011085,            0.016434,             0.11359,                   0,             0.00325,             0.00325,             0.00325
                 227,             0.02381,           0.0095155,            0.013192,            0.074663,                   0,             0.81618,             0.65653,             0.70151,             0.29171,            0.049251,            0.011161,            0.016815,             0.12189,                   0,             0.00322,             0.00322,             0.00322
                 228,            0.026545,           0.0095501,            0.013166,            0.077778,                   0,             0.82701,             0.67908,             0.71554,             0.29586,            0.051166,             0.01115,            0.016541,             0.12433,                   0,             0.00319,             0.00319,             0.00319
                 229,            0.025461,           0.0095322,            0.013165,            0.076216,                   0,             0.78989,             0.68852,             0.72239,             0.28861,            0.050742,            0.011111,             0.01637,             0.12347,                   0,             0.00316,             0.00316,             0.00316
                 230,            0.024339,           0.0095376,            0.013268,            0.080544,                   0,             0.80663,             0.59247,             0.64545,             0.24203,            0.051812,            0.011188,            0.016721,             0.12561,                   0,             0.00313,             0.00313,             0.00313
                 231,            0.024545,           0.0095235,            0.013227,            0.078731,                   0,             0.75417,             0.60456,             0.62314,             0.24064,            0.053331,            0.011296,            0.017038,             0.11572,                   0,              0.0031,              0.0031,              0.0031
                 232,            0.023666,           0.0094937,             0.01324,            0.078827,                   0,             0.73936,             0.63987,             0.65726,             0.25399,            0.050854,            0.011261,              0.0168,              0.1084,                   0,             0.00307,             0.00307,             0.00307
                 233,            0.024641,           0.0095108,             0.01317,              0.0801,                   0,             0.73815,             0.64275,              0.6634,             0.27485,            0.050149,            0.011322,             0.01669,             0.11328,                   0,             0.00304,             0.00304,             0.00304
                 234,            0.024715,           0.0094787,            0.013268,            0.080615,                   0,             0.77591,             0.62027,             0.65109,             0.26029,            0.050708,            0.011343,            0.016727,             0.11737,                   0,             0.00301,             0.00301,             0.00301
                 235,            0.023258,           0.0094965,            0.013295,            0.078308,                   0,             0.81863,             0.59856,             0.63441,              0.2374,            0.051183,             0.01124,            0.016891,             0.11273,                   0,             0.00298,             0.00298,             0.00298
                 236,            0.023669,            0.009436,            0.013279,            0.086119,                   0,              0.7744,             0.61118,             0.60393,             0.22771,            0.050192,            0.011267,            0.016779,             0.11139,                   0,             0.00295,             0.00295,             0.00295
                 237,            0.022848,           0.0094168,            0.013139,            0.084366,                   0,             0.69399,             0.62166,             0.60448,             0.23922,            0.049774,            0.011388,            0.016962,             0.10895,                   0,             0.00292,             0.00292,             0.00292
                 238,            0.023725,           0.0094346,            0.013143,            0.086889,                   0,             0.85091,              0.5984,              0.6416,             0.23963,            0.049651,            0.011301,            0.016824,             0.12292,                   0,             0.00289,             0.00289,             0.00289
                 239,            0.022915,           0.0094066,            0.013197,            0.075467,                   0,             0.79693,             0.57894,              0.6134,             0.24122,            0.051545,            0.011311,             0.01683,             0.12396,                   0,             0.00286,             0.00286,             0.00286
                 240,            0.024734,            0.009416,            0.013157,            0.084421,                   0,             0.83342,             0.57342,             0.62546,             0.23319,            0.050274,            0.011292,            0.016678,             0.11743,                   0,             0.00283,             0.00283,             0.00283
                 241,            0.024373,           0.0094283,            0.013226,            0.081208,                   0,             0.84482,             0.60909,             0.67525,             0.25625,            0.051021,            0.011342,            0.016962,             0.12164,                   0,              0.0028,              0.0028,              0.0028
                 242,            0.022631,           0.0093628,            0.013162,            0.091598,                   0,             0.78107,             0.70078,             0.71333,             0.26621,            0.051338,            0.011414,            0.017236,             0.12427,                   0,             0.00277,             0.00277,             0.00277
                 243,            0.022845,           0.0093837,            0.013141,            0.075661,                   0,             0.85951,             0.65362,             0.72154,             0.27177,            0.050039,             0.01139,            0.017136,             0.12274,                   0,             0.00274,             0.00274,             0.00274
                 244,            0.023534,           0.0093746,            0.013209,            0.079624,                   0,             0.77957,             0.67259,              0.6857,             0.27258,            0.050782,            0.011235,            0.016837,             0.11761,                   0,             0.00271,             0.00271,             0.00271
                 245,              0.0236,           0.0093962,            0.013251,            0.080889,                   0,             0.77182,              0.6505,             0.68419,             0.26383,            0.050444,            0.011192,            0.016818,             0.12134,                   0,             0.00268,             0.00268,             0.00268
                 246,            0.022733,           0.0093249,             0.01315,            0.077674,                   0,             0.82018,             0.63842,             0.66717,             0.26502,            0.050801,            0.011176,            0.016953,              0.1214,                   0,             0.00265,             0.00265,             0.00265
                 247,            0.023003,           0.0093105,            0.013167,            0.083661,                   0,             0.80059,             0.65679,             0.71401,             0.27757,            0.049784,            0.011342,            0.016849,             0.10962,                   0,             0.00262,             0.00262,             0.00262
                 248,            0.022648,           0.0092763,            0.013152,            0.076598,                   0,             0.75425,             0.70808,             0.73797,             0.29163,            0.050766,            0.011337,            0.016837,             0.10919,                   0,             0.00259,             0.00259,             0.00259
                 249,            0.022721,           0.0094244,             0.01337,            0.089193,                   0,             0.83147,             0.65775,             0.66357,             0.25535,            0.051401,            0.011206,            0.016525,             0.11176,                   0,             0.00256,             0.00256,             0.00256
                 250,            0.022182,           0.0092862,            0.013164,            0.077445,                   0,             0.79798,             0.62048,               0.662,             0.25359,            0.051598,            0.011179,            0.016479,             0.12128,                   0,             0.00253,             0.00253,             0.00253
                 251,            0.023556,           0.0094207,            0.013192,            0.083078,                   0,             0.82645,             0.65132,             0.70807,             0.27324,            0.050575,            0.011105,            0.016547,             0.12866,                   0,              0.0025,              0.0025,              0.0025
                 252,            0.023818,           0.0093708,            0.013204,            0.080652,                   0,             0.86249,             0.72673,             0.78982,              0.2946,            0.050206,            0.011106,            0.016595,             0.12622,                   0,             0.00247,             0.00247,             0.00247
                 253,            0.022476,           0.0093163,            0.013118,            0.085061,                   0,             0.87259,             0.70345,              0.7597,             0.29065,            0.051081,            0.011161,            0.017053,             0.13159,                   0,             0.00244,             0.00244,             0.00244
                 254,            0.020773,           0.0092359,            0.013137,            0.074105,                   0,             0.86386,             0.64429,             0.71117,             0.28556,            0.051324,            0.011251,            0.017123,             0.12964,                   0,             0.00241,             0.00241,             0.00241
                 255,            0.021544,           0.0092343,            0.013291,            0.086767,                   0,             0.88352,             0.70245,             0.76159,             0.29351,            0.051075,            0.011427,             0.01698,             0.13098,                   0,             0.00238,             0.00238,             0.00238
                 256,            0.021003,           0.0092236,            0.013178,            0.082037,                   0,             0.85075,              0.6841,             0.74197,             0.27659,            0.051898,            0.011409,            0.017081,             0.13318,                   0,             0.00235,             0.00235,             0.00235
                 257,            0.021301,            0.009244,            0.013196,            0.080965,                   0,             0.84596,             0.68331,             0.72833,             0.28718,            0.050966,            0.011337,            0.016937,             0.12952,                   0,             0.00232,             0.00232,             0.00232
                 258,            0.023224,           0.0092946,             0.01311,            0.080501,                   0,             0.83176,             0.68484,             0.72999,             0.29289,            0.050588,            0.011411,            0.016879,              0.1228,                   0,             0.00229,             0.00229,             0.00229
                 259,            0.022273,           0.0092779,            0.013143,             0.08191,                   0,             0.80891,             0.75316,             0.77418,              0.3205,            0.051548,            0.011298,            0.016745,             0.11859,                   0,             0.00226,             0.00226,             0.00226
                 260,            0.021057,           0.0092245,            0.013076,            0.078034,                   0,              0.7892,             0.74136,             0.73788,             0.30261,            0.050863,            0.011242,            0.016562,             0.11395,                   0,             0.00223,             0.00223,             0.00223
                 261,            0.020467,           0.0090801,            0.013033,            0.077733,                   0,             0.73336,             0.72671,             0.72639,             0.28896,             0.05086,            0.011374,            0.017148,             0.12048,                   0,              0.0022,              0.0022,              0.0022
                 262,            0.022023,           0.0092617,            0.013315,            0.087995,                   0,             0.85014,             0.68468,             0.74631,              0.3038,             0.04981,            0.011382,            0.017096,             0.12457,                   0,             0.00217,             0.00217,             0.00217
                 263,            0.020621,           0.0092068,            0.013235,            0.080662,                   0,               0.779,             0.76044,             0.74439,             0.29312,            0.050934,            0.011458,            0.017114,             0.11914,                   0,             0.00214,             0.00214,             0.00214
                 264,            0.020938,           0.0091884,            0.013145,            0.086475,                   0,             0.82729,             0.67761,             0.68821,             0.27733,            0.051033,            0.011421,            0.017178,             0.11743,                   0,             0.00211,             0.00211,             0.00211
                 265,            0.022773,           0.0092581,            0.013291,            0.086833,                   0,             0.81219,              0.6756,             0.69463,             0.26519,            0.051934,            0.011474,            0.017374,             0.11609,                   0,             0.00208,             0.00208,             0.00208
                 266,            0.019735,           0.0091134,            0.013114,            0.083054,                   0,              0.8971,              0.6337,             0.71227,             0.28874,            0.051502,            0.011514,            0.017062,             0.11505,                   0,             0.00205,             0.00205,             0.00205
                 267,            0.020371,           0.0091671,            0.013087,            0.080751,                   0,             0.81398,             0.68994,              0.7294,             0.29326,            0.050875,              0.0115,            0.016895,             0.11481,                   0,             0.00202,             0.00202,             0.00202
                 268,            0.020554,           0.0091397,            0.013178,            0.087466,                   0,             0.86712,              0.6342,             0.69375,             0.27796,            0.050182,             0.01158,            0.017166,              0.1134,                   0,             0.00199,             0.00199,             0.00199
                 269,            0.021374,           0.0092312,            0.013216,             0.08542,                   0,             0.80518,             0.70762,             0.75397,             0.29937,            0.049534,            0.011566,            0.017178,             0.11462,                   0,             0.00196,             0.00196,             0.00196
                 270,            0.023277,            0.009296,            0.013171,            0.085215,                   0,             0.84406,             0.69097,               0.744,             0.29068,            0.050565,            0.011512,            0.017099,             0.11646,                   0,             0.00193,             0.00193,             0.00193
                 271,            0.022912,           0.0092705,            0.013156,            0.079465,                   0,             0.81833,             0.66365,             0.69177,              0.2897,            0.051778,            0.011421,            0.016983,             0.12195,                   0,              0.0019,              0.0019,              0.0019
                 272,            0.021203,           0.0091932,            0.013202,            0.083007,                   0,             0.85847,             0.66281,             0.71973,             0.29535,            0.050863,             0.01148,            0.017361,             0.12177,                   0,             0.00187,             0.00187,             0.00187
                 273,            0.020542,           0.0091348,            0.013104,            0.075298,                   0,             0.88782,             0.71296,             0.77701,             0.31063,            0.050186,            0.011532,            0.017282,             0.11957,                   0,             0.00184,             0.00184,             0.00184
                 274,            0.020559,           0.0091534,            0.013205,            0.086224,                   0,             0.83254,             0.75043,             0.76785,             0.31348,            0.049529,            0.011506,            0.017273,             0.12286,                   0,             0.00181,             0.00181,             0.00181
                 275,            0.019893,           0.0091732,            0.013182,            0.085522,                   0,             0.87426,             0.72254,             0.76829,             0.30185,             0.05193,            0.011538,            0.017209,             0.12024,                   0,             0.00178,             0.00178,             0.00178
                 276,            0.020128,           0.0091442,            0.013107,            0.083016,                   0,             0.86465,              0.7032,             0.74046,             0.29085,            0.052406,            0.011532,            0.017285,             0.12024,                   0,             0.00175,             0.00175,             0.00175
                 277,            0.020171,           0.0090811,            0.013126,            0.076632,                   0,             0.86579,             0.70419,             0.73717,             0.29632,            0.051039,            0.011593,            0.017435,             0.11664,                   0,             0.00172,             0.00172,             0.00172
                 278,            0.019816,           0.0090353,            0.013092,            0.080052,                   0,             0.86026,             0.74099,             0.75324,             0.30603,             0.05085,            0.011574,            0.017532,             0.11682,                   0,             0.00169,             0.00169,             0.00169
                 279,            0.019111,           0.0090842,            0.013146,            0.077201,                   0,             0.88857,             0.68602,             0.73089,             0.29702,            0.051925,            0.011653,            0.017545,             0.11401,                   0,             0.00166,             0.00166,             0.00166
                 280,            0.020228,           0.0091157,            0.013195,            0.076278,                   0,             0.89528,             0.71867,             0.76863,             0.30802,            0.051698,             0.01159,            0.017401,             0.11078,                   0,             0.00163,             0.00163,             0.00163
                 281,            0.019194,           0.0090208,            0.013075,            0.079348,                   0,             0.88355,             0.80249,             0.80545,             0.32845,            0.050095,            0.011508,            0.017349,             0.11768,                   0,              0.0016,              0.0016,              0.0016
                 282,            0.020243,           0.0090683,            0.013142,            0.078596,                   0,             0.80271,              0.8178,             0.80581,             0.30497,            0.051484,            0.011496,            0.017282,             0.11554,                   0,             0.00157,             0.00157,             0.00157
                 283,            0.020737,            0.009099,            0.013197,            0.079848,                   0,             0.81772,             0.73594,              0.7612,             0.30593,            0.051567,            0.011425,            0.017148,             0.11523,                   0,             0.00154,             0.00154,             0.00154
                 284,            0.019658,           0.0090549,            0.013135,            0.082969,                   0,             0.87358,             0.68339,             0.73571,             0.30606,            0.051247,            0.011472,            0.017319,             0.11371,                   0,             0.00151,             0.00151,             0.00151
                 285,            0.019482,           0.0090563,            0.013218,            0.085143,                   0,             0.88767,             0.71255,             0.76371,             0.30945,            0.049757,            0.011403,            0.017145,             0.11438,                   0,             0.00148,             0.00148,             0.00148
                 286,            0.018472,           0.0090129,            0.013072,            0.075837,                   0,             0.89491,             0.70154,             0.75905,             0.30746,            0.049668,            0.011442,            0.017197,             0.11743,                   0,             0.00145,             0.00145,             0.00145
                 287,            0.020082,           0.0090596,            0.013117,            0.079177,                   0,             0.78114,             0.74047,             0.72091,             0.28144,            0.052408,            0.011496,            0.017368,             0.11603,                   0,             0.00142,             0.00142,             0.00142
                 288,            0.018235,           0.0089144,            0.013086,             0.07711,                   0,             0.86202,             0.73122,             0.76147,              0.3072,            0.051079,            0.011514,            0.017429,             0.11169,                   0,             0.00139,             0.00139,             0.00139
                 289,            0.018804,           0.0089346,            0.013104,            0.074617,                   0,             0.83895,             0.73952,              0.7768,             0.29826,            0.051626,            0.011541,            0.017148,              0.1087,                   0,             0.00136,             0.00136,             0.00136
                 290,            0.018905,           0.0089681,            0.013164,            0.079144,                   0,             0.88511,             0.72962,             0.80022,             0.31649,            0.050787,            0.011587,            0.017209,             0.10828,                   0,             0.00133,             0.00133,             0.00133
                 291,            0.020382,           0.0090299,            0.013204,            0.076937,                   0,             0.79066,             0.75829,             0.75876,             0.30342,            0.050732,            0.011551,            0.017267,             0.10773,                   0,              0.0013,              0.0013,              0.0013
                 292,             0.01738,           0.0089328,            0.013142,            0.077082,                   0,             0.79092,             0.72675,             0.72428,             0.29839,            0.050829,            0.011517,            0.017197,             0.10706,                   0,             0.00127,             0.00127,             0.00127
                 293,            0.018941,           0.0090197,            0.013188,            0.081711,                   0,              0.8203,              0.7402,             0.74012,             0.30983,            0.051453,            0.011567,            0.017255,             0.11346,                   0,             0.00124,             0.00124,             0.00124
                 294,            0.017637,           0.0089757,            0.013079,            0.081713,                   0,             0.85816,             0.72599,             0.75969,             0.31366,            0.051456,            0.011588,            0.017252,             0.11737,                   0,             0.00121,             0.00121,             0.00121
                 295,            0.018026,           0.0089241,            0.013036,            0.078311,                   0,             0.82478,             0.68753,             0.73125,             0.30522,              0.0513,            0.011587,            0.017294,             0.11761,                   0,             0.00118,             0.00118,             0.00118
                 296,            0.019254,           0.0090513,            0.013133,            0.084001,                   0,             0.82445,             0.72874,             0.75918,             0.30509,            0.051905,            0.011677,            0.017432,             0.11584,                   0,             0.00115,             0.00115,             0.00115
                 297,            0.017765,           0.0089838,            0.013144,            0.080585,                   0,             0.79297,             0.72936,             0.74714,             0.30438,            0.051743,            0.011651,            0.017352,             0.11798,                   0,             0.00112,             0.00112,             0.00112
                 298,             0.01753,           0.0089072,            0.013082,            0.083075,                   0,             0.83144,             0.74107,             0.75993,             0.32365,            0.050554,            0.011687,             0.01723,             0.12024,                   0,             0.00109,             0.00109,             0.00109
                 299,            0.019303,           0.0089271,            0.013061,            0.073558,                   0,             0.79869,             0.73266,             0.73572,             0.29999,            0.051117,             0.01178,             0.01731,             0.11786,                   0,             0.00106,             0.00106,             0.00106
